	Ar	Gata3	Klf5	Klf7	Maz	Mecom	Nfe2	Pou2f2	Prdm16	Stat1	Zfp148
1110065p20rik	0	0	-1.0	0	-1.0	0	0	-1.0	0	0	-1.0
1700001l05rik	0	0	0	0	0	0	0	1.0	0	0	0
1700025g04rik	0	0	0	0	-1.0	0	0	0	0	-1.0	-1.0
1700034j05rik	0	0	0	0	0	0	0	0	0	0	-1.0
1810011h11rik	1.0	0	0	0	0	0	0	0	0	0	0
2310007l24rik	0	0	0	0	-1.0	0	0	0	0	0	0
2310011j03rik	0	0	-1.0	0	0	0	0	0	0	0	0
2510009e07rik	0	0	0	0	0	0	1.0	0	0	0	0
2610020h08rik	1.0	0	0	0	0	0	0	0	0	0	0
2810474o19rik	0	0	0	0	0	1.0	0	0	0	0	0
2900005j15rik	0	0	0	0	0	0	0	0	0	0	-1.0
4930412o13rik	0	1.0	0	0	0	0	0	0	0	0	0
4930523c07rik	0	1.0	0	0	0	0	1.0	0	0	0	0
4930594c11rik	0	0	0	0	0	-1.0	0	0	0	0	0
4931406p16rik	0	0	0	0	-1.0	0	0	0	0	0	-1.0
4931440p22rik	0	0	0	0	0	0	1.0	0	0	0	0
4932438h23rik	0	0	0	0	0	0	1.0	0	0	0	0
4933426m11rik	0	0	0	0	0	1.0	0	0	0	0	0
5830416p10rik	0	0	0	0	0	-1.0	0	-1.0	0	0	0
6330403a02rik	0	0	0	-1.0	0	0	0	0	0	0	0
8430419l09rik	0	1.0	0	0	0	0	0	0	0	0	0
9030617o03rik	1.0	1.0	0	0	0	0	1.0	0	0	0	0
9130019p16rik	0	0	0	0	0	0	0	1.0	0	0	0
9930021j03rik	0	0	0	0	0	0	0	1.0	0	0	0
A4galt	0	0	0	0	0	0	1.0	0	0	0	0
A630089n07rik	0	0	0	0	0	0	1.0	0	0	0	0
A830080d01rik	0	-1.0	0	0	0	0	0	0	0	0	0
Abca1	0	0	0	0	0	0	0	-1.0	0	-1.0	0
Abcb9	0	0	0	0	0	0	1.0	1.0	0	0	0
Abcc4	0	0	0	0	0	1.0	1.0	1.0	0	0	0
Abhd2	0	0	0	0	0	0	0	0	0	-1.0	0
Abhd6	0	0	0	0	0	0	0	1.0	0	0	0
Abi2	0	0	0	0	0	1.0	0	0	0	0	0
Abtb2	0	0	0	0	0	0	0	-1.0	0	-1.0	0
Acacb	0	0	0	-1.0	0	0	0	-1.0	0	0	0
Acbd7	0	0	0	0	0	0	1.0	0	0	0	0
Acer2	1.0	0	0	0	0	0	1.0	1.0	0	0	0
Acot11	0	0	0	0	0	0	1.0	0	0	0	0
Acoxl	0	0	0	0	0	1.0	1.0	1.0	0	0	0
Acsl3	0	0	0	0	0	0	0	1.0	0	0	0
Acss1	0	0	0	0	0	0	1.0	0	0	0	0
Actg1	0	0	0	0	0	0	0	0	0	-1.0	0
Actr8	1.0	0	0	0	0	0	1.0	0	0	0	0
Adam10	0	0	0	0	0	0	1.0	0	0	0	0
Adam12	0	0	0	0	0	1.0	1.0	0	0	0	0
Adam19	0	0	0	0	0	1.0	1.0	1.0	0	0	0
Adamts4	0	-1.0	0	0	0	0	0	0	0	0	0
Adamts6	0	0	0	0	0	0	1.0	0	0	0	0
Adcy4	0	0	-1.0	0	-1.0	0	0	0	0	0	0
Adcy9	0	0	0	0	0	0	1.0	0	0	0	0
Add3	1.0	0	0	0	0	0	0	0	0	0	0
Aff1	0	-1.0	0	0	0	0	0	0	0	0	0
Aff4	0	0	0	0	0	1.0	1.0	0	0	0	0
Agpat4	0	0	0	0	-1.0	0	0	-1.0	0	0	-1.0
Agpat5	0	0	0	0	0	0	0	0	0	-1.0	0
Agpat9	0	0	-1.0	0	0	0	0	0	0	0	-1.0
Ahcyl2	0	1.0	0	0	0	0	1.0	0	0	0	0
Ahr	0	0	0	0	0	0	1.0	0	0	0	0
Ahrr	0	0	0	0	0	0	1.0	0	0	0	0
Ai504432	0	0	0	0	0	0	0	1.0	0	0	0
Ak129341	0	0	-1.0	0	0	0	0	0	0	0	0
Akap7	1.0	0	0	0	0	0	0	1.0	0	0	0
Akr1c13	1.0	0	0	0	0	0	0	0	0	0	0
Alcam	0	0	0	0	0	0	0	0	0	-1.0	0
Aldh9a1	0	0	0	0	0	0	0	1.0	0	0	0
Alkbh4	0	0	0	0	0	-1.0	0	0	0	-1.0	0
Amph	0	0	0	0	0	0	0	1.0	0	0	0
Angpt1	0	1.0	0	0	0	0	1.0	1.0	0	0	0
Angptl1	0	0	0	0	0	0	0	1.0	0	0	0
Ankmy2	0	0	0	0	0	0	1.0	0	0	0	0
Ankrd12	0	1.0	0	0	0	0	0	0	0	0	0
Ankrd27	0	0	0	0	0	0	0	1.0	0	0	0
Ankrd39	0	0	0	0	-1.0	0	0	0	0	0	0
Ankrd6	0	1.0	0	0	0	0	1.0	1.0	0	0	0
Ano10	0	0	0	0	0	0	0	-1.0	0	0	0
Anp32b	0	1.0	0	0	0	0	0	1.0	0	0	0
Anxa2	0	0	0	-1.0	0	0	0	0	0	0	0
Ap1s1	1.0	0	0	0	0	0	0	0	0	0	0
Ap1s3	0	1.0	0	0	0	0	0	1.0	0	0	0
Ap3s1	0	1.0	0	0	0	0	0	0	0	0	0
Apol7e	0	-1.0	0	0	0	0	0	0	0	0	0
Ar	0	0	0	0	0	0	1.0	1.0	0	0	0
Arhgap15	1.0	1.0	0	0	0	0	1.0	0	0	0	0
Arhgap20	0	0	-1.0	0	0	0	0	0	0	0	0
Arhgap21	0	-1.0	0	0	0	-1.0	0	0	0	0	0
Arhgap26	0	-1.0	-1.0	0	0	0	0	-1.0	0	0	0
Arhgap31	0	-1.0	-1.0	0	0	-1.0	0	0	0	-1.0	-1.0
Arhgap4	0	0	0	0	0	0	0	1.0	0	0	0
Arhgap5	0	1.0	0	0	0	0	0	0	0	0	0
Arhgef10l	0	0	0	0	0	1.0	0	0	0	0	0
Arhgef6	1.0	0	0	0	0	0	1.0	1.0	0	0	0
Arhgef9	0	1.0	0	0	0	1.0	0	0	0	0	0
Arl15	0	0	0	0	0	0	1.0	0	0	0	0
Arl5a	0	1.0	0	0	0	0	0	0	0	0	0
Armc7	0	0	0	0	0	0	0	0	0	-1.0	0
Armcx4	0	0	0	0	0	0	1.0	0	0	0	0
Arnt2	0	0	0	0	0	-1.0	0	0	0	0	0
Art2b	0	1.0	0	0	0	0	1.0	0	0	0	0
Asah1	0	0	0	0	0	0	1.0	0	0	0	0
Asap1	0	0	0	0	0	0	0	-1.0	0	0	0
Asb2	0	1.0	0	0	0	1.0	0	0	0	0	0
Asns	0	0	0	-1.0	0	0	0	0	0	0	0
Asph	0	0	0	0	0	0	0	-1.0	0	-1.0	0
Asxl2	1.0	1.0	0	0	0	0	0	0	0	0	0
Atg2a	0	0	0	-1.0	0	0	0	0	0	0	0
Atg4c	0	0	0	0	0	0	1.0	0	0	0	0
Atn1	0	1.0	0	0	0	0	0	1.0	0	0	0
Atp10a	0	-1.0	0	0	0	0	0	0	0	-1.0	0
Atp10d	0	0	0	0	0	1.0	0	0	0	0	0
Atp13a3	1.0	0	0	0	0	0	0	0	0	0	0
Atp2b1	0	0	0	0	0	0	0	1.0	0	0	0
Atp6v0a1	0	0	0	0	0	0	0	1.0	0	0	0
Atp6v1g3	0	0	0	0	0	0	0	0	0	-1.0	0
Atp8a1	1.0	0	0	0	0	1.0	1.0	0	0	0	0
Atp8a2	0	1.0	0	0	0	0	1.0	0	0	0	0
Atxn1	0	1.0	0	0	0	0	1.0	1.0	0	0	0
Atxn10	0	0	0	0	0	0	1.0	0	0	0	0
Auts2	0	0	0	0	0	0	0	0	0	0	-1.0
Avpi1	0	0	0	0	-1.0	0	0	-1.0	0	-1.0	0
B230118h07rik	0	0	0	0	0	0	1.0	1.0	0	0	0
B3galt2	0	0	0	0	0	1.0	0	1.0	0	0	0
B3galt4	0	0	0	0	-1.0	0	0	0	0	0	-1.0
B3galt5	0	0	0	0	-1.0	0	0	0	0	0	0
B4galnt1	0	0	0	0	0	0	0	0	0	0	-1.0
B4galnt4	0	0	-1.0	0	-1.0	0	0	0	0	0	0
B4galt1	0	1.0	0	0	0	0	1.0	0	0	0	0
B4galt5	0	0	-1.0	-1.0	-1.0	0	0	-1.0	0	-1.0	0
Bach2	0	-1.0	0	0	0	0	0	0	0	-1.0	0
Baiap2	0	0	0	0	0	0	0	-1.0	0	0	0
Baiap2l1	0	0	0	-1.0	0	0	0	0	0	0	0
Basp1	0	0	0	0	0	1.0	0	1.0	0	0	0
Bbs9	1.0	1.0	0	0	0	1.0	1.0	0	0	0	0
Bbx	0	0	0	0	0	1.0	0	0	0	0	0
Bc022687	0	0	0	-1.0	0	0	0	0	0	0	0
Bc030336	0	0	0	0	0	0	0	0	0	-1.0	0
Bc035044	0	-1.0	0	0	0	0	0	0	0	-1.0	0
Bc053393	0	0	0	0	0	0	0	0	0	-1.0	0
Bcl11b	0	0	0	0	0	0	1.0	0	0	0	0
Bcl2l11	0	0	0	0	-1.0	0	0	0	0	0	0
Bcl6	0	0	-1.0	0	-1.0	-1.0	0	-1.0	0	-1.0	-1.0
Bdh1	1.0	0	0	0	0	0	1.0	0	0	0	0
Bend4	0	0	-1.0	-1.0	0	0	0	0	0	0	-1.0
Bet1l	0	0	0	0	0	0	0	-1.0	0	0	-1.0
Bivm	0	0	0	0	0	0	0	1.0	0	0	0
Bmp2	0	1.0	0	0	0	0	0	0	0	0	0
Bmp4	0	0	0	0	-1.0	0	0	0	0	0	0
Bmp7	0	0	0	0	0	0	0	1.0	0	0	0
Bri3bp	0	0	0	0	0	0	0	1.0	0	0	0
Bsn	0	0	-1.0	-1.0	0	0	0	-1.0	0	0	0
Bst2	0	0	0	-1.0	0	0	0	-1.0	0	0	0
Btbd11	0	-1.0	0	0	0	0	0	0	0	0	0
Btbd19	0	0	0	0	0	0	1.0	0	0	0	0
Btf3l4	0	1.0	0	0	0	0	0	1.0	0	0	0
Btla	1.0	1.0	0	0	0	1.0	1.0	0	0	0	0
Bzw2	0	1.0	0	0	0	0	1.0	0	0	0	0
C030034l19rik	1.0	0	0	0	0	0	1.0	0	0	0	0
C2	1.0	0	0	0	0	0	0	0	0	0	0
C2cd2	0	0	0	0	0	0	0	0	0	0	-1.0
Cacna1a	0	0	0	0	0	0	1.0	0	0	0	0
Cacna1d	0	1.0	0	0	0	0	1.0	0	0	0	0
Calca	1.0	0	0	0	0	0	0	0	0	0	0
Calcrl	0	1.0	0	0	0	0	0	0	0	0	0
Calm1	0	0	0	0	-1.0	0	0	0	0	0	-1.0
Camk2d	1.0	1.0	0	0	0	0	1.0	1.0	0	0	0
Camk2g	1.0	1.0	0	0	0	1.0	1.0	1.0	0	0	0
Camkk1	0	0	0	0	0	0	0	1.0	0	0	0
Car8	0	0	0	0	0	1.0	1.0	0	0	0	0
Card10	0	0	-1.0	-1.0	0	0	0	0	0	0	0
Casc4	0	0	0	0	0	0	0	1.0	0	0	0
Cask	0	1.0	0	0	0	0	0	1.0	0	0	0
Casp3	0	0	0	0	0	-1.0	0	0	0	0	0
Cass4	0	1.0	0	0	0	1.0	0	1.0	0	0	0
Cblb	0	-1.0	0	0	0	-1.0	0	0	-1.0	-1.0	0
Cbx7	0	0	0	0	0	0	1.0	0	0	0	0
Ccdc11	0	0	0	0	0	0	1.0	0	0	0	0
Ccdc114	0	0	-1.0	-1.0	-1.0	0	0	0	0	0	0
Ccdc150	0	0	0	0	0	0	1.0	0	0	0	0
Ccdc162	0	-1.0	0	0	-1.0	0	0	-1.0	0	0	0
Ccdc22	0	0	0	0	0	0	0	1.0	0	0	0
Ccdc25	0	0	-1.0	0	0	0	0	0	0	0	0
Ccdc53	1.0	0	0	0	0	0	0	0	0	0	0
Ccdc64	0	0	0	-1.0	0	0	0	-1.0	0	-1.0	0
Ccl1	0	1.0	0	0	0	0	0	0	0	0	0
Ccl17	0	-1.0	0	0	0	-1.0	0	0	-1.0	0	0
Ccl5	0	0	0	0	0	0	0	-1.0	0	0	0
Ccnd2	0	1.0	0	0	0	1.0	0	1.0	0	0	0
Ccnd3	0	0	0	0	-1.0	0	0	0	0	-1.0	-1.0
Ccr7	0	0	0	0	0	0	0	0	0	-1.0	0
Ccr8	1.0	1.0	0	0	0	0	0	1.0	0	0	0
Ccr9	0	0	0	0	0	0	1.0	0	0	0	0
Ccrl2	0	0	0	0	0	1.0	0	0	0	0	0
Ccrn4l	0	-1.0	0	0	0	-1.0	0	0	0	0	0
Cd164	0	0	0	0	0	0	0	-1.0	0	0	0
Cd226	0	1.0	0	0	0	0	0	0	0	0	0
Cd247	0	0	0	0	0	0	0	0	0	-1.0	0
Cd27	0	0	0	0	0	1.0	0	0	0	0	0
Cd2ap	0	0	0	0	0	1.0	0	0	0	0	0
Cd36	0	-1.0	0	0	0	0	0	0	0	0	0
Cd40	0	0	0	-1.0	0	0	0	0	0	0	0
Cd52	0	1.0	0	0	0	0	0	0	0	0	0
Cd55	0	0	-1.0	0	0	0	0	-1.0	0	0	0
Cd59a	0	0	0	-1.0	0	0	0	0	0	0	0
Cd6	0	0	0	0	0	0	1.0	0	0	0	0
Cd68	0	0	-1.0	-1.0	0	0	0	0	0	0	-1.0
Cd69	0	1.0	0	0	0	0	0	0	0	0	0
Cd7	0	0	0	0	0	-1.0	0	0	-1.0	0	0
Cd72	0	1.0	0	0	0	0	1.0	0	0	0	0
Cd82	0	0	0	-1.0	-1.0	-1.0	0	-1.0	0	-1.0	0
Cd9	0	0	0	0	0	-1.0	0	0	0	0	0
Cdc14a	0	-1.0	0	0	0	0	0	-1.0	0	0	-1.0
Cdc42se1	0	0	0	0	-1.0	0	0	0	0	0	-1.0
Cdh23	0	-1.0	0	0	-1.0	0	0	-1.0	0	-1.0	-1.0
Cdk14	0	0	-1.0	0	0	0	0	-1.0	0	0	0
Cdk6	1.0	1.0	0	0	0	0	1.0	1.0	0	0	0
Cdk8	0	0	0	0	0	0	1.0	0	0	0	0
Cdkl3	0	0	0	0	0	0	0	1.0	0	0	0
Cdkn1a	0	0	0	0	0	0	0	0	0	-1.0	0
Cdkn1c	0	0	-1.0	-1.0	0	0	0	-1.0	0	0	-1.0
Cdon	0	0	0	0	0	0	0	1.0	0	0	0
Cela1	0	0	0	0	0	0	1.0	0	0	0	0
Celf2	0	-1.0	0	0	0	0	0	0	0	0	0
Celsr1	0	0	0	0	0	1.0	0	0	0	0	0
Celsr2	0	1.0	0	0	0	0	0	0	0	0	0
Cenpf	0	1.0	0	0	0	0	0	0	0	0	0
Cenpn	0	1.0	0	0	0	0	0	0	0	0	0
Cep290	0	1.0	0	0	0	0	0	0	0	0	0
Cep63	0	0	0	0	0	0	1.0	0	0	0	0
Cercam	0	0	-1.0	0	0	0	0	0	0	0	0
Chchd10	0	0	-1.0	0	0	0	0	0	0	0	-1.0
Chd3	0	0	0	0	0	0	0	1.0	0	0	0
Chd7	0	0	0	0	0	0	1.0	0	0	0	0
Chdh	1.0	1.0	0	0	0	0	1.0	1.0	0	0	0
Chic1	0	1.0	0	0	0	1.0	0	0	0	0	0
Chm	0	1.0	0	0	0	0	1.0	0	0	0	0
Chn2	0	1.0	0	0	0	0	1.0	1.0	0	0	0
Chrm4	0	0	-1.0	0	0	0	0	0	0	0	-1.0
Chrne	0	0	0	0	0	0	0	1.0	0	0	0
Chst11	0	0	0	0	-1.0	0	0	0	0	-1.0	0
Chst12	0	0	0	-1.0	0	0	0	0	0	0	0
Chst15	1.0	0	0	0	0	1.0	0	0	0	0	0
Chsy3	0	1.0	0	0	0	0	0	1.0	0	0	0
Clcf1	0	0	0	0	-1.0	0	0	0	0	0	-1.0
Clcn2	0	0	0	0	-1.0	0	0	0	0	0	-1.0
Cldn10	0	0	0	0	-1.0	0	0	0	0	0	-1.0
Clec16a	0	1.0	0	0	0	1.0	1.0	1.0	0	0	0
Clic4	0	0	0	-1.0	-1.0	0	0	0	0	0	0
Clip1	1.0	1.0	0	0	0	0	1.0	0	0	0	0
Clip2	0	0	0	0	-1.0	0	0	0	0	0	0
Cln3	0	1.0	0	0	0	1.0	0	0	0	0	0
Cmas	0	-1.0	0	0	0	0	0	0	0	0	0
Cmklr1	0	0	0	0	-1.0	0	0	0	0	0	0
Cnksr3	0	0	-1.0	-1.0	0	-1.0	0	0	0	0	-1.0
Cnn2	0	0	0	0	0	0	0	1.0	0	0	0
Cnot6l	1.0	0	0	0	0	0	1.0	1.0	0	0	0
Cnpy2	0	1.0	0	0	0	0	0	0	0	0	0
Cnr2	0	1.0	0	0	0	0	1.0	0	0	0	0
Cntln	0	0	0	0	0	0	0	1.0	0	0	0
Coasy	0	0	0	0	0	0	1.0	0	0	0	0
Cog5	0	1.0	0	0	0	0	0	0	0	0	0
Col25a1	0	0	0	0	0	0	0	-1.0	0	0	0
Col27a1	0	0	0	0	0	0	0	-1.0	0	0	0
Colq	0	0	0	0	0	0	0	0	0	-1.0	0
Coro2a	1.0	0	0	0	0	0	1.0	0	0	0	0
Cox10	0	0	0	0	0	0	0	1.0	0	0	0
Cpb1	0	-1.0	0	0	0	0	0	0	0	0	0
Cpe	0	-1.0	0	0	0	0	0	0	0	-1.0	0
Cpm	1.0	0	0	0	0	1.0	1.0	0	0	0	0
Cpped1	1.0	0	0	0	0	0	0	0	0	0	0
Cpt1a	0	0	0	0	0	0	0	1.0	0	0	0
Creb3l1	0	1.0	0	0	0	0	0	0	0	0	0
Crem	0	0	0	0	-1.0	0	0	0	0	0	0
Crip1	0	0	0	-1.0	0	0	0	0	0	0	0
Crtc2	0	0	0	0	0	0	0	0	0	0	-1.0
Crtc3	0	1.0	0	0	0	0	0	1.0	0	0	0
Cry1	0	0	0	0	0	-1.0	0	-1.0	-1.0	-1.0	0
Cryba4	0	0	0	-1.0	0	0	0	0	0	0	-1.0
Csmd1	0	-1.0	0	0	0	-1.0	0	0	-1.0	0	0
Csnk1d	0	0	0	0	-1.0	0	0	0	0	0	-1.0
Csnk2b	0	0	-1.0	-1.0	0	0	0	0	0	0	0
Csrnp1	0	0	0	0	0	0	0	1.0	0	0	0
Cstad	0	0	0	0	0	0	0	0	0	-1.0	0
Ctage5	0	0	0	0	0	0	1.0	0	0	0	0
Ctnnb1	0	0	-1.0	0	0	0	0	0	0	0	0
Ctsd	0	0	0	0	0	0	1.0	0	0	0	0
Ctse	0	1.0	0	0	0	0	0	0	0	0	0
Ctsz	0	0	0	0	0	0	1.0	0	0	0	0
Cuedc1	0	0	0	0	0	0	0	1.0	0	0	0
Cx3cr1	0	1.0	0	0	0	0	0	1.0	0	0	0
Cxcl11	0	1.0	0	0	0	0	0	0	0	0	0
Cxcl9	0	-1.0	0	0	0	0	0	0	0	0	0
Cxcr5	0	0	0	0	0	0	0	0	0	0	-1.0
Cxxc5	0	0	0	0	-1.0	0	0	0	0	0	0
Cyb5	1.0	0	0	0	0	0	0	0	0	0	0
Cyb561d1	0	0	0	0	0	0	0	0	0	0	-1.0
Cybb	0	1.0	0	0	0	1.0	1.0	1.0	0	0	0
Cyp2d22	0	1.0	0	0	0	0	0	0	0	0	0
Cyp51	0	0	0	0	0	1.0	0	0	0	0	0
Cysltr1	0	1.0	0	0	0	1.0	0	1.0	0	0	0
Cyth1	0	0	0	0	-1.0	0	0	-1.0	0	0	0
Cyth3	0	0	0	0	0	0	1.0	0	0	0	0
Cyth4	0	0	0	-1.0	-1.0	0	0	0	0	0	0
D030028a08rik	0	0	0	0	0	0	1.0	0	0	0	0
D17h6s53e	0	0	-1.0	-1.0	0	0	0	0	0	0	0
D330045a20rik	0	0	0	0	0	1.0	0	1.0	0	0	0
D630039a03rik	0	0	0	0	0	1.0	0	0	0	0	0
D630041g03rik	0	0	0	-1.0	0	0	0	0	0	0	0
D830031n03rik	0	0	0	0	0	0	0	1.0	0	0	0
D930015e06rik	0	0	-1.0	0	0	0	0	0	0	0	0
Daam1	0	0	0	0	0	-1.0	0	0	-1.0	0	-1.0
Dagla	0	0	0	0	0	0	0	0	0	-1.0	0
Dapk2	0	0	0	0	-1.0	0	0	-1.0	0	-1.0	-1.0
Dapp1	0	1.0	0	0	0	0	1.0	0	0	0	0
Dars	0	0	0	0	0	0	1.0	0	0	0	0
Dars2	0	0	0	0	-1.0	0	0	0	0	0	0
Dcaf17	0	0	0	0	0	0	0	1.0	0	0	0
Dctn6	0	1.0	0	0	0	1.0	0	1.0	0	0	0
Dcun1d4	0	0	0	0	0	0	0	0	0	-1.0	0
Ddit4	1.0	0	0	0	0	0	0	0	0	0	0
Ddx26b	0	0	0	0	0	-1.0	0	0	0	0	0
Ddx60	0	1.0	0	0	0	1.0	0	0	0	0	0
Decr1	0	0	0	0	0	0	1.0	1.0	0	0	0
Dedd2	0	0	0	0	0	0	0	-1.0	0	0	0
Dennd4a	0	0	0	0	0	-1.0	0	0	0	0	0
Deptor	1.0	1.0	0	0	0	0	1.0	0	0	0	0
Dgat1	0	-1.0	0	0	0	0	0	0	0	0	0
Dgat2	1.0	0	0	0	0	0	0	0	0	0	0
Dgcr6	0	1.0	0	0	0	0	0	0	0	0	0
Dgkh	0	0	0	-1.0	0	0	0	-1.0	0	0	0
Dhrs3	0	-1.0	0	0	0	0	0	0	0	-1.0	-1.0
Dhx37	0	0	0	0	0	0	0	-1.0	0	0	0
Diap1	0	-1.0	0	0	0	0	0	0	0	0	0
Diap2	0	0	0	0	-1.0	0	0	-1.0	0	-1.0	-1.0
Diap3	0	0	0	0	0	0	1.0	0	0	0	0
Dip2a	0	0	0	0	0	0	0	1.0	0	0	0
Dkk3	0	0	0	0	0	0	1.0	0	0	0	0
Dlc1	0	-1.0	0	0	0	-1.0	0	0	0	-1.0	0
Dnajb5	0	0	-1.0	-1.0	-1.0	0	0	-1.0	0	0	-1.0
Dnajc15	0	0	0	0	0	-1.0	0	0	0	0	0
Dnmbp	0	0	0	0	0	0	1.0	0	0	0	0
Dnmt3a	1.0	0	0	0	0	0	1.0	0	0	0	0
Dock1	0	0	0	0	0	1.0	0	0	0	0	0
Dock9	0	-1.0	0	0	0	0	0	0	0	0	0
Dopey2	0	-1.0	-1.0	-1.0	0	0	0	-1.0	0	-1.0	-1.0
Dpp4	1.0	1.0	0	0	0	1.0	1.0	0	0	0	0
Dpy19l3	0	0	0	0	0	1.0	0	0	0	0	0
Dpysl5	0	0	0	0	0	0	0	0	0	0	-1.0
Drosha	0	1.0	0	0	0	0	0	0	0	0	0
Dscam	0	0	0	0	0	0	0	0	0	-1.0	0
Dthd1	0	-1.0	0	0	0	0	0	0	0	-1.0	0
Dtnbp1	0	1.0	0	0	0	0	0	0	0	0	0
Dtx1	0	0	0	0	0	0	1.0	0	0	0	0
Dtx4	0	0	0	0	0	0	0	-1.0	0	-1.0	0
Dusp5	0	0	0	0	0	0	0	0	0	0	-1.0
Dusp6	0	0	0	0	-1.0	0	0	-1.0	0	0	-1.0
Dusp8	0	0	-1.0	0	0	0	0	0	0	0	0
Dyrk2	0	0	0	0	0	0	0	-1.0	0	0	-1.0
Dyrk3	0	0	0	0	0	0	1.0	1.0	0	0	0
E2f8	0	0	0	0	0	0	0	1.0	0	0	0
Ebag9	1.0	0	0	0	0	0	0	0	0	0	0
Ece1	0	0	-1.0	-1.0	0	0	0	0	0	0	0
Echdc3	0	-1.0	0	0	0	0	0	0	0	0	0
Eef2k	0	0	0	-1.0	-1.0	-1.0	0	0	0	0	0
Eepd1	0	0	0	0	0	0	0	1.0	0	0	0
Efna5	1.0	1.0	0	0	0	0	1.0	0	0	0	0
Ehd3	1.0	0	0	0	0	0	0	1.0	0	0	0
Eid3	0	0	0	-1.0	0	0	0	0	0	0	-1.0
Eif2d	0	1.0	0	0	0	0	0	1.0	0	0	0
Eif4ebp1	1.0	0	0	0	0	0	0	0	0	0	0
Elf1	0	0	0	0	0	1.0	1.0	0	0	0	0
Ell	0	0	0	-1.0	0	0	0	0	0	0	0
Elmo1	0	-1.0	0	0	0	-1.0	0	-1.0	0	0	0
Emp3	0	0	0	0	0	0	1.0	0	0	0	0
Enpp1	0	0	0	0	0	0	0	0	0	-1.0	0
Entpd1	0	0	0	0	0	0	0	0	0	-1.0	-1.0
Entpd3	0	0	0	0	0	0	1.0	0	0	0	0
Epas1	1.0	1.0	0	0	0	1.0	1.0	1.0	0	0	0
Epb4.1	0	-1.0	0	0	0	0	0	-1.0	0	-1.0	0
Epb4.1l1	0	0	0	0	0	0	1.0	0	0	0	0
Epb4.1l4a	0	1.0	0	0	0	0	0	1.0	0	0	0
Epha4	0	-1.0	0	0	0	0	0	0	0	0	0
Ephb6	0	0	0	0	0	0	0	1.0	0	0	0
Erc1	0	0	0	0	0	0	1.0	0	0	0	0
Ern1	0	0	0	-1.0	0	0	0	0	0	0	0
Ero1l	0	0	0	0	0	1.0	0	0	0	0	0
Espn	1.0	0	0	0	0	0	0	1.0	0	0	0
Esrra	0	0	0	-1.0	0	0	0	0	0	0	0
Etnk2	0	0	-1.0	0	0	0	0	0	0	0	-1.0
Ets1	0	-1.0	0	0	0	-1.0	0	-1.0	-1.0	-1.0	-1.0
Ets2	0	1.0	0	0	0	0	0	0	0	0	0
Etv3	1.0	0	0	0	0	0	0	0	0	0	0
Etv6	1.0	1.0	0	0	0	1.0	1.0	1.0	0	0	0
Evi5	1.0	1.0	0	0	0	0	0	0	0	0	0
Exoc4	1.0	0	0	0	0	0	0	1.0	0	0	0
Exoc6b	0	0	0	0	0	0	1.0	0	0	0	0
Exosc8	1.0	0	0	0	0	0	0	0	0	0	0
Eya1	0	0	0	0	0	0	0	-1.0	0	0	0
Ezh2	0	0	0	0	0	0	1.0	0	0	0	0
Ezr	0	-1.0	-1.0	0	0	0	0	0	0	0	0
Fads1	0	0	0	0	0	0	1.0	0	0	0	0
Fah	0	0	0	0	0	0	0	-1.0	0	0	0
Fam102a	0	0	0	0	0	0	1.0	0	0	0	0
Fam110a	0	0	0	0	0	0	0	0	0	0	-1.0
Fam117a	0	0	0	0	0	0	0	1.0	0	0	0
Fam118b	0	0	0	0	0	1.0	0	0	0	0	0
Fam124b	0	-1.0	0	0	0	0	0	0	0	0	0
Fam135a	0	0	-1.0	-1.0	-1.0	0	0	0	0	0	-1.0
Fam166a	0	0	-1.0	-1.0	-1.0	0	0	0	0	0	-1.0
Fam169b	0	0	0	0	0	0	1.0	0	0	0	0
Fam184a	0	0	0	0	-1.0	0	0	0	0	0	0
Fam184b	0	0	0	0	0	0	1.0	0	0	0	0
Fam3c	0	0	0	0	0	1.0	0	1.0	0	0	0
Fam49a	0	-1.0	0	0	0	-1.0	0	0	-1.0	0	0
Fam65b	0	0	0	0	-1.0	-1.0	0	-1.0	-1.0	-1.0	0
Fam69a	0	1.0	0	0	0	1.0	1.0	0	0	0	0
Fancg	0	0	0	0	0	0	1.0	0	0	0	0
Farp1	0	0	0	0	-1.0	0	0	0	0	0	-1.0
Fars2	0	1.0	0	0	0	1.0	1.0	1.0	0	0	0
Fas	0	0	-1.0	0	0	0	0	0	0	0	0
Fbxl15	0	0	-1.0	0	0	0	0	0	0	0	0
Fbxl2	0	0	-1.0	0	0	0	0	0	0	0	0
Fbxl21	0	0	0	0	0	0	1.0	1.0	0	0	0
Fbxo11	0	0	0	0	0	-1.0	0	0	0	-1.0	0
Fbxo21	0	0	0	-1.0	-1.0	0	0	0	0	0	-1.0
Fbxo34	0	0	0	0	0	0	1.0	0	0	0	0
Fbxo42	0	0	0	0	-1.0	0	0	0	0	0	0
Fbxw11	0	-1.0	0	0	0	0	0	0	0	0	0
Fcrl1	1.0	0	0	0	0	0	0	0	0	0	0
Fes	0	0	0	0	0	-1.0	0	-1.0	0	0	0
Fez1	0	0	0	0	0	0	0	1.0	0	0	0
Fgd3	0	0	-1.0	0	0	0	0	0	0	0	-1.0
Fgfr1op	0	0	0	0	0	0	0	0	0	-1.0	0
Fkbp5	1.0	0	0	0	0	0	1.0	1.0	0	0	0
Flt3l	1.0	0	0	0	0	0	0	1.0	0	0	0
Fmn1	0	-1.0	-1.0	-1.0	0	-1.0	0	0	0	0	0
Fmnl2	0	-1.0	0	0	0	-1.0	0	0	0	0	0
Fndc3b	0	0	0	0	-1.0	0	0	0	0	0	0
Fnip2	0	0	0	0	0	1.0	1.0	0	0	0	0
Fos	0	0	0	0	0	1.0	0	0	0	0	0
Fosb	0	0	0	0	0	0	1.0	0	0	0	0
Foxm1	0	-1.0	-1.0	-1.0	-1.0	0	0	0	0	0	0
Foxn2	1.0	0	0	0	0	0	1.0	0	0	0	0
Foxo1	0	0	0	0	-1.0	0	0	0	0	0	-1.0
Foxo3	0	1.0	0	0	0	0	0	0	0	0	0
Foxp3	1.0	0	0	0	0	0	0	0	0	0	0
Foxp4	0	0	0	0	-1.0	0	0	0	0	-1.0	0
Foxq1	0	-1.0	0	0	0	0	0	0	0	0	0
Foxs1	0	0	0	0	-1.0	0	0	0	0	-1.0	0
Frem1	0	0	0	0	0	0	0	0	0	0	-1.0
Frmd4a	1.0	1.0	0	0	0	1.0	1.0	0	0	0	0
Frmd4b	1.0	1.0	0	0	0	1.0	1.0	0	0	0	0
Frmd5	0	0	-1.0	-1.0	0	0	0	0	0	0	0
Frmd6	0	0	-1.0	0	0	0	0	0	0	0	-1.0
Fry	0	0	-1.0	-1.0	0	0	0	0	0	0	-1.0
Fryl	0	0	-1.0	-1.0	-1.0	0	0	-1.0	0	0	-1.0
Fto	0	1.0	0	0	0	0	0	0	0	0	0
Furin	0	0	0	0	-1.0	-1.0	0	0	0	0	0
Fyb	0	0	0	0	0	0	0	1.0	0	0	0
Fyco1	0	1.0	0	0	0	1.0	1.0	0	0	0	0
Fyn	0	0	0	0	0	0	0	-1.0	0	-1.0	0
Fzd6	0	0	0	0	0	0	0	1.0	0	0	0
Fzd7	0	0	0	0	0	1.0	0	0	0	0	0
Fzd8	0	0	0	0	0	0	0	1.0	0	0	0
Gabarapl1	0	0	-1.0	0	-1.0	0	0	-1.0	0	0	-1.0
Gabpb2	0	1.0	0	0	0	0	0	0	0	0	0
Gadd45g	0	0	0	0	-1.0	0	0	-1.0	0	-1.0	0
Galc	0	1.0	0	0	0	1.0	0	1.0	0	0	0
Galm	0	0	0	0	0	0	1.0	0	0	0	0
Galnt10	0	0	0	0	0	0	1.0	0	0	0	0
Galnt2	0	0	-1.0	-1.0	0	0	0	0	0	-1.0	-1.0
Galnt6	0	0	0	0	0	0	1.0	0	0	0	0
Galnt7	1.0	0	0	0	0	1.0	0	0	0	0	0
Garnl3	0	0	-1.0	-1.0	0	0	0	0	0	0	-1.0
Gas7	0	0	0	0	-1.0	-1.0	0	0	0	0	0
Gata3	0	0	0	0	0	0	1.0	0	0	0	0
Gatad2a	0	0	0	0	-1.0	0	0	0	0	-1.0	-1.0
Gbp4	0	0	0	0	0	1.0	1.0	0	0	0	0
Gbp6	0	0	0	0	0	0	0	1.0	0	0	0
Gbp9	0	0	0	0	0	1.0	1.0	0	0	0	0
Gch1	0	0	0	0	0	0	0	-1.0	0	0	0
Gcnt1	0	0	0	0	0	0	1.0	0	0	0	0
Gcnt2	0	0	0	0	0	0	0	0	0	-1.0	0
Gcsh	0	0	-1.0	-1.0	0	0	0	0	0	0	0
Gdpd5	0	0	0	0	0	0	0	-1.0	0	0	0
Gfm1	0	1.0	0	0	0	0	0	0	0	0	0
Gfod1	0	-1.0	0	0	0	0	0	-1.0	0	0	-1.0
Gfpt1	0	0	0	0	0	1.0	0	0	0	0	0
Gfpt2	0	1.0	0	0	0	0	0	0	0	0	0
Ggh	0	0	0	0	0	0	1.0	0	0	0	0
Ggta1	0	0	0	0	-1.0	0	0	0	0	-1.0	-1.0
Gimap3	1.0	0	0	0	0	0	0	0	0	0	0
Gimap5	0	0	0	0	0	-1.0	0	0	0	-1.0	0
Glb1	0	0	0	0	0	0	1.0	0	0	0	0
Glcci1	1.0	1.0	0	0	0	1.0	1.0	1.0	0	0	0
Gldc	0	0	0	0	0	-1.0	0	0	0	-1.0	0
Glrx	1.0	0	0	0	0	1.0	0	0	0	0	0
Glt25d1	0	0	0	0	0	0	0	0	0	0	-1.0
Gm11346	0	0	0	0	0	0	0	-1.0	0	-1.0	0
Gm12185	0	0	0	0	0	0	1.0	0	0	0	0
Gm12250	0	0	0	0	0	0	1.0	0	0	0	0
Gm13889	0	0	0	0	0	0	0	-1.0	0	0	0
Gm14005	1.0	1.0	0	0	0	0	1.0	1.0	0	0	0
Gm1966	0	1.0	0	0	0	0	0	0	0	0	0
Gm2a	0	0	0	0	0	0	0	1.0	0	0	0
Gm4759	0	0	0	0	0	0	0	1.0	0	0	0
Gm4956	0	0	0	0	0	1.0	1.0	0	0	0	0
Gm5127	0	1.0	0	0	0	1.0	0	1.0	0	0	0
Gm5544	0	1.0	0	0	0	1.0	1.0	1.0	0	0	0
Gm614	0	0	0	0	0	0	0	1.0	0	0	0
Gm766	0	0	0	0	0	0	0	0	0	-1.0	0
Gm8234	0	1.0	0	0	0	1.0	0	0	0	0	0
Gm973	0	0	0	0	0	0	0	1.0	0	0	0
Gna11	0	0	0	-1.0	0	0	0	0	0	0	-1.0
Gna14	0	-1.0	0	0	0	0	0	0	0	0	0
Gna15	0	0	0	0	0	0	1.0	0	0	0	0
Gnal	0	0	0	0	0	0	0	0	0	-1.0	0
Gnao1	0	-1.0	0	0	0	0	0	0	0	0	0
Gnaq	0	1.0	0	0	0	0	1.0	0	0	0	0
Gng12	0	-1.0	0	0	0	0	0	0	0	0	-1.0
Gnptab	0	0	0	0	0	0	0	0	0	0	-1.0
Gpank1	0	0	-1.0	-1.0	0	0	0	0	0	0	0
Gpr114	0	0	-1.0	0	0	0	0	0	0	0	-1.0
Gpr15	0	-1.0	0	0	0	0	0	0	0	0	0
Gpr155	0	0	0	0	0	0	0	-1.0	0	-1.0	0
Gpr18	0	-1.0	0	0	0	0	0	-1.0	0	-1.0	0
Gpr25	0	0	0	0	0	0	1.0	0	0	0	0
Gpr55	0	-1.0	0	0	-1.0	0	0	0	0	-1.0	0
Gpr68	1.0	1.0	0	0	0	0	1.0	0	0	0	0
Gpr98	0	-1.0	0	0	0	0	0	0	0	0	0
Gprin3	0	-1.0	0	0	0	0	0	0	0	0	0
Gramd1a	0	-1.0	0	-1.0	0	-1.0	0	-1.0	-1.0	0	-1.0
Gramd3	0	-1.0	0	0	-1.0	0	0	-1.0	0	0	-1.0
Gramd4	0	-1.0	0	0	-1.0	0	0	-1.0	0	-1.0	-1.0
Grap	0	1.0	0	0	0	0	0	0	0	0	0
Grap2	0	0	0	0	0	1.0	1.0	1.0	0	0	0
Grb2	1.0	0	0	0	0	0	1.0	1.0	0	0	0
Grb7	0	0	-1.0	0	-1.0	0	0	0	0	-1.0	0
Grhl2	1.0	0	0	0	0	0	0	0	0	0	0
Grik4	0	0	0	0	0	0	0	-1.0	0	0	0
Gsg2	0	-1.0	0	0	0	-1.0	0	0	0	0	0
Gstm7	0	1.0	0	0	0	0	0	0	0	0	0
Gtdc1	0	0	0	0	0	0	0	1.0	0	0	0
Gtl3	0	0	0	0	0	1.0	0	0	0	0	0
Gtpbp1	0	-1.0	0	0	0	0	0	0	0	0	0
Gucy1a3	0	0	0	0	-1.0	-1.0	0	0	0	0	0
H2-dma	0	0	0	0	0	0	1.0	0	0	0	0
H2-ke6	0	0	0	0	0	0	0	1.0	0	0	0
H2-t10	0	0	0	0	0	0	0	1.0	0	0	0
Hacl1	0	0	0	0	0	0	1.0	0	0	0	0
Hdac11	0	1.0	0	0	0	0	0	0	0	0	0
Hebp1	0	0	-1.0	-1.0	0	0	0	0	0	0	0
Heg1	0	0	0	0	0	0	1.0	1.0	0	0	0
Herc6	0	1.0	0	0	0	0	0	0	0	0	0
Hgsnat	0	0	0	0	0	0	0	-1.0	0	0	0
Hic1	0	0	0	0	0	0	0	1.0	0	0	0
Hif3a	0	1.0	0	0	0	1.0	0	0	0	0	0
Hipk1	0	0	0	0	0	0	0	-1.0	0	0	0
Hipk2	0	1.0	0	0	0	0	1.0	1.0	0	0	0
Hist1h2bc	1.0	0	0	0	0	0	0	0	0	0	0
Hivep1	0	0	-1.0	-1.0	0	0	0	0	0	-1.0	0
Hk2	0	0	0	0	-1.0	0	0	-1.0	0	0	0
Hk3	0	0	0	0	-1.0	0	0	0	0	0	-1.0
Hmgn1	0	0	0	0	0	0	1.0	0	0	0	0
Hormad2	0	0	0	0	0	0	0	1.0	0	0	0
Hpcal1	0	-1.0	0	0	0	0	0	0	0	0	0
Hpgds	0	0	0	0	0	0	1.0	0	0	0	0
Hpse	0	-1.0	0	0	0	0	0	0	0	0	0
Hrh4	0	1.0	0	0	0	0	0	0	0	0	0
Hs2st1	0	0	0	0	0	0	0	-1.0	0	0	0
Hs3st1	0	1.0	0	0	0	0	1.0	0	0	0	0
Hsd11b1	0	-1.0	0	-1.0	0	-1.0	0	0	-1.0	0	0
Hspa4l	0	0	0	0	0	-1.0	0	0	0	-1.0	0
Htr1b	0	0	0	0	0	1.0	1.0	0	0	0	0
Hvcn1	1.0	0	0	0	0	1.0	0	0	0	0	0
Icam2	0	0	0	0	-1.0	0	0	0	0	0	0
Ick	0	0	0	0	0	0	1.0	0	0	0	0
Ide	0	0	0	0	0	0	1.0	0	0	0	0
Idh3b	0	0	0	0	0	0	1.0	0	0	0	0
Iffo2	0	0	0	0	0	0	0	1.0	0	0	0
Ifnar1	0	1.0	0	0	0	0	0	0	0	0	0
Ift172	0	0	-1.0	0	0	0	0	0	0	0	-1.0
Ift81	1.0	0	0	0	0	0	1.0	0	0	0	0
Igf2r	0	0	-1.0	0	0	0	0	0	0	0	0
Igsf3	0	0	-1.0	0	0	0	0	0	0	0	0
Igsf5	0	1.0	0	0	0	0	1.0	1.0	0	0	0
Ikbip	0	0	0	0	0	1.0	1.0	0	0	0	0
Ikzf1	1.0	0	0	0	0	1.0	0	0	0	0	0
Ikzf2	0	0	0	0	0	-1.0	0	-1.0	0	0	-1.0
Ikzf3	1.0	1.0	0	0	0	0	1.0	1.0	0	0	0
Il12rb1	0	0	0	0	0	0	1.0	0	0	0	0
Il13	0	0	0	0	0	0	0	1.0	0	0	0
Il17a	0	0	0	0	0	0	1.0	1.0	0	0	0
Il17rb	1.0	1.0	0	0	0	0	1.0	1.0	0	0	0
Il17rd	0	0	-1.0	0	0	0	0	0	0	0	0
Il18r1	0	-1.0	0	0	0	-1.0	0	0	0	0	0
Il18rap	0	-1.0	0	0	0	0	0	0	0	0	0
Il1r1	0	0	0	0	-1.0	0	0	0	0	0	0
Il1rl1	0	0	0	0	0	0	1.0	0	0	0	0
Il2	0	1.0	0	0	0	0	0	0	0	0	0
Il21r	0	0	0	-1.0	-1.0	0	0	0	0	0	-1.0
Il2ra	0	1.0	0	0	0	0	0	0	0	0	0
Il4	0	0	0	0	0	0	0	1.0	0	0	0
Il4ra	0	0	0	0	0	0	0	0	0	-1.0	0
Il5	0	1.0	0	0	0	1.0	0	0	0	0	0
Il7r	1.0	1.0	0	0	0	1.0	1.0	1.0	0	0	0
Il9r	0	0	0	0	0	0	0	1.0	0	0	0
Impg1	1.0	1.0	0	0	0	0	0	0	0	0	0
Inpp4b	0	1.0	0	0	0	1.0	1.0	1.0	0	0	0
Ip6k1	0	0	0	0	0	0	0	0	0	-1.0	0
Ipmk	1.0	1.0	0	0	0	1.0	0	0	0	0	0
Ipo4	0	0	0	0	0	0	0	1.0	0	0	0
Iqgap1	0	0	0	0	-1.0	-1.0	0	0	0	0	0
Irak2	0	-1.0	0	0	-1.0	0	0	-1.0	0	0	-1.0
Irak3	0	1.0	0	0	0	0	1.0	1.0	0	0	0
Irf2bp2	0	0	0	0	0	0	1.0	1.0	0	0	0
Irf4	0	0	0	0	0	0	0	1.0	0	0	0
Irf7	0	0	0	0	-1.0	0	0	-1.0	0	-1.0	-1.0
Irs2	0	0	0	0	0	0	0	-1.0	0	0	0
Isoc2b	0	0	0	0	0	0	1.0	0	0	0	0
Itga2	1.0	0	0	0	0	0	1.0	1.0	0	0	0
Itga2b	0	0	0	-1.0	0	0	0	0	0	0	0
Itga4	0	1.0	0	0	0	0	1.0	0	0	0	0
Itga6	0	0	-1.0	0	-1.0	0	0	0	0	0	0
Itgae	0	1.0	0	0	0	1.0	0	0	0	0	0
Itgam	0	-1.0	0	0	0	0	0	0	0	-1.0	0
Itgav	0	-1.0	0	0	0	0	0	-1.0	0	-1.0	0
Itgax	0	-1.0	0	0	0	0	0	0	0	-1.0	0
Itgb2	0	-1.0	0	0	-1.0	0	0	0	0	0	0
Itgb3	0	0	0	0	0	1.0	1.0	0	0	0	0
Itgb4	0	0	0	0	0	0	0	0	0	0	-1.0
Itgb7	0	1.0	0	0	0	0	0	0	0	0	0
Itk	0	0	0	0	0	1.0	1.0	1.0	0	0	0
Itm2c	0	1.0	0	0	0	0	0	0	0	0	0
Itpk1	0	0	0	0	0	0	0	0	0	0	-1.0
Itpr2	0	0	0	0	0	1.0	1.0	1.0	0	0	0
Itpr3	1.0	0	0	0	0	0	0	1.0	0	0	0
Itsn1	0	0	0	0	0	0	0	0	0	0	-1.0
Jag1	0	0	0	0	0	0	1.0	1.0	0	0	0
Jdp2	0	0	0	0	0	0	1.0	1.0	0	0	0
Jmjd1c	0	0	0	0	0	1.0	0	0	0	0	0
Kank3	0	0	-1.0	-1.0	0	0	0	0	0	0	0
Kat2b	0	1.0	0	0	0	0	0	0	0	0	0
Katnal1	0	1.0	0	0	0	0	0	0	0	0	0
Kbtbd11	0	0	0	0	0	0	0	0	0	-1.0	0
Kcna4	0	1.0	0	0	0	1.0	0	0	0	0	0
Kcnab2	0	0	0	0	0	0	1.0	0	0	0	0
Kcnc3	0	0	0	-1.0	0	0	0	0	0	0	0
Kcnd2	0	1.0	0	0	0	1.0	0	0	0	0	0
Kcnk5	0	1.0	0	0	0	0	0	0	0	0	0
Kcnn4	0	0	0	0	0	0	1.0	0	0	0	0
Kcnq5	0	0	0	0	0	0	1.0	1.0	0	0	0
Kctd10	0	0	0	0	-1.0	0	0	0	0	0	0
Kdm5b	0	0	0	0	-1.0	0	0	0	0	0	-1.0
Kdsr	0	1.0	0	0	0	1.0	0	0	0	0	0
Khdrbs3	0	0	0	0	0	0	0	0	0	-1.0	-1.0
Kif13a	0	0	0	0	0	0	1.0	0	0	0	0
Kif1b	0	0	0	0	0	0	0	0	0	-1.0	0
Kif23	0	1.0	0	0	0	0	0	0	0	0	0
Kif3a	0	0	0	0	0	0	0	1.0	0	0	0
Kifc3	0	1.0	0	0	0	0	0	0	0	0	0
Kit	0	-1.0	0	0	0	0	0	-1.0	0	-1.0	0
Klf12	0	-1.0	0	0	0	-1.0	0	-1.0	-1.0	0	0
Klf2	0	0	-1.0	0	-1.0	0	0	-1.0	0	0	0
Klf5	0	1.0	0	0	0	0	1.0	0	0	0	0
Klf7	1.0	1.0	0	0	0	1.0	1.0	1.0	0	0	0
Klra18	0	-1.0	0	0	0	0	0	0	0	0	0
Klra9	0	-1.0	0	0	0	0	0	0	0	0	0
Klrb1b	0	-1.0	0	0	0	-1.0	0	0	-1.0	0	0
Klrb1c	0	-1.0	0	0	0	-1.0	0	0	-1.0	0	0
Klrg1	0	1.0	0	0	0	1.0	0	0	0	0	0
Kmo	0	0	0	0	0	0	1.0	0	0	0	0
Kntc1	0	0	0	0	0	0	0	1.0	0	0	0
Ktn1	0	0	0	0	0	0	0	-1.0	0	0	0
Lamc1	1.0	1.0	0	0	0	0	1.0	1.0	0	0	0
Lcp2	0	0	0	0	0	0	1.0	0	0	0	0
Ldhb	0	0	0	0	-1.0	0	0	-1.0	0	0	0
Ldhd	0	1.0	0	0	0	0	1.0	0	0	0	0
Lef1	0	0	0	0	0	0	0	0	0	-1.0	0
Leng9	0	0	0	0	0	0	0	1.0	0	0	0
Lgals3	0	0	-1.0	0	0	0	0	0	0	0	0
Lgmn	0	0	0	0	0	0	1.0	0	0	0	0
Lgr4	0	-1.0	0	0	0	0	0	-1.0	0	0	0
Lilrb4	0	0	0	0	0	1.0	0	0	0	0	0
Limk1	1.0	0	0	0	0	0	0	0	0	0	0
Lmna	0	0	0	0	-1.0	0	0	0	0	0	0
Lmnb1	0	-1.0	0	0	0	0	0	0	0	-1.0	0
Lmo4	0	1.0	0	0	0	0	0	0	0	0	0
Lonrf1	0	0	0	0	0	0	1.0	0	0	0	0
Lonrf3	0	0	-1.0	0	-1.0	0	0	-1.0	0	0	-1.0
Loxl3	0	0	-1.0	0	0	0	0	-1.0	0	0	-1.0
Lpar2	0	0	0	0	0	0	1.0	0	0	0	0
Lpcat3	0	0	0	0	0	0	1.0	0	0	0	0
Lphn2	0	1.0	0	0	0	0	1.0	0	0	0	0
Lpin2	0	-1.0	0	0	0	0	0	-1.0	0	-1.0	0
Lrch1	1.0	0	0	0	0	0	0	0	0	0	0
Lrig3	0	0	0	0	0	0	1.0	0	0	0	0
Lrrc25	0	0	0	0	0	0	1.0	0	0	0	0
Lrrc27	0	0	0	-1.0	-1.0	0	0	0	0	-1.0	-1.0
Lrrc3	0	0	-1.0	-1.0	0	0	0	0	0	0	0
Lrrc32	0	0	0	-1.0	0	0	0	0	0	0	0
Lrrc52	1.0	0	0	0	0	0	1.0	0	0	0	0
Lrrc58	0	1.0	0	0	0	0	0	0	0	0	0
Lrrc8b	0	0	0	0	0	-1.0	0	-1.0	0	0	0
Lrrc8d	0	-1.0	0	0	0	0	0	0	0	-1.0	0
Ltb4r1	1.0	0	0	0	0	0	0	0	0	0	0
Ly6a	0	0	0	0	0	1.0	0	0	0	0	0
Ly9	0	0	0	0	0	0	1.0	0	0	0	0
Lyn	0	0	0	0	0	-1.0	0	0	0	0	0
Lztfl1	0	0	0	0	0	0	1.0	0	0	0	0
Macf1	0	0	0	0	0	0	1.0	1.0	0	0	0
Magi1	0	0	0	0	0	0	0	1.0	0	0	0
Malt1	1.0	0	0	0	0	0	0	0	0	0	0
Maml3	0	-1.0	0	0	0	0	0	0	0	0	0
Man2a2	1.0	0	0	0	0	0	1.0	1.0	0	0	0
Man2b2	1.0	0	0	0	0	0	0	0	0	0	0
Mansc1	0	0	0	0	0	1.0	0	0	0	0	0
Map2k6	1.0	0	0	0	0	0	1.0	0	0	0	0
Map3k1	0	0	0	0	0	-1.0	0	0	0	0	0
Map3k11	0	0	0	0	0	0	0	0	0	-1.0	0
Map4k5	0	0	0	0	0	0	0	1.0	0	0	0
Mapk10	0	-1.0	0	0	0	0	0	0	0	0	0
Mapk11	0	1.0	0	0	0	1.0	0	1.0	0	0	0
Mapk8	0	-1.0	0	0	0	0	0	0	0	0	0
Mapkapk2	0	-1.0	0	0	-1.0	0	0	0	0	0	0
March3	0	0	0	0	0	0	0	0	0	-1.0	0
Mbd1	0	0	0	0	0	0	1.0	0	0	0	0
Mbd5	0	0	0	0	0	1.0	1.0	0	0	0	0
Mbnl1	0	0	0	0	0	0	1.0	1.0	0	0	0
Mbnl2	0	0	0	0	0	0	0	0	0	-1.0	0
Mboat1	0	0	0	0	0	1.0	0	0	0	0	0
Mbp	0	-1.0	0	0	0	-1.0	0	0	-1.0	0	0
Mcc	0	0	0	0	0	-1.0	0	0	0	0	0
Mctp1	0	0	0	0	0	0	0	1.0	0	0	0
Mdk	0	0	-1.0	0	0	0	0	0	0	0	-1.0
Mdm1	0	0	0	0	0	0	1.0	1.0	0	0	0
Mecom	0	1.0	0	0	0	0	0	0	0	0	0
Med12l	1.0	0	0	0	0	1.0	0	1.0	0	0	0
Med26	0	0	0	-1.0	0	0	0	0	0	0	0
Mepce	0	-1.0	0	0	-1.0	0	0	0	0	0	-1.0
Mfhas1	0	0	0	0	0	0	0	-1.0	0	-1.0	0
Mfsd2b	0	0	0	-1.0	0	0	0	0	0	0	0
Mgat4a	0	0	0	0	0	-1.0	0	0	0	0	0
Mgat5	0	0	0	0	0	1.0	1.0	1.0	0	0	0
Midn	0	0	-1.0	-1.0	-1.0	0	0	-1.0	0	0	-1.0
Mink1	0	0	0	0	0	0	0	1.0	0	0	0
Mitf	0	0	0	0	0	0	1.0	0	0	0	0
Mknk2	0	0	0	-1.0	-1.0	0	0	0	0	0	0
Mlkl	0	0	0	0	0	0	1.0	0	0	0	0
Mllt11	0	0	0	0	-1.0	0	0	0	0	0	-1.0
Mllt3	0	1.0	0	0	0	0	1.0	0	0	0	0
Mmp25	1.0	0	0	0	0	0	0	0	0	0	0
Mns1	0	0	0	0	0	0	1.0	0	0	0	0
Morn1	0	0	0	-1.0	0	0	0	0	0	0	0
Mras	0	0	0	0	0	1.0	1.0	0	0	0	0
Mrgpre	0	0	0	0	0	1.0	0	0	0	0	0
Mrpl53	0	0	-1.0	0	0	0	0	-1.0	0	0	0
Mrps27	1.0	0	0	0	0	1.0	1.0	1.0	0	0	0
Mrps6	0	0	-1.0	-1.0	0	0	0	0	0	0	0
Msi2	1.0	1.0	0	0	0	1.0	0	1.0	0	0	0
Msn	0	1.0	0	0	0	0	0	1.0	0	0	0
Msrb3	0	-1.0	0	0	0	0	0	0	0	0	0
Mt1	0	0	0	0	0	0	0	-1.0	0	0	0
Mt2	0	0	0	0	0	0	0	-1.0	0	0	0
Mtap	0	0	0	0	0	1.0	0	0	0	0	0
Mthfd1l	1.0	0	0	0	0	1.0	0	0	0	0	0
Mthfr	0	-1.0	0	0	-1.0	0	0	0	0	0	0
Mtif3	0	0	-1.0	-1.0	0	0	0	0	0	-1.0	0
Mtss1	0	0	0	0	0	0	1.0	0	0	0	0
Mtus2	0	1.0	0	0	0	0	0	0	0	0	0
Mx2	0	0	0	0	-1.0	0	0	0	0	-1.0	0
Mxd4	1.0	0	0	0	0	0	0	0	0	0	0
Myh7b	0	0	0	-1.0	0	0	0	0	0	0	0
Mynn	0	1.0	0	0	0	0	0	0	0	0	0
Myo10	0	0	-1.0	0	0	0	0	-1.0	0	0	-1.0
Myo16	0	0	0	0	0	-1.0	0	-1.0	0	-1.0	-1.0
Myo1e	0	0	0	0	0	0	0	-1.0	0	0	0
Myo6	1.0	0	0	0	0	0	0	0	0	0	0
Naa50	0	0	0	0	0	0	1.0	0	0	0	0
Nab1	0	-1.0	0	0	0	0	0	0	0	0	0
Nabp1	0	0	0	0	0	0	0	0	0	-1.0	0
Napepld	0	0	0	0	0	0	1.0	0	0	0	0
Napsa	0	0	0	-1.0	0	0	0	0	0	0	0
Nav1	0	0	0	0	0	0	0	0	0	0	-1.0
Nav2	0	0	0	0	0	0	1.0	1.0	0	0	0
Nbeal2	0	0	0	0	0	1.0	1.0	0	0	0	0
Nbn	0	0	0	0	0	0	1.0	0	0	0	0
Ncald	0	0	0	0	0	0	0	0	0	-1.0	0
Nck2	1.0	1.0	0	0	0	0	1.0	1.0	0	0	0
Nckap5	1.0	1.0	0	0	0	1.0	1.0	0	0	0	0
Ncoa1	0	0	0	0	0	1.0	0	0	0	0	0
Ncoa2	0	1.0	0	0	0	0	1.0	1.0	0	0	0
Ndfip1	0	-1.0	0	0	0	-1.0	0	-1.0	0	0	-1.0
Ndrg1	0	0	0	-1.0	0	0	0	0	0	0	0
Ndufa6	0	1.0	0	0	0	0	0	0	0	0	0
Neb	0	0	0	0	0	1.0	1.0	0	0	0	0
Nebl	0	0	0	0	0	1.0	1.0	0	0	0	0
Nedd4l	0	0	0	0	0	0	1.0	1.0	0	0	0
Nedd9	0	0	0	0	0	1.0	1.0	0	0	0	0
Nek7	1.0	1.0	0	0	0	0	1.0	0	0	0	0
Neu3	0	0	0	0	0	0	1.0	0	0	0	0
Neurl3	0	0	0	-1.0	0	-1.0	0	0	-1.0	-1.0	0
Nf2	0	0	0	0	0	0	1.0	1.0	0	0	0
Nfatc1	0	0	0	0	-1.0	-1.0	0	0	0	0	0
Nfatc2	0	-1.0	0	0	0	-1.0	0	0	0	0	0
Nfe2l2	0	0	0	0	0	0	0	0	0	-1.0	0
Nfia	0	0	0	0	0	1.0	0	1.0	0	0	0
Nfkbid	0	0	-1.0	0	0	0	0	0	0	0	0
Nfkbiz	0	0	0	0	0	0	0	1.0	0	0	0
Nin	0	0	0	0	0	0	0	1.0	0	0	0
Nipa1	0	0	0	0	0	0	0	1.0	0	0	0
Nipbl	0	1.0	0	0	0	1.0	0	0	0	0	0
Nkain1	0	0	0	-1.0	0	0	0	0	0	0	0
Nln	0	-1.0	0	0	-1.0	0	0	-1.0	0	0	0
Nlrc3	0	1.0	0	0	0	0	0	0	0	0	0
Nod2	1.0	0	0	0	0	1.0	0	1.0	0	0	0
Noxa1	0	1.0	0	0	0	0	0	1.0	0	0	0
Npnt	0	0	0	0	0	0	1.0	0	0	0	0
Nr1d2	0	0	0	0	0	0	0	1.0	0	0	0
Nr3c1	0	1.0	0	0	0	0	0	1.0	0	0	0
Nr3c2	0	1.0	0	0	0	0	0	1.0	0	0	0
Nr4a1	1.0	0	0	0	0	0	0	1.0	0	0	0
Nrip1	1.0	0	0	0	0	0	1.0	1.0	0	0	0
Nrp1	0	-1.0	0	0	0	0	0	-1.0	0	-1.0	0
Nsg2	0	0	0	0	0	0	1.0	0	0	0	0
Nsmce1	0	-1.0	-1.0	-1.0	0	0	0	-1.0	0	0	0
Nt5e	0	0	0	0	0	-1.0	0	-1.0	-1.0	-1.0	0
Nucb2	0	0	0	0	0	0	0	1.0	0	0	0
Nudt3	0	0	0	0	0	1.0	0	0	0	0	0
Nup50	0	0	-1.0	0	0	0	0	0	0	0	-1.0
Nusap1	0	1.0	0	0	0	0	0	0	0	0	0
Oas1c	0	0	0	0	0	0	0	1.0	0	0	0
Ola1	0	0	0	0	0	1.0	0	1.0	0	0	0
Olfr1033	0	-1.0	0	0	-1.0	-1.0	0	0	0	0	0
Olfr525	0	-1.0	0	0	0	0	0	0	0	0	0
Orai1	0	0	0	0	0	0	0	-1.0	0	-1.0	-1.0
Orc4	0	1.0	0	0	0	1.0	0	1.0	0	0	0
Osbpl3	1.0	0	0	0	0	0	1.0	1.0	0	0	0
Ostf1	0	-1.0	0	0	-1.0	0	0	0	0	0	0
Oxnad1	0	-1.0	0	0	0	0	0	0	0	0	0
P2rx1	0	0	0	-1.0	0	0	0	-1.0	0	0	-1.0
P2ry14	1.0	0	0	0	0	0	0	1.0	0	0	0
P4ha2	0	0	0	0	0	0	0	1.0	0	0	0
Pacs2	0	1.0	0	0	0	0	0	0	0	0	0
Pacsin2	0	0	-1.0	-1.0	-1.0	0	0	-1.0	0	0	-1.0
Palld	0	0	0	-1.0	0	0	0	0	0	0	0
Palm2	0	0	0	0	-1.0	0	0	0	0	-1.0	0
Pam	0	0	-1.0	0	0	0	0	0	0	-1.0	0
Panx1	0	0	0	0	0	-1.0	0	0	0	0	0
Pard3b	0	1.0	0	0	0	0	0	1.0	0	0	0
Pbx2	0	0	0	0	0	0	0	1.0	0	0	0
Pbxip1	0	0	0	0	-1.0	0	0	-1.0	0	0	0
Pcbp3	0	0	0	0	0	1.0	0	0	0	0	0
Pcdh19	0	0	0	0	0	-1.0	0	0	0	0	0
Pcdhga12	1.0	0	0	0	0	0	0	0	0	0	0
Pcdhga8	1.0	0	0	0	0	0	0	0	0	0	0
Pcdhgb4	1.0	0	0	0	0	0	0	0	0	0	0
Pcdhgb5	1.0	0	0	0	0	0	0	0	0	0	0
Pcdhgb6	1.0	0	0	0	0	0	0	0	0	0	0
Pclo	0	0	-1.0	0	0	0	0	0	0	0	-1.0
Pcna	0	0	0	0	0	0	0	0	0	0	-1.0
Pdcd1lg2	0	0	0	0	0	1.0	0	0	0	0	0
Pdcd4	0	0	0	0	0	1.0	0	0	0	0	0
Pde11a	1.0	1.0	0	0	0	0	0	1.0	0	0	0
Pde1c	0	1.0	0	0	0	0	1.0	1.0	0	0	0
Pde2a	0	0	-1.0	0	0	0	0	0	0	0	-1.0
Pde3b	0	0	0	0	0	0	1.0	0	0	0	0
Pde4a	0	0	-1.0	-1.0	0	0	0	0	0	0	0
Pde4b	0	-1.0	0	0	0	-1.0	0	0	0	-1.0	0
Pde4d	1.0	1.0	0	0	0	0	0	1.0	0	0	0
Pde7a	0	0	0	0	0	0	0	1.0	0	0	0
Pde7b	0	1.0	0	0	0	1.0	1.0	0	0	0	0
Pdgfc	0	0	-1.0	0	0	0	0	0	0	0	-1.0
Pdgfrb	0	0	0	0	0	0	1.0	0	0	0	0
Pdlim1	0	0	0	0	0	0	1.0	0	0	0	0
Per1	1.0	0	0	0	0	0	1.0	1.0	0	0	0
Pfkm	0	0	0	0	0	0	0	1.0	0	0	0
Pfkp	0	-1.0	0	0	0	-1.0	0	0	-1.0	0	-1.0
Pglyrp2	0	0	0	0	0	1.0	1.0	0	0	0	0
Phactr2	0	0	0	0	0	0	0	1.0	0	0	0
Phf13	0	0	0	0	0	0	0	0	0	0	-1.0
Phf23	0	0	0	0	-1.0	0	0	-1.0	0	0	-1.0
Phf6	0	1.0	0	0	0	0	0	0	0	0	0
Phgdh	0	0	0	0	0	0	1.0	0	0	0	0
Phldb1	0	0	-1.0	0	0	-1.0	0	0	-1.0	0	-1.0
Phldb3	0	1.0	0	0	0	0	0	0	0	0	0
Phlpp1	0	-1.0	0	0	0	-1.0	0	0	-1.0	0	0
Phtf2	0	1.0	0	0	0	1.0	1.0	1.0	0	0	0
Pigp	1.0	0	0	0	0	0	1.0	1.0	0	0	0
Pik3c2a	0	1.0	0	0	0	1.0	0	0	0	0	0
Pik3ip1	1.0	0	0	0	0	0	0	0	0	0	0
Pik3r1	0	0	-1.0	0	-1.0	0	0	-1.0	0	-1.0	-1.0
Pik3r2	1.0	0	0	0	0	0	0	0	0	0	0
Pip4k2b	0	0	0	0	0	0	1.0	0	0	0	0
Pip5k1b	0	0	0	0	0	0	1.0	0	0	0	0
Pitpnc1	0	0	0	0	0	0	1.0	0	0	0	0
Pitpnm2	0	0	0	0	0	0	1.0	0	0	0	0
Plac8	0	0	0	0	-1.0	0	0	0	0	0	-1.0
Plat	0	0	0	0	0	0	0	-1.0	0	0	0
Plaur	0	0	0	0	0	0	0	1.0	0	0	0
Plcb4	0	1.0	0	0	0	0	1.0	1.0	0	0	0
Plcg1	0	0	0	0	0	0	0	1.0	0	0	0
Plcl1	0	0	0	0	0	0	1.0	0	0	0	0
Plec	0	0	0	0	0	0	1.0	1.0	0	0	0
Plekha1	0	0	0	-1.0	0	0	0	0	0	0	0
Plekha2	0	0	0	0	-1.0	0	0	-1.0	0	-1.0	-1.0
Plekha7	0	1.0	0	0	0	0	0	1.0	0	0	0
Plekhg3	0	0	0	0	0	1.0	0	0	0	0	0
Plekhg5	1.0	0	0	0	0	0	0	1.0	0	0	0
Plk3	0	0	0	0	0	0	1.0	0	0	0	0
Pltp	0	0	0	0	0	0	0	0	0	-1.0	0
Plxdc2	0	0	0	0	0	0	1.0	1.0	0	0	0
Plxna2	0	0	0	0	0	0	0	0	0	0	-1.0
Plxnc1	0	0	0	0	-1.0	0	0	0	0	-1.0	0
Pmaip1	0	1.0	0	0	0	1.0	1.0	0	0	0	0
Pmepa1	0	0	0	0	0	0	0	-1.0	0	0	0
Pmm1	1.0	0	0	0	0	0	0	0	0	0	0
Pms2	0	0	0	0	0	0	0	0	0	-1.0	0
Pnpla2	0	0	-1.0	-1.0	0	0	0	0	0	0	-1.0
Pnpla3	0	0	-1.0	0	0	0	0	-1.0	0	0	0
Poc1b	0	1.0	0	0	0	1.0	1.0	0	0	0	0
Podxl	0	0	0	0	-1.0	0	0	0	0	0	0
Poli	0	0	0	0	0	0	1.0	0	0	0	0
Polr1a	0	1.0	0	0	0	0	0	0	0	0	0
Polr2a	0	0	0	0	-1.0	0	0	-1.0	0	0	-1.0
Polr3h	0	0	-1.0	-1.0	0	0	0	0	0	0	0
Pon2	0	0	0	0	0	0	0	0	0	0	-1.0
Por	0	0	0	-1.0	0	0	0	0	0	0	0
Pou2f2	0	0	0	0	0	0	0	1.0	0	0	0
Ppard	0	0	0	-1.0	0	0	0	0	0	0	-1.0
Pparg	0	0	0	0	0	1.0	1.0	0	0	0	0
Ppfibp1	1.0	0	0	0	0	0	0	0	0	0	0
Ppfibp2	0	1.0	0	0	0	1.0	1.0	1.0	0	0	0
Ppil6	0	0	0	0	0	0	0	-1.0	0	0	0
Ppm1g	0	0	-1.0	0	0	0	0	0	0	0	0
Ppm1j	0	0	0	-1.0	0	0	0	-1.0	0	-1.0	-1.0
Ppm1l	1.0	1.0	0	0	0	0	0	1.0	0	0	0
Ppp1r10	0	0	-1.0	-1.0	0	0	0	0	0	0	-1.0
Ppp1r16b	0	-1.0	0	0	-1.0	-1.0	0	0	-1.0	0	-1.0
Ppp1r3f	1.0	1.0	0	0	0	1.0	0	0	0	0	0
Ppp1r9a	0	0	0	0	-1.0	0	0	0	0	0	0
Ppp2r3a	0	1.0	0	0	0	1.0	1.0	0	0	0	0
Ppp2r5c	1.0	0	0	0	0	0	1.0	1.0	0	0	0
Ppp3ca	1.0	1.0	0	0	0	1.0	1.0	1.0	0	0	0
Ppp3cc	0	0	0	0	0	0	0	0	0	-1.0	0
Ppp3r1	0	1.0	0	0	0	0	0	0	0	0	0
Pqlc3	0	0	0	0	0	0	1.0	0	0	0	0
Prc1	0	1.0	0	0	0	0	0	0	0	0	0
Prdm1	0	0	0	0	0	1.0	1.0	1.0	0	0	0
Prdm2	0	0	0	0	0	0	0	0	0	-1.0	0
Prex1	0	0	-1.0	-1.0	-1.0	0	0	0	0	-1.0	-1.0
Prim1	0	0	0	0	0	0	0	1.0	0	0	0
Prkacb	0	0	0	0	0	0	0	1.0	0	0	0
Prkag2	0	1.0	0	0	0	0	1.0	0	0	0	0
Prkcb	0	0	0	0	0	0	1.0	1.0	0	0	0
Prkce	1.0	1.0	0	0	0	0	0	0	0	0	0
Prkch	0	-1.0	-1.0	0	0	0	0	-1.0	0	0	0
Prkcq	1.0	1.0	0	0	0	0	0	1.0	0	0	0
Prkdc	1.0	0	0	0	0	0	0	0	0	0	0
Prokr1	0	1.0	0	0	0	0	0	1.0	0	0	0
Prorsd1	0	-1.0	0	0	0	0	0	0	0	0	0
Prr5	0	0	-1.0	-1.0	0	0	0	0	0	0	-1.0
Prr5l	0	0	0	0	-1.0	-1.0	0	0	0	-1.0	-1.0
Prr7	0	0	0	0	-1.0	0	0	0	0	0	-1.0
Prss51	0	-1.0	0	0	0	0	0	-1.0	0	0	0
Prss53	0	0	-1.0	0	0	0	0	0	0	0	0
Psd4	0	0	0	-1.0	-1.0	0	0	0	0	0	-1.0
Psen2	1.0	1.0	0	0	0	1.0	1.0	0	0	0	0
Ptch1	0	0	0	0	0	0	1.0	0	0	0	0
Ptov1	0	0	0	0	0	1.0	0	0	0	0	0
Ptpn1	0	0	0	-1.0	-1.0	0	0	0	0	0	0
Ptpn13	0	1.0	0	0	0	0	1.0	0	0	0	0
Ptpn6	0	0	0	0	0	0	0	1.0	0	0	0
Ptprc	1.0	1.0	0	0	0	1.0	0	1.0	0	0	0
Ptprcap	1.0	0	0	0	0	0	0	0	0	0	0
Ptprj	0	-1.0	0	0	0	0	0	-1.0	0	0	0
Qser1	0	1.0	0	0	0	0	0	0	0	0	0
R3hdm1	0	0	0	0	0	1.0	0	0	0	0	0
Rab20	0	0	0	0	0	0	1.0	0	0	0	0
Rab22a	0	-1.0	0	0	0	0	0	0	0	0	-1.0
Rab27b	1.0	0	0	0	0	1.0	1.0	0	0	0	0
Rab30	0	0	0	0	0	0	1.0	0	0	0	0
Rab4a	0	1.0	0	0	0	1.0	1.0	0	0	0	0
Rabgap1l	0	-1.0	0	0	0	-1.0	0	0	0	-1.0	0
Rabgef1	0	-1.0	0	0	0	0	0	0	0	0	0
Rabif	0	0	0	-1.0	0	0	0	0	0	0	0
Rad50	0	1.0	0	0	0	0	0	0	0	0	0
Rai1	0	1.0	0	0	0	1.0	0	0	0	0	0
Ralgps1	0	1.0	0	0	0	0	0	0	0	0	0
Ralgps2	0	0	0	0	0	0	1.0	1.0	0	0	0
Rapgef2	0	1.0	0	0	0	0	1.0	0	0	0	0
Rasa2	0	0	0	0	0	0	0	0	0	-1.0	0
Rasal3	0	0	0	0	0	1.0	1.0	0	0	0	0
Rasd2	0	0	-1.0	0	0	0	0	0	0	0	-1.0
Rasgef1a	0	0	0	0	0	0	0	-1.0	0	0	0
Rasgrp1	0	1.0	0	0	0	0	1.0	1.0	0	0	0
Rasl11b	0	0	0	-1.0	0	0	0	0	0	0	0
Rassf1	0	0	-1.0	-1.0	0	0	0	-1.0	0	0	0
Rassf3	0	0	-1.0	-1.0	-1.0	0	0	0	0	0	0
Rassf5	0	1.0	0	0	0	1.0	0	0	0	0	0
Rb1	1.0	0	0	0	0	0	0	1.0	0	0	0
Rbl1	0	1.0	0	0	0	0	0	0	0	0	0
Rbm12	0	0	-1.0	-1.0	0	0	0	0	0	0	0
Rbm20	0	0	0	0	0	1.0	0	1.0	0	0	0
Rbm43	0	0	0	0	0	0	1.0	1.0	0	0	0
Rbm47	1.0	0	0	0	0	0	1.0	0	0	0	0
Rbms1	0	0	0	0	0	0	0	1.0	0	0	0
Rbpj	0	1.0	0	0	0	1.0	0	0	0	0	0
Rcn1	0	0	0	0	0	0	0	1.0	0	0	0
Rcor3	0	0	0	0	0	0	1.0	0	0	0	0
Rcsd1	0	1.0	0	0	0	0	1.0	0	0	0	0
Reck	0	0	0	-1.0	0	0	0	0	0	0	0
Recql4	0	0	0	0	0	0	1.0	1.0	0	0	0
Reep3	0	-1.0	-1.0	0	0	-1.0	0	0	0	-1.0	0
Reep5	0	0	0	0	0	0	1.0	0	0	0	0
Relb	0	0	-1.0	0	0	0	0	0	0	0	0
Reps2	0	0	-1.0	-1.0	0	0	0	0	0	0	-1.0
Ret	0	0	0	0	0	0	1.0	0	0	0	0
Rgl3	0	0	-1.0	0	0	0	0	0	0	0	0
Rgmb	0	0	0	0	0	0	0	0	0	-1.0	0
Rgs10	1.0	0	0	0	0	0	1.0	0	0	0	0
Rgs16	0	0	0	0	0	0	0	0	0	0	-1.0
Rgs2	0	1.0	0	0	0	0	0	0	0	0	0
Rhbdf2	0	-1.0	0	-1.0	0	0	0	0	0	0	0
Ric8	0	0	0	0	0	0	0	-1.0	0	0	-1.0
Riok2	0	0	0	0	0	0	0	0	0	-1.0	0
Rnd1	0	0	-1.0	0	0	0	0	0	0	0	0
Rnd3	0	0	0	0	0	0	0	0	0	-1.0	0
Rnf130	0	0	0	0	0	0	1.0	0	0	0	0
Rnf144a	0	0	0	0	0	1.0	0	0	0	0	0
Rnf144b	0	0	0	0	0	0	1.0	0	0	0	0
Rnf145	0	-1.0	0	0	0	0	0	0	0	-1.0	0
Rnf149	0	0	0	0	0	0	0	0	0	-1.0	0
Rnf166	0	0	0	0	0	0	0	1.0	0	0	0
Rnf19b	0	0	0	0	0	0	1.0	0	0	0	0
Rnf217	0	0	0	-1.0	-1.0	0	0	0	0	0	-1.0
Rnf43	0	0	0	0	-1.0	0	0	0	0	0	0
Robo1	0	0	0	0	0	0	0	1.0	0	0	0
Rora	0	1.0	0	0	0	1.0	1.0	1.0	0	0	0
Rpl13	1.0	0	0	0	0	0	1.0	0	0	0	0
Rpl13a	1.0	0	0	0	0	0	0	1.0	0	0	0
Rpl7	0	0	0	0	0	0	0	1.0	0	0	0
Rplp1	0	1.0	0	0	0	0	0	0	0	0	0
Rps11	0	0	0	0	0	0	0	1.0	0	0	0
Rps3	0	0	0	0	0	0	0	1.0	0	0	0
Rps6ka1	0	1.0	0	0	0	0	1.0	1.0	0	0	0
Rps6ka2	0	0	-1.0	0	0	0	0	0	0	0	-1.0
Runx2	0	-1.0	0	-1.0	0	0	0	-1.0	0	-1.0	-1.0
Rxrg	0	0	0	0	0	0	0	1.0	0	0	0
Ryr1	0	0	0	0	-1.0	0	0	0	0	0	-1.0
S100a10	0	-1.0	0	0	0	0	0	0	0	0	0
S1pr4	0	0	0	0	0	0	1.0	0	0	0	0
Samd10	0	0	0	0	0	0	1.0	1.0	0	0	0
Samd3	0	0	0	0	-1.0	0	0	0	0	0	0
Samd4	0	0	0	0	-1.0	-1.0	0	0	0	0	0
Samhd1	0	0	0	0	0	0	1.0	0	0	0	0
Samsn1	0	1.0	0	0	0	1.0	1.0	1.0	0	0	0
Sash3	0	1.0	0	0	0	1.0	0	0	0	0	0
Satb1	0	0	0	0	-1.0	0	0	-1.0	0	0	0
Sbno2	0	0	-1.0	-1.0	0	0	0	-1.0	0	0	0
Scd2	0	1.0	0	0	0	0	0	0	0	0	0
Scel	0	1.0	0	0	0	0	1.0	1.0	0	0	0
Scin	0	0	0	0	0	0	1.0	0	0	0	0
Scrt1	0	-1.0	0	0	0	0	0	0	0	0	0
Sdc1	0	0	0	0	0	0	0	-1.0	0	0	0
Sdc2	0	-1.0	0	0	0	0	0	0	0	0	0
Sec24d	0	-1.0	0	0	0	0	0	-1.0	0	0	0
Sel1l3	0	0	0	0	-1.0	0	0	-1.0	0	0	-1.0
Sell	0	-1.0	0	0	0	0	0	0	0	0	0
Selplg	0	-1.0	0	-1.0	0	-1.0	0	0	-1.0	-1.0	-1.0
Sema4c	0	0	0	0	-1.0	0	0	0	0	0	0
Sema4f	0	-1.0	0	0	0	0	0	0	0	0	0
Sephs2	0	-1.0	0	0	0	0	0	0	0	0	0
Sept9	0	0	0	0	0	0	1.0	0	0	0	0
Sepw1	0	0	0	0	0	0	1.0	0	0	0	0
Serinc3	0	1.0	0	0	0	0	0	0	0	0	0
Serp1	0	0	0	0	0	1.0	0	1.0	0	0	0
Serpinb1a	0	0	0	0	-1.0	0	0	0	0	0	0
Serpinb9	0	0	0	0	0	-1.0	0	0	0	-1.0	0
Sertad1	0	0	0	-1.0	0	0	0	0	0	0	0
Sertad3	0	0	0	-1.0	0	0	0	0	0	0	0
Setd7	0	0	-1.0	0	0	0	0	-1.0	0	-1.0	0
Setdb1	0	0	0	0	0	0	0	1.0	0	0	0
Setdb2	0	0	0	0	0	0	1.0	0	0	0	0
Sfmbt2	0	-1.0	0	0	0	0	0	0	0	-1.0	0
Sgk3	0	0	0	0	-1.0	0	0	0	0	0	-1.0
Sgms1	1.0	1.0	0	0	0	0	1.0	1.0	0	0	0
Sh3bgrl	0	0	0	0	0	0	1.0	0	0	0	0
Sh3bgrl2	0	0	0	0	0	1.0	1.0	0	0	0	0
Sh3bp1	0	0	0	0	0	0	0	1.0	0	0	0
Sh3gl1	0	0	0	0	-1.0	0	0	0	0	-1.0	0
Sh3kbp1	0	1.0	0	0	0	1.0	1.0	0	0	0	0
Sh3rf1	1.0	1.0	0	0	0	0	1.0	0	0	0	0
Sipa1l2	0	0	-1.0	0	0	0	0	0	0	-1.0	0
Skap1	1.0	0	0	0	0	0	1.0	0	0	0	0
Ski	0	0	0	0	-1.0	0	0	0	0	0	-1.0
Slain1	1.0	1.0	0	0	0	0	1.0	1.0	0	0	0
Slc11a2	1.0	0	0	0	0	0	0	0	0	0	0
Slc14a1	0	0	0	0	0	0	0	0	0	-1.0	0
Slc15a1	0	0	0	0	0	0	1.0	0	0	0	0
Slc15a3	0	0	0	0	0	0	0	0	0	-1.0	0
Slc16a1	1.0	1.0	0	0	0	0	0	1.0	0	0	0
Slc16a10	0	-1.0	0	0	0	0	0	0	0	0	0
Slc16a3	0	0	0	0	-1.0	0	0	0	0	0	-1.0
Slc17a9	0	0	0	0	0	0	1.0	0	0	0	0
Slc22a23	0	0	0	0	0	0	0	1.0	0	0	0
Slc23a2	0	0	0	0	0	0	0	-1.0	0	-1.0	0
Slc24a3	0	1.0	0	0	0	0	1.0	1.0	0	0	0
Slc25a4	1.0	0	0	0	0	0	0	0	0	0	0
Slc26a10	0	0	0	0	0	0	0	0	0	0	-1.0
Slc27a6	0	0	0	0	0	1.0	0	0	0	0	0
Slc2a1	0	1.0	0	0	0	1.0	0	1.0	0	0	0
Slc31a2	0	0	0	0	0	0	1.0	1.0	0	0	0
Slc34a3	0	0	-1.0	0	-1.0	0	0	0	0	0	-1.0
Slc35b2	0	0	0	0	0	0	0	-1.0	0	0	0
Slc35e1	0	0	0	0	-1.0	0	0	0	0	0	0
Slc37a4	0	-1.0	-1.0	0	0	-1.0	0	-1.0	0	0	0
Slc39a11	0	0	0	0	0	0	1.0	0	0	0	0
Slc39a13	0	0	0	0	0	0	1.0	0	0	0	0
Slc4a8	0	1.0	0	0	0	1.0	0	0	0	0	0
Slc5a3	0	0	-1.0	-1.0	0	0	0	0	0	0	0
Slc6a12	1.0	0	0	0	0	0	1.0	1.0	0	0	0
Slc6a13	1.0	0	0	0	0	0	1.0	1.0	0	0	0
Slc7a1	0	0	0	-1.0	0	0	0	0	0	0	0
Slc7a6	0	-1.0	0	0	0	0	0	0	0	0	0
Slc7a6os	0	-1.0	0	0	0	-1.0	0	0	0	0	0
Slc7a8	0	0	0	0	0	0	1.0	0	0	0	0
Slc9a2	0	-1.0	0	0	-1.0	0	0	0	0	0	-1.0
Slc9a3r1	0	0	0	0	-1.0	0	0	0	0	0	-1.0
Slc9a9	1.0	1.0	0	0	0	1.0	0	1.0	0	0	0
Slco4a1	0	0	0	0	-1.0	0	0	0	0	0	-1.0
Slco5a1	0	0	-1.0	-1.0	0	0	0	-1.0	0	0	-1.0
Slfn2	0	0	0	0	0	0	0	0	0	-1.0	0
Smad7	0	0	0	0	0	0	0	-1.0	0	-1.0	0
Smap1	0	1.0	0	0	0	0	1.0	0	0	0	0
Smap2	0	0	0	-1.0	0	0	0	0	0	0	0
Smo	0	1.0	0	0	0	0	0	0	0	0	0
Smpdl3a	0	1.0	0	0	0	0	0	1.0	0	0	0
Smug1	0	0	0	0	0	0	0	-1.0	0	0	0
Snap29	0	0	0	0	0	0	0	0	0	-1.0	0
Sncaip	0	-1.0	0	0	-1.0	-1.0	0	-1.0	0	0	0
Sntb1	0	0	0	0	0	0	0	1.0	0	0	0
Soat1	0	0	0	0	0	0	0	1.0	0	0	0
Sorbs1	1.0	1.0	0	0	0	1.0	1.0	1.0	0	0	0
Sorl1	0	0	0	0	0	0	1.0	0	0	0	0
Sp110	0	0	0	0	0	1.0	0	0	0	0	0
Sp140	0	0	0	0	0	1.0	0	0	0	0	0
Sp3	0	-1.0	0	0	-1.0	0	0	0	0	0	0
Spag7	0	0	-1.0	0	-1.0	0	0	0	0	0	-1.0
Spcs3	0	0	0	0	0	1.0	0	0	0	0	0
Specc1l	0	-1.0	-1.0	0	-1.0	0	0	-1.0	0	-1.0	-1.0
Spef2	0	0	0	0	0	1.0	0	0	0	0	0
Sphk2	0	0	0	0	-1.0	0	0	-1.0	0	0	0
Spock2	0	1.0	0	0	0	0	0	0	0	0	0
Spty2d1	1.0	0	0	0	0	0	0	0	0	0	0
Srbd1	0	0	0	0	0	0	1.0	0	0	0	0
Srgap1	0	0	0	0	-1.0	0	0	-1.0	0	-1.0	-1.0
Srgap2	0	0	-1.0	0	-1.0	0	0	0	0	0	0
Srgap3	0	-1.0	0	0	0	0	0	0	0	-1.0	0
Srsf2	0	0	0	0	-1.0	0	0	-1.0	0	0	0
St14	0	0	0	0	0	0	0	-1.0	0	0	0
St3gal2	1.0	0	0	0	0	0	1.0	0	0	0	0
St3gal6	0	0	0	0	0	0	1.0	0	0	0	0
St6gal1	1.0	1.0	0	0	0	0	1.0	1.0	0	0	0
St6galnac3	1.0	0	0	0	0	0	0	0	0	0	0
St6galnac5	1.0	0	0	0	0	0	1.0	0	0	0	0
St8sia1	0	-1.0	0	-1.0	0	-1.0	0	0	0	0	0
St8sia4	0	0	0	0	0	0	1.0	0	0	0	0
Stab2	0	1.0	0	0	0	1.0	0	1.0	0	0	0
Stat1	0	1.0	0	0	0	0	0	0	0	0	0
Stat3	0	0	0	0	-1.0	0	0	-1.0	0	-1.0	-1.0
Stat4	0	-1.0	0	0	0	-1.0	0	-1.0	-1.0	-1.0	0
Stat5b	0	0	-1.0	0	0	0	0	0	0	0	0
Stk11	0	0	0	0	-1.0	0	0	-1.0	0	0	0
Stk24	0	0	0	0	-1.0	0	0	0	0	-1.0	-1.0
Stk3	0	1.0	0	0	0	1.0	0	0	0	0	0
Stk32c	0	0	-1.0	-1.0	-1.0	0	0	0	0	0	0
Stk4	0	1.0	0	0	0	0	1.0	1.0	0	0	0
Stk40	0	-1.0	-1.0	0	-1.0	0	0	-1.0	0	0	0
Stom	0	-1.0	0	0	0	0	0	0	0	0	0
Ston2	1.0	1.0	0	0	0	1.0	0	1.0	0	0	0
Stx5a	0	-1.0	0	0	0	-1.0	0	0	0	0	0
Stx6	0	-1.0	0	0	0	0	0	0	0	0	0
Stxbp4	0	1.0	0	0	0	1.0	1.0	1.0	0	0	0
Stxbp6	0	1.0	0	0	0	1.0	1.0	1.0	0	0	0
Styk1	0	0	0	0	0	-1.0	0	0	-1.0	-1.0	0
Sumf1	0	0	0	0	0	1.0	0	0	0	0	0
Sun2	0	-1.0	0	0	0	0	0	0	0	0	0
Susd1	0	1.0	0	0	0	0	1.0	0	0	0	0
Sv2b	0	0	0	0	0	0	1.0	0	0	0	0
Sv2c	1.0	0	0	0	0	1.0	0	0	0	0	0
Syn3	0	0	0	0	0	0	0	-1.0	0	0	0
Syne1	0	1.0	0	0	0	1.0	1.0	0	0	0	0
Syne2	0	0	0	0	0	0	0	0	0	-1.0	0
Synj2	0	0	0	0	0	1.0	1.0	0	0	0	0
Sytl2	0	1.0	0	0	0	0	1.0	0	0	0	0
Sytl3	0	0	-1.0	0	0	0	0	0	0	0	0
Taf3	0	1.0	0	0	0	0	0	1.0	0	0	0
Taldo1	0	0	0	0	0	0	1.0	0	0	0	0
Tank	0	0	0	0	-1.0	0	0	0	0	0	0
Taok3	0	0	0	0	0	0	1.0	0	0	0	0
Tapbpl	0	0	0	0	0	1.0	0	0	0	0	0
Tarsl2	0	0	-1.0	-1.0	0	0	0	0	0	0	-1.0
Tasp1	0	1.0	0	0	0	1.0	0	0	0	0	0
Tbc1d10b	0	0	0	0	-1.0	0	0	0	0	0	-1.0
Tbc1d2b	0	0	0	0	0	0	0	1.0	0	0	0
Tbc1d30	0	0	-1.0	0	0	0	0	0	0	0	0
Tbc1d5	1.0	0	0	0	0	0	1.0	1.0	0	0	0
Tbc1d8	0	0	-1.0	-1.0	0	0	0	0	0	0	0
Tbck	0	1.0	0	0	0	0	1.0	1.0	0	0	0
Tcf7	0	0	0	0	0	0	0	0	0	-1.0	0
Tcf7l1	0	0	0	0	0	1.0	0	0	0	0	0
Tctn1	1.0	0	0	0	0	1.0	0	0	0	0	0
Tec	0	-1.0	0	0	-1.0	0	0	-1.0	0	-1.0	0
Tet2	1.0	0	0	0	0	0	1.0	1.0	0	0	0
Tex9	0	0	0	0	0	0	1.0	0	0	0	0
Themis	0	0	0	0	0	0	1.0	0	0	0	0
Thra	0	0	0	0	0	0	1.0	0	0	0	0
Thsd4	0	1.0	0	0	0	0	1.0	0	0	0	0
Thsd7b	0	0	0	-1.0	0	-1.0	0	0	-1.0	0	0
Thumpd3	0	1.0	0	0	0	0	0	0	0	0	0
Tiam1	1.0	1.0	0	0	0	0	1.0	1.0	0	0	0
Tigd5	0	0	-1.0	0	-1.0	0	0	0	0	0	-1.0
Tigit	0	-1.0	0	0	-1.0	0	0	-1.0	0	0	0
Tiparp	1.0	1.0	0	0	0	0	1.0	0	0	0	0
Tjp3	0	0	0	0	0	0	0	1.0	0	0	0
Tk2	1.0	0	0	0	0	0	0	0	0	0	0
Tlcd2	0	0	0	0	0	0	1.0	0	0	0	0
Tlk1	1.0	0	0	0	0	0	0	0	0	0	0
Tlr4	0	0	0	0	0	0	1.0	0	0	0	0
Tm6sf1	0	0	0	0	0	0	0	0	0	-1.0	0
Tmcc2	0	0	0	0	0	0	0	0	0	-1.0	0
Tmem104	0	-1.0	0	0	0	0	0	0	0	0	0
Tmem131	0	0	0	0	0	0	0	-1.0	0	0	0
Tmem150c	0	0	0	-1.0	0	0	0	0	0	0	0
Tmem154	0	0	0	0	0	1.0	0	1.0	0	0	0
Tmem164	0	1.0	0	0	0	0	0	0	0	0	0
Tmem183a	0	0	-1.0	-1.0	0	0	0	0	0	0	0
Tmem186	0	0	0	0	0	-1.0	0	0	-1.0	0	0
Tmem30a	1.0	0	0	0	0	0	0	0	0	0	0
Tmem39a	0	-1.0	0	-1.0	0	0	0	0	0	0	0
Tmem63b	0	0	0	0	0	0	0	0	0	0	-1.0
Tmem88	0	0	0	-1.0	0	0	0	0	0	0	0
Tmprss6	0	-1.0	0	0	0	0	0	0	0	-1.0	0
Tmtc2	1.0	1.0	0	0	0	0	0	0	0	0	0
Tmtc4	0	1.0	0	0	0	0	0	0	0	0	0
Tnf	0	0	0	0	-1.0	0	0	0	0	0	-1.0
Tnfaip8	1.0	1.0	0	0	0	1.0	0	1.0	0	0	0
Tnfaip8l2	0	0	0	0	0	0	0	0	0	0	-1.0
Tnfrsf10b	1.0	0	0	0	0	0	0	1.0	0	0	0
Tnfrsf11a	1.0	0	0	0	0	1.0	1.0	0	0	0	0
Tnfrsf18	1.0	1.0	0	0	0	0	0	0	0	0	0
Tnfrsf1b	0	-1.0	0	0	0	0	0	0	0	0	0
Tnfrsf22	0	0	0	0	0	0	1.0	0	0	0	0
Tnfrsf26	1.0	0	0	0	0	1.0	1.0	0	0	0	0
Tnfrsf9	0	0	0	0	0	0	0	0	0	-1.0	0
Tnfsf10	0	0	0	0	0	0	0	1.0	0	0	0
Tnfsf14	0	0	0	0	0	0	1.0	0	0	0	0
Tnip3	0	0	0	0	0	-1.0	0	0	0	0	0
Tnks1bp1	0	0	0	-1.0	0	0	0	0	0	0	0
Top2a	0	1.0	0	0	0	0	0	0	0	0	0
Tpm4	0	-1.0	0	0	0	0	0	0	0	0	0
Tpst2	0	0	-1.0	-1.0	-1.0	0	0	0	0	0	-1.0
Trafd1	0	0	0	-1.0	0	0	0	0	0	0	0
Trak1	0	0	0	0	0	0	0	0	0	0	-1.0
Trap1	0	0	0	0	0	0	1.0	0	0	0	0
Trappc4	0	-1.0	-1.0	0	0	-1.0	0	-1.0	0	0	0
Trim27	0	0	0	0	0	0	0	0	0	-1.0	0
Trip10	0	0	-1.0	0	0	0	0	0	0	0	0
Trip11	0	1.0	0	0	0	0	0	0	0	0	0
Trps1	0	1.0	0	0	0	1.0	1.0	1.0	0	0	0
Trub1	0	0	0	0	0	0	1.0	0	0	0	0
Tsc22d3	0	0	0	0	-1.0	0	0	0	0	0	-1.0
Tsga10	0	0	0	-1.0	0	0	0	0	0	0	0
Tshz3	0	1.0	0	0	0	0	0	0	0	0	0
Tspan13	0	1.0	0	0	0	1.0	0	1.0	0	0	0
Tspan14	0	0	0	0	0	0	0	-1.0	0	0	0
Tspan2	0	0	0	0	-1.0	0	0	0	0	0	-1.0
Tspan31	0	0	0	0	0	0	0	1.0	0	0	0
Tspan4	1.0	0	0	0	0	0	1.0	0	0	0	0
Tssk6	0	0	0	0	-1.0	0	0	0	0	0	-1.0
Ttc21b	1.0	1.0	0	0	0	1.0	1.0	0	0	0	0
Ttc27	0	1.0	0	0	0	1.0	1.0	0	0	0	0
Ttc28	0	1.0	0	0	0	0	0	0	0	0	0
Ttc3	1.0	1.0	0	0	0	0	1.0	1.0	0	0	0
Ttc39c	0	0	-1.0	-1.0	0	0	0	-1.0	0	-1.0	0
Ttyh1	1.0	1.0	0	0	0	0	1.0	0	0	0	0
Ttyh3	0	0	-1.0	-1.0	0	0	0	0	0	0	-1.0
Tuba8	0	0	0	0	0	0	0	1.0	0	0	0
Tusc2	0	0	-1.0	-1.0	0	0	0	-1.0	0	0	0
Tusc3	1.0	1.0	0	0	0	1.0	1.0	0	0	0	0
Txk	0	0	0	0	-1.0	0	0	0	0	-1.0	0
Txnip	1.0	0	0	0	0	0	0	0	0	0	0
Txnrd1	0	0	0	-1.0	-1.0	0	0	0	0	-1.0	-1.0
Tyrobp	0	0	-1.0	0	0	0	0	0	0	0	0
Ubac2	0	-1.0	0	-1.0	-1.0	-1.0	0	-1.0	0	-1.0	0
Ubash3a	0	0	0	0	0	0	1.0	0	0	0	0
Ubash3b	0	0	0	0	0	1.0	0	0	0	0	0
Ube2e2	0	1.0	0	0	0	0	1.0	1.0	0	0	0
Ube2o	0	0	-1.0	-1.0	0	0	0	0	0	0	-1.0
Ube2s	0	0	-1.0	-1.0	0	-1.0	0	0	0	-1.0	-1.0
Ube2v2	0	0	0	0	0	0	1.0	0	0	0	0
Ube2z	0	0	0	-1.0	0	0	0	0	0	0	-1.0
Ubl3	0	-1.0	0	0	0	-1.0	0	0	0	0	0
Ubr2	0	0	0	0	0	0	0	-1.0	0	0	0
Ubtd2	0	-1.0	0	0	0	0	0	0	0	0	0
Uck2	0	0	0	0	0	0	1.0	1.0	0	0	0
Ucp2	0	0	0	0	0	0	1.0	1.0	0	0	0
Ucp3	0	0	0	-1.0	-1.0	0	0	-1.0	0	0	-1.0
Ugcg	0	-1.0	0	0	0	-1.0	0	0	0	-1.0	0
Ugp2	0	0	0	0	0	1.0	1.0	0	0	0	0
Unc119b	0	0	-1.0	-1.0	0	0	0	0	0	0	0
Unc13d	0	0	0	0	0	0	0	1.0	0	0	0
Unc79	0	0	0	0	0	1.0	0	0	0	0	0
Upp1	0	-1.0	0	0	0	0	0	0	0	0	0
Usf1	0	0	0	0	0	0	0	0	0	-1.0	0
Usp3	1.0	1.0	0	0	0	0	0	0	0	0	0
Ust	0	-1.0	0	0	0	0	0	0	0	0	0
Utp14b	0	0	0	0	0	0	0	1.0	0	0	0
Vangl2	0	0	0	0	0	0	1.0	0	0	0	0
Vegfa	0	0	0	0	0	0	0	-1.0	0	0	0
Vgll4	0	0	0	0	0	0	0	-1.0	0	0	0
Vhl	0	0	-1.0	0	-1.0	0	0	-1.0	0	0	-1.0
Vps54	1.0	1.0	0	0	0	1.0	0	0	0	0	0
Vrk1	1.0	0	0	0	0	0	1.0	0	0	0	0
Vti1a	0	0	0	0	0	0	0	1.0	0	0	0
Wbp2	0	0	-1.0	-1.0	-1.0	0	0	-1.0	0	0	0
Wdfy2	0	0	0	0	0	0	1.0	1.0	0	0	0
Wdr37	0	0	0	0	0	0	0	0	0	-1.0	-1.0
Wdr41	0	0	0	0	0	0	0	1.0	0	0	0
Wdr46	1.0	0	0	0	0	0	0	0	0	0	0
Wdr59	0	0	0	0	0	0	1.0	0	0	0	0
Wdr60	0	1.0	0	0	0	0	1.0	1.0	0	0	0
Whrn	0	0	-1.0	-1.0	0	0	0	0	0	0	-1.0
Wipf1	0	0	0	0	0	0	0	1.0	0	0	0
Wwc1	0	-1.0	0	0	0	0	0	0	0	0	0
Ypel2	0	1.0	0	0	0	0	0	0	0	0	0
Ywhah	0	0	-1.0	0	0	0	0	0	0	0	0
Zbtb7c	0	0	0	-1.0	0	0	0	-1.0	0	0	0
Zcchc10	0	0	0	0	0	0	1.0	0	0	0	0
Zcwpw1	0	1.0	0	0	0	0	0	0	0	0	0
Zdhhc18	0	0	-1.0	-1.0	-1.0	0	0	-1.0	0	-1.0	0
Zdhhc21	0	1.0	0	0	0	0	1.0	0	0	0	0
Zeb1	0	-1.0	0	0	0	0	0	0	0	0	0
Zfp1	1.0	1.0	0	0	0	0	1.0	0	0	0	0
Zfp438	0	0	0	0	0	1.0	0	0	0	0	0
Zfp516	0	1.0	0	0	0	0	0	0	0	0	0
Zfp521	0	0	0	0	0	0	0	0	0	-1.0	0
Zfp523	0	0	0	0	0	-1.0	0	0	0	-1.0	0
Zfp574	0	0	-1.0	0	0	0	0	0	0	0	0
Zfp59	0	0	0	0	-1.0	0	0	0	0	0	0
Zfp646	0	0	-1.0	0	0	0	0	0	0	0	0
Zfp658	0	0	0	0	0	0	0	-1.0	0	0	0
Zfp703	0	0	0	0	-1.0	0	0	0	0	0	-1.0
Zfp704	0	1.0	0	0	0	0	1.0	0	0	0	0
Zfp810	0	0	0	0	0	0	0	0	0	-1.0	0
Zfp92	0	0	0	0	0	0	1.0	1.0	0	0	0
Zmat4	0	0	0	0	0	0	0	0	0	-1.0	0
Zmiz1	0	0	0	0	-1.0	0	0	0	0	0	-1.0
Zmym6	0	0	0	0	0	0	1.0	0	0	0	0
Znf512b	0	0	0	0	0	0	1.0	1.0	0	0	0
Znrf1	0	1.0	0	0	0	0	1.0	0	0	0	0
Zpbp2	0	0	0	0	0	0	0	1.0	0	0	0
Zscan2	0	0	-1.0	0	-1.0	0	0	0	0	0	0
Zscan21	0	0	-1.0	-1.0	0	0	0	0	0	0	0
Zswim3	0	0	-1.0	-1.0	-1.0	0	0	0	0	0	0
Zswim6	0	0	0	0	0	-1.0	0	0	-1.0	0	0
