	Atf3	Bcl11a	Bcl6	Egr1	Egr2	Fos	Fosb	Jun	Klf4	Rreb1	Srf
0610009o20rik	0	0	0	0	0	0.5	0	0	0	0	0
1110007c09rik	0	0	0	0	0	-0.5	-0.5	-0.5	0	0	0
1110034g24rik	0	0	0	0.5	0	0	0	0	0	0	0
1110038b12rik	0	0	0	0.5	0	0.5	0	0	0	0	0
1110057k04rik	0.5	0	0	0	0	0	0	0	0	0	0
1190002n15rik	0.5	0	0	0.5	0	0.5	0	0	0.5	0	0.5
1300002k09rik	0	0	0	0.5	0	0.5	0	0	0.5	0	0
1500012f01rik	0	0	1.0	0.5	0	0.5	0	0	0.5	0	0.5
1600029i14rik	0.5	0	0	0.5	0	0.5	0	0	0	0	0
1700001l05rik	0	0	0	0	0	-0.5	0	0	0	0	0
1700023e05rik	0	0	0	0.5	0	0.5	0	0	0.5	0	0
1700030j22rik	0	0	0	0	0	0	0	-0.5	0	0	0
1700086o06rik	0	0	0	0	0	0.5	0	0	0	0	0
1700096k18rik	0.5	0	0	0.5	0	0.5	0	0	0.5	0	0.5
1810011h11rik	0.5	0	0	0	0	0	0	0	0	0	0
1810043g02rik	0	0	0	0.5	0	0.5	0	0	0.5	0	0.5
2010107g12rik	0	0	0	0	0	-0.5	-0.5	-0.5	0	0	0
2010111i01rik	0	0	0	0	0	-0.5	-0.5	-0.5	0	0	0
2010300c02rik	0	0	0	0	0	0	0	-0.5	0	0	0
2610002j02rik	0	0	0	0.5	0	0.5	0	0	0.5	0	0
2610035d17rik	0	0	0	0	0	-0.5	0	-0.5	0	0	0
2700029m09rik	0.5	0	0	0.5	0	0.5	0	0	0.5	0	0
2700094k13rik	0.5	0	0	0.5	0	0.5	0	0	0	0	0
2810442i21rik	0	-1.0	0	-1.0	0	-0.5	-0.5	-0.5	0	0	0
2900026a02rik	0.5	0	0	0.5	0	0.5	0	0	0.5	0	0.5
3110002h16rik	0	0	0	0	0	0	-0.5	-0.5	0	0	0
3110040n11rik	0	0	0	0.5	0	0	0	0	0	0	0
3110082i17rik	0	0	0	0	0	-0.5	0	-0.5	0	0	0
4632428n05rik	0	0	0	0.5	0	0.5	0	0	0.5	0	0
4732471j01rik	0	0	0	0	0	-0.5	-0.5	-0.5	0	0	0
4833418n02rik	0.5	0	0	0.5	0	0.5	0	0	0.5	0	0.5
4833422c13rik	0	0	0	0	0	-0.5	0	-0.5	0	0	0
4930452b06rik	0	0	0	0.5	0	0.5	0	0	0	0	0
4930523c07rik	0	0	0	0	0	-0.5	0	-0.5	0	0	0
4930539j05rik	0.5	0	0	0.5	0	0.5	0	0	0.5	0	0.5
4931406c07rik	0	0	0	0.5	0	0	0	0	0.5	0	0
4933421o10rik	0	0	0	0.5	0	0.5	0	0	0	0	0
4933426m11rik	0	0	0	0.5	0	0.5	0	0	0.5	0	0.5
4933427d14rik	0	0	0	0	0	-0.5	0	-0.5	0	0	0
5830432e09rik	0	0	0	0	0	-0.5	0	-0.5	0	0	0
6030468b19rik	0	0	0	0	0	-0.5	0	0	0	0	0
6330416g13rik	0.5	0	0	0.5	0	0.5	0	0	0	0	0
6430548m08rik	0	0	0	0	0	-0.5	-0.5	-0.5	0	0	0
6430562o15rik	0	0	0	0	0	0	0	-0.5	0	0	0
8430419l09rik	0	0	0	0.5	0	0	0	0	0.5	0	0
8430427h17rik	0	0	0	0	0	-0.5	0	0	0	0	0
9030617o03rik	0	0	0	0	0	-0.5	-0.5	-0.5	0	0	0
9030624j02rik	0.5	0	0	0	0	0.5	0	0	0.5	0	0
9130019o22rik	0	0	0	0	0	-0.5	0	-0.5	0	0	0
9330133o14rik	0.5	0	0	0.5	0	0.5	0	0	0.5	0	0
9430076c15rik	0	0	0	0	0	0	0	-0.5	0	0	0
9530059o14rik	0	0	0	0	0	-0.5	-0.5	0	0	0	0
9930111j21rik1	0	0	0	0.5	0	0	0	0	0	0	0.5
9930111j21rik2	0.5	0	0	0.5	0	0	0	0	0	0	0.5
A630007b06rik	0	0	0	0	0	-0.5	-0.5	-0.5	0	0	0
A930013f10rik	0	-1.0	0	0	0	0	0	0	0	0	0
Abca1	0	0	0	0	0	-0.5	0	0	0	0	0
Abca3	0.5	0	0	0.5	0	0.5	0	0	0	0	0
Abca6	0	0	0	0	0	-0.5	0	-0.5	0	0	0
Abcb1a	0	0	0	0	0	0	0	-0.5	0	0	0
Abcb1b	0	0	0	0	0	-0.5	-0.5	-0.5	0	0	0
Abcb8	0	0	0	0.5	0	0.5	0	0	0.5	0	0
Abcd1	0.5	0	0	0.5	0	0.5	0	0	0.5	0	0
Abhd14b	0.5	0	0	0.5	0	0.5	0	0	0.5	0	0.5
Abhd2	0	0	0	0	0	-0.5	0	-0.5	0	0	0
Abl1	0.5	0	0	0.5	0	0.5	0	0	1.5	1.0	0
Abl2	0	0	0	0	0	-0.5	-0.5	-0.5	0	0	0
Abtb2	0	0	0	0	0	-0.5	-0.5	-0.5	0	0	0
Acaa2	0.5	0	0	0.5	0	0	0	0	0.5	0	0
Acadl	0.5	0	0	0.5	0	0	0	0	0.5	0	0.5
Acap3	0	0	0	0	0	-0.5	0	0	0	0	0
Acer3	0.5	0	0	0.5	0	0	0	0	0.5	0	0.5
Aco1	0	0	0	0.5	0	0	0	0	0.5	0	0.5
Acot1	0	0	0	0.5	0	0.5	0	0	0	0	0
Acot8	0	0	0	0.5	0	0.5	0	0	1.5	0	0.5
Acot9	0	0	0	0	0	-0.5	0	-0.5	0	0	0
Acp5	0	0	0	0.5	0	0	0	0	0	0	0.5
Acsl5	0	0	0	0.5	0	0.5	0	0	0	0	0
Acss1	0	0	0	0	0	-0.5	-0.5	-0.5	0	0	0
Acta2	0	0	0	0	0	-0.5	0	0	0	0	0
Actn1	0.5	0	0	0.5	0	0.5	0	0	0.5	0	0
Actr3	0	0	0	0.5	0	0	0	0	0	0	0.5
Acvr1b	0	-1.0	0	0	0	-0.5	-0.5	-0.5	0	0	0
Adam8	0	0	0	0	0	0	-0.5	-0.5	0	0	0
Adamts4	0	0	0	0	0	0	0	-0.5	0	0	0
Adamts7	0	0	0	0	0	-0.5	0	0	0	0	0
Adamtsl4	0	0	0	0	0	-0.5	0	-0.5	0	0	0
Adamtsl5	0	0	0	0	0	-0.5	-0.5	0	0	0	0
Adarb1	0	0	0	0	0	0	0	-0.5	0	0	0
Adcy4	0	0	0	0	0	-0.5	0	0	0	0	0
Add3	0	0	0	0	0	-0.5	0	-0.5	0	0	0
Adora2a	0	0	0	0	0	-0.5	0	0	0	0	0
Adora3	0	0	0	0	0	-0.5	0	-0.5	0	0	0
Adrb2	0	0	1.0	0.5	0	0.5	0	0	0	0	0
Adss	0	0	0	0	0	-0.5	0	-0.5	0	0	0
Adssl1	0	0	0	0	0	-0.5	-0.5	-0.5	0	0	0
Aebp2	0	0	0	0	0	-0.5	0	-0.5	0	0	0
Afap1l2	0	0	0	0	0	0	0	-0.5	0	0	0
Aff1	0	0	0	0	0	-0.5	-0.5	-0.5	0	0	0
Agap1	0	0	0	0	0	-0.5	0	-0.5	0	0	0
Agfg2	0.5	0	0	0.5	0	0.5	0	0	0.5	0	0.5
Agpat4	0	0	0	0	0	-0.5	-0.5	-0.5	0	0	0
Agpat5	0	0	0	0.5	0	0.5	0	0	0.5	0	0.5
Agpat6	0	0	0	0	0	0	0	-0.5	0	0	0
Agpat9	0	0	0	0	0	-0.5	-0.5	-0.5	0	0	0
Ahcy	0.5	0	0	0.5	0	0	0	0	0.5	0	0.5
Ahnak	0	0	0	0	0	-0.5	-0.5	-0.5	0	0	0
Ahsa1	0	0	0	0.5	0	0	0	0	0	0	0
Ai467606	0	0	0	0.5	0	0	0	0	0.5	0	0
Ai504432	0	0	0	0	0	-0.5	0	-0.5	0	0	0
Ai662270	0	0	0	0	0	0.5	0	0	0	0	0.5
Ai846148	0.5	0	0	0	0	0	0	0	0.5	0	0.5
Aif1l	0	0	0	0	0	0	0	-0.5	0	0	0
Aig1	0	0	0	0	0	-0.5	-0.5	-0.5	0	0	0
Aim1	0	0	0	0	0	0	-0.5	0	0	0	0
Aim2	0	0	0	0.5	0	0.5	0	0	0	0	0
Ak2	0	0	0	0.5	0	0	0	0	0	0	0
Akap12	0	0	0	0	0	0	0	-0.5	0	0	0
Akap13	0	0	0	0	0	-0.5	-0.5	-0.5	0	0	0
Akap6	0	0	0	0	0	0	0	-0.5	0	0	0
Akap9	0	0	0	0	0	-0.5	0	-0.5	0	0	0
Akr1b10	0.5	0	0	0.5	0	0.5	0	0	0.5	0	0
Akr7a5	0	0	0	0.5	0	0.5	0	0	0	0	0
Alcam	0	0	0	0	0	-0.5	-0.5	-0.5	0	0	0
Aldh18a1	0.5	0	0	0.5	0	0	0	0	0.5	0	0
Aldh1a2	0	0	0	0	0	0.5	0	0	0	0	0.5
Aldh2	0.5	0	0	0.5	0	0.5	0	0	0	0	0
Aldob	0.5	0	0	0	0	0.5	0	0	0	0	0
Alg6	0	0	0	0.5	0	0	0	0	0	0	0
Alg8	0	0	0	0.5	0	0	0	0	0	0	0
Alms1	0	0	0	0.5	0	0	0	0	0	0	0
Alox5ap	0	0	0	0	0	-0.5	0	-0.5	0	0	0
Amica1	0	0	0	0.5	0	0.5	0	0	0	0	0
Ampd2	0.5	0	0	0.5	0	0.5	0	0	0.5	0	0
Ampd3	0	0	0	0	0	0.5	0	0	0.5	0	0.5
Angpt2	0	0	0	0	0	-0.5	0	-0.5	0	0	0
Ank	0	0	0	0	0	-0.5	0	-0.5	0	0	0
Ank2	0	0	0	0	0	-0.5	-0.5	-0.5	0	0	0
Ank3	0	0	0	0	0	-0.5	0	0	0	0	0
Ankle1	0	0	0	0.5	0	0	0	0	0.5	0	0.5
Ankmy2	0	0	0	0.5	0	0	0	0	0.5	0	0.5
Ankrd11	0	0	0	0	0	-0.5	-0.5	-0.5	0	0	0
Ankrd24	0.5	0	0	0.5	0	0.5	0	0	0.5	0	0.5
Ankrd26	0	0	0	0.5	0	0	0	0	0	0	0
Ankrd27	0.5	0	0	0.5	0	0.5	0	0	0.5	0	0.5
Ankrd33b	0	0	0	0	0	-0.5	-0.5	-0.5	0	0	0
Ankrd50	0	0	0	0	0	-0.5	0	0	0	0	0
Anks1	0.5	0	0	0.5	0	0.5	0	0	0.5	0	0.5
Anln	0.5	0	0	0.5	0	0.5	0	0	0.5	0	0.5
Ano6	0.5	0	0	0.5	0	0	0	0	0.5	0	0.5
Anpep	0	0	0	0.5	0	0	0	0	0	0	0
Antxr1	0	0	0	0	0	-0.5	-0.5	0	0	0	0
Antxr2	0	0	0	0	0	-0.5	-0.5	-0.5	0	0	0
Anxa11	0	0	0	0	0	-0.5	-0.5	-0.5	0	0	0
Anxa2	0	0	0	0	0	-0.5	0	-0.5	0	0	0
Anxa3	0	0	0	0	0	-0.5	0	-0.5	0	0	0
Anxa4	0	0	0	0	0	-0.5	0	-0.5	0	0	0
Ap3b1	0.5	0	0	0.5	0	0	0	0	0	0	0
Ap3d1	0.5	0	0	0.5	0	0.5	0	0	0.5	0	0
Apaf1	0	0	0	0	0	-0.5	0	-0.5	0	0	0
Aph1b	0	0	0	0.5	0	0	0	0	0.5	0	0
Aph1c	0	0	0	0	0	-0.5	-0.5	0	0	0	0
Aplp2	0	0	0	0	0	-0.5	-0.5	-0.5	0	0	0
Apobec1	0	0	0	0	0	-0.5	0	-0.5	0	0	0
Apoe	0	0	0	0	0	-0.5	0	-0.5	0	0	0
Apof	0	0	0	0	0	-0.5	0	0	0	0	0
App	0	0	0	0	0	-0.5	-0.5	-0.5	0	0	0
Appl1	0	0	0	0	0	-0.5	0	0	0	0	0
Aqp9	0	0	0	0.5	0	0.5	0	0	0	0	0.5
Arap1	0	0	0	0.5	0	0.5	0	0	0	0	0.5
Arc	0	0	0	0	0	-0.5	0	0	0	0	0
Arhgap10	0	0	0	0	0	-0.5	-0.5	-0.5	0	0	0
Arhgap19	0.5	0	0	0	0	0	0	0	0	0	0
Arhgap23	0	0	0	0	0	-0.5	-0.5	-0.5	0	0	0
Arhgap24	0	0	0	0	0	-0.5	-0.5	-0.5	0	0	0
Arhgap26	0	0	0	0	0	-0.5	-0.5	-0.5	0	0	0
Arhgap27	0.5	0	0	0.5	0	0	0	0	0	0	0
Arhgap31	0	0	0	0	0	-0.5	0	-0.5	0	0	0
Arhgap32	0.5	0	0	0.5	0	0	0	0	0	0	0
Arhgap4	0	0	0	0.5	0	0.5	0	0	0	0	0
Arhgap9	0.5	0	0	0.5	0	0.5	0	0	0	0	0
Arhgef10l	0	0	0	0	0	-0.5	0	-0.5	0	0	0
Arhgef15	0	0	0	0	0	-0.5	0	0	0	0	0
Arhgef2	0	0	0	0	0	-0.5	-0.5	0	0	0	0
Arhgef3	0.5	0	0	0.5	0	0.5	0	0	0.5	0	0
Arhgef40	0	0	0	0	0	-0.5	0	-0.5	0	0	0
Arhgef6	0	0	0	0.5	0	0	0	0	0	0	0.5
Arid1a	0.5	0	0	0.5	0	0.5	0	0	0.5	0	0.5
Arid2	0.5	0	0	0.5	0	0.5	0	0	0.5	0	0.5
Arid3b	0.5	0	0	0.5	1.0	0.5	0	0	1.5	1.0	0
Arid5a	0	0	0	0	0	-0.5	0	-0.5	0	0	0
Arid5b	0	0	0	0	0	0	0	-0.5	0	0	0
Arl11	0	0	0	0	0	0	0	0	0.5	0	0
Arl2bp	0	0	0	0	0	-0.5	0	0	0	0	0
Arl4c	0	0	0	0	0	-0.5	-0.5	-0.5	0	0	0
Arl5c	0	0	0	0	0	0	0	-0.5	0	0	0
Armc8	0.5	0	0	0.5	0	0.5	0	0	0	0	0.5
Arntl	0	0	0	0	0	-0.5	0	0	0	0	0
Arrdc3	0.5	0	0	0.5	0	0	0	0	0.5	0	0
As3mt	0	0	0	0	0	0.5	0	0	0	0	0
Asah1	0.5	0	0	0.5	0	0.5	0	0	0	0	0
Asap2	0	0	0	0	0	-0.5	-0.5	-0.5	0	0	0
Asb2	0	0	0	0	0	0.5	0	0	0	0	0.5
Asb3	0	0	0	0.5	0	0	0	0	0	0	0.5
Asb7	0	0	0	0	0	-0.5	0	0	0	0	0
Asf1b	0	0	0	0.5	0	0.5	0	0	0	0	0.5
Ash1l	0	0	0	0	0	-0.5	0	0	0	0	0
Asnsd1	0	0	0	0.5	0	0	0	0	0	0	0
Aspm	0.5	0	0	0.5	0	0.5	0	0	0	0	0.5
Asxl1	0	0	0	0	0	-0.5	-0.5	-0.5	0	0	0
Atad2	0	0	0	0.5	0	0.5	0	0	0.5	0	0.5
Atf3	0.5	0	0	0.5	0	0.5	0	0	0.5	0	0.5
Atf6	0	0	0	0	0	-0.5	0	-0.5	0	0	0
Atf6b	0.5	0	0	0.5	0	0.5	0	0	0	0	0
Atf7ip	0.5	0	0	0.5	0	0.5	0	0	0	0	0.5
Atg3	0.5	0	0	0.5	0	0.5	0	0	0	0	0
Atg7	0.5	0	0	0.5	0	0.5	0	0	0.5	0	0.5
Atic	0.5	0	0	0.5	0	0	0	0	0.5	0	0
Atm	0	0	0	0.5	0	0.5	0	0	0	0	0
Atp10a	0	0	0	0	0	0	0	-0.5	0	0	0
Atp13a3	0	0	0	0	0	-0.5	0	-0.5	0	0	0
Atp1a1	0	0	0	0	0	-0.5	0	-0.5	0	0	0
Atp1a3	0.5	0	0	0.5	0	0.5	0	0	0.5	0	0.5
Atp2a3	0	0	0	0.5	0	0.5	0	0	0.5	0	0
Atp2b1	0	0	0	0	0	-0.5	0	-0.5	0	0	0
Atp2b4	0	0	0	0	0	0	0	-0.5	0	0	0
Atp8b1	0	0	0	0	0	-0.5	0	-0.5	0	0	0
Atrnl1	0	0	0	0	0	-0.5	0	-0.5	0	0	0
Atxn1	0	0	0	0	0	-0.5	0	-0.5	0	0	0
Auh	0	0	0	0	0	-0.5	0	-0.5	0	0	0
Aurka	0.5	0	0	0.5	0	0.5	0	0	0	0	0
Aurkb	0	0	0	0.5	0	0.5	0	0	0.5	0	0.5
Auts2	0	0	0	0	0	-0.5	0	-0.5	0	0	0
Aw011738	0.5	0	0	0.5	0	0.5	0	0	0.5	0	0.5
Aw112010	0	0	0	0	0	-0.5	0	0	0	0	0
Axl	0	0	0	0	0	-0.5	-0.5	-0.5	0	0	0
B230217c12rik	0	0	1.0	0.5	0	0.5	0	0	0.5	0	0
B3gnt8	0	0	0	0	0	-0.5	0	-0.5	0	0	0
B430306n03rik	0	0	0	0.5	0	0	0	0	0	0	0
B4galt5	0	0	0	0	0	-0.5	0	0	0	0	0
B4galt6	0	0	0	0	0	-0.5	0	-0.5	0	0	0
B630005n14rik	0	0	0	0.5	0	0	0	0	0.5	0	0.5
B930003m22rik	0.5	0	0	0.5	0	0.5	0	0	0	0	0.5
B9d2	0	0	0	0	0	-0.5	0	0	0	0	0
Bach1	0	0	0	0	0	-0.5	-0.5	-0.5	0	0	0
Bahd1	0	0	0	-1.0	0	-0.5	0	-0.5	0	0	0
Banp	0.5	0	0	0.5	1.0	0.5	0	0	1.5	0	0.5
Basp1	0	0	0	0	0	-0.5	-0.5	-0.5	0	0	0
Batf	0	0	0	0	0	0	0	-0.5	0	0	0
Batf3	0.5	0	0	0.5	1.0	0.5	0	0	0.5	1.0	0
Baz2b	0	0	0	0	0	-0.5	0	-0.5	0	0	0
Bbc3	0.5	0	0	0.5	0	0.5	0	0	0.5	0	0.5
Bbx	0	0	0	0	0	-0.5	0	-0.5	0	0	0
Bc004004	0.5	0	0	0.5	0	0	0	0	0	0	0.5
Bc018507	0	0	0	0	0	-0.5	0	-0.5	0	0	0
Bc037034	0	0	0	0	0	0	0	0	0.5	0	0.5
Bc052040	0	0	0	0.5	0	0	0	0	0	0	0
Bc053749	0.5	0	0	0.5	0	0.5	0	0	0.5	0	0.5
Bc055324	0	0	0	0.5	0	0	0	0	0	0	0
Bcar1	0	0	0	0	0	-0.5	0	0	0	0	0
Bcl11a	0.5	0	0	0.5	0	0.5	0	0	0	0	0.5
Bcl2	0.5	0	0	0.5	0	0.5	0	0	0	0	0.5
Bcl2l1	0	0	0	0	0	0	0	-0.5	0	0	0
Bcl2l14	0	0	0	0	0	-0.5	0	-0.5	0	0	0
Bcl2l15	0	0	0	0	0	-0.5	-0.5	0	0	0	0
Bcl3	0	0	0	0	0	-0.5	0	0	0	0	0
Bcl6	0.5	0	0	0	0	0	0	0	1.5	0	0.5
Bcl6b	0	0	0	0	0	-0.5	0	-0.5	0	0	0
Bcl9l	0	0	0	0	0	-0.5	0	-0.5	0	0	0
Bco2	0	0	0	0	0	-0.5	-0.5	-0.5	0	0	0
Bcr	0	0	0	0	0	-0.5	0	-0.5	0	0	0
Bean1	0	0	0	0	0	0	0	-0.5	0	0	0
Bend3	0	0	0	0	0	-0.5	0	0	0	0	0
Bend6	0	0	0	0	0	-0.5	-0.5	-0.5	0	0	0
Bhlhe40	0	0	0	0	0	-0.5	0	-0.5	0	0	0
Bin1	0	0	0	0	0	-0.5	0	-0.5	0	0	0
Bin3	0	0	0	0.5	0	0.5	0	0	0	0	0
Birc2	0	0	0	0	0	-0.5	0	-0.5	0	0	0
Birc5	0.5	0	0	0.5	0	0	0	0	0.5	0	0.5
Blcap	0	0	0	0	0	-0.5	-0.5	0	0	0	0
Bmp8a	0	0	0	0	0	-0.5	0	0	0	0	0
Braf	0	0	0	0	0	-0.5	0	-0.5	0	0	0
Brd1	0	0	0	0	0	-0.5	0	0	0	0	0
Brwd1	0	0	0	0	0	-0.5	0	0	0	0	0
Btbd16	0.5	0	0	0.5	0	0.5	0	0	0.5	0	0
Btbd7	0	0	0	0	0	-0.5	0	0	0	0	0
Btg2	0.5	0	0	0.5	0	0.5	0	0	0	0	0.5
Btk	0.5	0	0	0.5	0	0.5	0	0	0.5	0	0
Bub1	0.5	0	0	0.5	0	0	0	0	0	0	0.5
Bub1b	0	0	0	0.5	0	0.5	0	0	0	0	0.5
C030006k11rik	0	0	0	0.5	0	0	0	0	0.5	0	0
C030046e11rik	0	0	0	0	0	-0.5	0	0	0	0	0
C130050o18rik	0	0	0	0	0	-0.5	0	-0.5	0	0	0
C1galt1c1	0.5	0	0	0.5	0	0.5	0	0	0	0	0.5
C1qbp	0.5	0	0	0.5	0	0.5	0	0	0.5	0	0.5
C1qtnf1	0	0	0	0	0	-0.5	0	-0.5	0	0	0
C1qtnf9	0	0	0	0	0	-0.5	0	0	0	0	0
C2cd3	0.5	0	0	0.5	0	0	0	0	0.5	0	0.5
C3	0	0	0	0	0	-0.5	0	-0.5	0	0	0
C530005a16rik	0	0	0	0	0	0	0	-0.5	0	0	0
Cab39l	0.5	0	0	0.5	0	0.5	0	0	0	0	0
Cacna1c	0	0	0	0	0	-0.5	0	0	0	0	0
Cacna1d	0	-1.0	0	0	0	-0.5	-0.5	-0.5	0	0	0
Cacnb1	0	0	0	0	0	0	0	-0.5	0	0	0
Cacnb4	0	0	0	-1.0	0	-0.5	0	-0.5	0	0	0
Cacybp	0	0	0	0.5	0	0	0	0	0.5	0	0.5
Cadm4	0	0	0	0	0	-0.5	-0.5	-0.5	0	0	0
Camk2a	0	0	0	0	0	0.5	0	0	0	0	0
Camkk1	0	0	0	0.5	0	0.5	0	0	0	0	0.5
Camkk2	0	0	0	0	0	-0.5	-0.5	0	0	0	0
Capg	0	0	0	0	0	-0.5	-0.5	-0.5	0	0	0
Capn10	0	0	0	0	0	0	0	-0.5	0	0	0
Capn2	0	0	0	0	0	-0.5	-0.5	-0.5	0	0	0
Capn5	0	0	0	0	0	-0.5	0	-0.5	0	0	0
Caprin1	0.5	0	0	0.5	0	0.5	0	0	0.5	0	0.5
Car13	0	0	0	0	0	-0.5	0	-0.5	0	0	0
Car9	0	0	0	0.5	0	0.5	0	0	0.5	0	0.5
Card10	0	0	0	0	0	-0.5	0	0	0	0	0
Card11	0	0	0	0.5	0	0.5	0	0	0.5	0	0
Casc5	0.5	0	0	0.5	0	0	0	0	0.5	0	0
Casp4	0	0	0	0	0	-0.5	0	0	0	0	0
Casp7	0	0	0	0.5	0	0	0	0	0.5	0	0
Casz1	0	0	0	0	0	-0.5	0	0	0	0	0
Cav2	0	0	0	0	0	-0.5	-0.5	-0.5	0	0	0
Cbl	0.5	0	0	0.5	0	0.5	0	0	0.5	0	0.5
Cblb	0	0	0	0	0	-0.5	0	-0.5	0	0	0
Cbr2	0	0	0	0	0	-0.5	0	0	0	0	0
Cbr3	0	0	0	0	0	-0.5	0	0	0	0	0
Cbx3	0.5	0	0	0.5	0	0.5	0	0	0	0	0.5
Cbx5	0.5	0	0	0.5	0	0.5	0	0	0.5	0	0
Ccbl1	0	0	0	0	0	0.5	0	0	0	0	0
Ccdc101	0.5	0	0	0.5	0	0	0	0	0.5	0	0
Ccdc109b	0	0	0	0	0	-0.5	-0.5	-0.5	0	0	0
Ccdc138	0.5	0	0	0	0	0	0	0	0	0	0
Ccdc146	0	0	0	0	0	-0.5	-0.5	-0.5	0	0	0
Ccdc15	0.5	0	0	0.5	0	0	0	0	0	0	0
Ccdc163	0.5	0	0	0.5	0	0.5	0	0	0.5	0	0
Ccdc53	0.5	0	0	0.5	0	0	0	0	0.5	0	0.5
Ccdc69	0	0	0	0.5	0	0.5	0	0	0	0	0
Ccdc80	0	0	0	0	0	-0.5	-0.5	0	0	0	0
Ccdc86	0.5	0	0	0.5	0	0	0	0	0	0	0
Ccdc91	0	0	0	0.5	0	0	0	0	0	0	0
Ccl3	0	0	0	0.5	0	0	0	0	0	0	0
Ccl5	0	0	0	0	0	-0.5	0	0	0	0	0
Ccl6	0	0	0	0	0	0	0	-0.5	0	0	0
Ccna2	0	0	0	0.5	0	0.5	0	0	0.5	0	0.5
Ccnb1	0.5	0	0	0.5	0	0.5	0	0	0.5	0	0.5
Ccnb2	0.5	0	0	0	0	0	0	0	0	0	0
Ccnd2	0.5	0	1.0	0.5	0	0	0	0	0	0	0.5
Ccndbp1	0	0	0	0.5	0	0	0	0	0	0	0
Ccnf	0	0	0	0.5	0	0.5	0	0	0.5	0	0
Ccng2	0.5	0	0	0.5	0	0.5	0	0	1.5	0	0
Ccr1	0	0	0	0.5	0	0	0	0	0	0	0
Ccr6	0	0	0	0	0	0	0	-0.5	0	0	0
Ccr7	0	0	0	0	0	0	-0.5	0	0	0	0
Ccr9	0.5	0	0	0	1.0	0.5	0	0	0	0	0
Ccrl2	0	0	1.0	0.5	0	0	0	0	0	0	0.5
Ccrn4l	0	0	0	0	0	-0.5	0	0	0	0	0
Cd109	0	0	0	0	0	-0.5	0	-0.5	0	0	0
Cd14	0	0	0	0	0	-0.5	-0.5	-0.5	0	0	0
Cd151	0	0	0	0	0	0	0	-0.5	0	0	0
Cd180	0	0	0	0	0	0.5	0	0	0	0	0
Cd276	0	0	0	0	0	-0.5	-0.5	-0.5	0	0	0
Cd2ap	0.5	0	0	0.5	0	0	0	0	0.5	0	0.5
Cd300a	0	0	0	0	0	-0.5	-0.5	-0.5	0	0	0
Cd300e	0	0	0	0.5	0	0	0	0	0.5	0	0
Cd300lf	0.5	0	0	0.5	0	0.5	0	0	0	0	0
Cd33	0	0	0	0	0	0.5	0	0	0	0	0.5
Cd44	0	-1.0	0	0	0	-0.5	0	-0.5	0	0	0
Cd48	0	0	0	0	0	0	0	0	0.5	0	0.5
Cd53	0	0	0	0	0	-0.5	0	-0.5	0	0	0
Cd55	0	0	0	0	0	-0.5	0	0	0	0	0
Cd63	0	0	0	0	0	-0.5	0	-0.5	0	0	0
Cd69	0	0	0	0.5	0	0.5	0	0	0	0	0.5
Cd80	0	0	0	0	0	-0.5	0	-0.5	0	0	0
Cd83	0.5	0	0	0.5	0	0.5	0	0	0.5	0	0.5
Cd84	0	0	0	0.5	0	0.5	0	0	0	0	0
Cd86	0	0	0	0	0	-0.5	0	-0.5	0	0	0
Cd9	0	0	0	0	0	-0.5	0	-0.5	0	0	0
Cd93	0	0	0	0	0	-0.5	0	-0.5	0	0	0
Cdc14a	0.5	0	0	0.5	0	0.5	0	0	0	0	0.5
Cdc20	0	0	0	0.5	0	0.5	0	0	0	0	0
Cdc25a	0.5	0	0	0.5	0	0.5	0	0	0.5	0	0
Cdc25b	0.5	0	0	0.5	0	0	0	0	0.5	0	0
Cdc25c	0.5	0	0	0.5	0	0	0	0	0	0	0.5
Cdc42bpa	0	0	0	-1.0	0	-0.5	0	0	0	0	0
Cdc42se2	0	0	0	0	0	-0.5	-0.5	-0.5	0	0	0
Cdc45	0	0	0	0.5	0	0.5	0	0	0	0	0
Cdca2	0	0	0	0.5	0	0.5	0	0	0.5	0	0
Cdca3	0	0	0	0.5	0	0	0	0	0	0	0
Cdca7	0	0	0	0	0	0	0	0	0.5	0	0.5
Cdca8	0	0	0	0.5	0	0	0	0	0	0	0
Cdh1	0	0	0	0	0	0	0	-0.5	0	0	0
Cdh23	0	0	0	0	0	-0.5	-0.5	-0.5	0	0	0
Cdh5	0	0	0	0	0	0	0	-0.5	0	0	0
Cdk17	0	0	0	0	0	-0.5	-0.5	-0.5	0	0	0
Cdk4	0.5	0	0	0.5	0	0.5	0	0	0.5	0	0
Cdk5rap2	0	0	0	0.5	0	0	0	0	0	0	0.5
Cdkl3	0.5	0	0	0.5	0	0.5	0	0	0.5	0	0.5
Cdkl4	0.5	0	0	0.5	0	0.5	0	0	0	0	0.5
Cdkn1a	0	0	0	0	0	-0.5	-0.5	-0.5	0	0	0
Cdkn2aipnl	0.5	0	0	0	0	0	0	0	0	0	0
Cdkn2d	0	0	0	0	0	-0.5	0	-0.5	0	0	0
Cdr2	0	0	0	0	0	-0.5	0	-0.5	0	0	0
Cds1	0	0	0	0	0	-0.5	-0.5	-0.5	0	0	0
Cds2	0	0	0	-1.0	0	0	0	0	0	0	0
Cdt1	0.5	0	0	0.5	0	0.5	0	0	0.5	0	0
Cdyl2	0.5	0	0	0.5	0	0.5	0	0	0.5	0	0.5
Celf3	0	0	0	0	0	-0.5	-0.5	-0.5	0	0	0
Celf4	0	0	0	0.5	0	0.5	0	0	0.5	0	0.5
Cenpa	0	0	0	0	0	-0.5	0	0	0	0	0
Cenpc1	0	0	0	0	0	-0.5	-0.5	-0.5	0	0	0
Cenpe	0.5	0	0	0	0	0	0	0	0	0	0
Cenpf	0	0	0	0.5	0	0.5	0	0	0	0	0
Cenpl	0	0	0	0	0	-0.5	0	0	0	0	0
Cep192	0.5	0	0	0	0	0.5	0	0	0.5	0	0
Cep55	0.5	0	0	0.5	0	0	0	0	0.5	0	0.5
Cep57	0.5	0	0	0.5	0	0.5	0	0	0	0	0
Cep57l1	0	0	0	0.5	0	0	0	0	0.5	0	0.5
Cerk	0	0	0	0	0	-0.5	0	-0.5	0	0	0
Cflar	0	0	0	0	0	-0.5	-0.5	-0.5	0	0	0
Cfp	0	-1.0	0	0	0	0	0	-0.5	0	0	0
Chchd3	0.5	0	0	0.5	0	0.5	0	0	0	0	0
Chd7	0	0	0	0	0	-0.5	0	-0.5	0	0	0
Chd9	0.5	0	0	0.5	0	0.5	0	0	0	0	0.5
Chek2	0.5	0	0	0.5	0	0.5	0	0	0	0	0
Chid1	0	0	0	0.5	0	0	0	0	0.5	0	0
Chl1	0	0	0	0	0	0	0	-0.5	0	0	0
Chml	0	0	0	0.5	0	0.5	0	0	0.5	0	0.5
Chst10	0	0	0	0	0	-0.5	0	-0.5	0	0	0
Chsy1	0	0	0	0	0	-0.5	-0.5	0	0	0	0
Chuk	0	0	0	0.5	0	0	0	0	0.5	0	0.5
Cib1	0	0	0	0.5	0	0	0	0	0.5	0	0.5
Ciita	0	0	0	0.5	0	0	0	0	0	0	0
Cirbp	0.5	0	0	0.5	0	0.5	0	0	1.5	0	0.5
Cisd1	0.5	0	0	0.5	0	0	0	0	0	0	0
Cit	0	0	0	0.5	0	0.5	0	0	0	0	0
Cited2	0	0	0	0.5	0	0	0	0	0	0	0
Ckap2l	0	0	0	0.5	0	0	0	0	0	0	0.5
Cks1b	0.5	0	0	0.5	0	0.5	0	0	0	0	0
Clasp2	0	0	0	0	0	-0.5	0	-0.5	0	0	0
Clcf1	0	0	0	0	0	-0.5	0	-0.5	0	0	0
Cldn1	0	0	0	0	0	-0.5	0	-0.5	0	0	0
Cldn15	0	0	0	0	0	-0.5	0	0	0	0	0
Cldn7	0	0	0	0	0	0	0	-0.5	0	0	0
Clec12a	0	0	0	0	0	0.5	0	0	0	0	0
Clec1a	0.5	0	1.0	0.5	0	0.5	0	0	0	0	0
Clec2i	0	0	0	0	0	-0.5	-0.5	-0.5	0	0	0
Clec4b1	0	0	0	0	0	0	0	-0.5	0	0	0
Clec4g	0	0	0	0.5	0	0.5	0	0	0	0	0
Clec4n	0	0	0	0	0	-0.5	0	-0.5	0	0	0
Clic4	0	0	0	0	0	-0.5	0	-0.5	0	0	0
Clint1	0.5	0	0	0.5	0	0.5	0	0	0	0	0
Clip2	0	0	0	0.5	0	0.5	0	0	0.5	0	0
Cln8	0.5	0	0	0.5	0	0.5	0	0	0	0	0
Clns1a	0.5	0	0	0	0	0	0	0	0	0	0
Cmah	0	0	0	0	0	0	0	-0.5	0	0	0
Cmtm6	0	0	0	0	0	-0.5	-0.5	-0.5	0	0	0
Cnn1	0	0	0	0	0	-0.5	-0.5	0	0	0	0
Cnnm2	0	0	0	0	0	-0.5	0	-0.5	0	0	0
Cnnm4	0	0	0	0	0	-0.5	0	-0.5	0	0	0
Cnot4	0	0	0	0	0	-0.5	-0.5	-0.5	0	0	0
Cnr2	0	0	0	0	0	0	0	-0.5	0	0	0
Cntln	0	0	0	0.5	0	0	0	0	0	0	0
Cntrob	0.5	0	0	0.5	0	0.5	0	0	0.5	0	0
Cog5	0.5	0	0	0.5	0	0.5	0	0	0.5	0	0.5
Col14a1	0	0	0	0	0	-0.5	0	-0.5	0	0	0
Col15a1	0	-1.0	0	0	0	-0.5	-0.5	-0.5	0	0	0
Col17a1	0	0	0	0	0	0	0	-0.5	0	0	0
Col23a1	0.5	0	0	0.5	0	0	0	0	0.5	0	0
Col4a2	0	0	0	0	0	-0.5	-0.5	-0.5	0	0	0
Col4a3bp	0	0	0	0	0	-0.5	-0.5	-0.5	0	0	0
Colec12	0	0	0	0	0	-0.5	0	-0.5	0	0	0
Commd10	0	0	0	0.5	0	0	0	0	0.5	0	0.5
Commd8	0.5	0	0	0.5	0	0.5	0	0	0	0	0
Copg2	0.5	0	0	0.5	0	0.5	0	0	0.5	0	0
Coq10b	0.5	0	0	0.5	0	0.5	0	0	0	0	0
Coq2	0.5	0	0	0.5	0	0.5	0	0	0	0	0.5
Coro1b	0.5	0	0	0.5	0	0	0	0	0.5	0	0
Cox15	0	0	0	0.5	0	0	0	0	0.5	0	0
Cpm	0	0	0	0	0	0	0	0	0	0	0.5
Cpne3	0	0	0	0.5	0	0	0	0	0.5	0	0.5
Cpsf3	0	0	0	0.5	0	0	0	0	0.5	0	0
Cramp1l	0	0	0	-1.0	0	-0.5	0	0	0	0	0
Crb2	0	0	0	0	0	-0.5	-0.5	0	0	0	0
Creb5	0	0	0	0	0	-0.5	-0.5	-0.5	0	0	0
Creg1	0	0	0	0.5	0	0.5	0	0	0.5	0	0
Crem	0	0	0	0	0	-0.5	0	-0.5	0	0	0
Crip1	0	0	0	0	0	-0.5	0	-0.5	0	0	0
Crip2	0	0	0	0	0	-0.5	0	-0.5	0	0	0
Crk	0	0	0	0	0	-0.5	0	-0.5	0	0	0
Crocc	0.5	0	0	0.5	0	0.5	0	0	0.5	0	0.5
Crtc1	0	0	0	0	0	-0.5	0	-0.5	0	0	0
Crtc2	0	0	0	0	0	-0.5	0	-0.5	0	0	0
Crtc3	0	0	0	0	0	0	0	-0.5	0	0	0
Cry1	0	0	0	0	0	-0.5	0	0	0	0	0
Crybb1	0	0	0	0	0	0	0	-0.5	0	0	0
Cryl1	0.5	0	0	0	0	0.5	0	0	0	0	0
Cryzl1	0.5	0	0	0.5	0	0.5	0	0	0.5	0	0
Csad	0	0	0	0.5	0	0.5	0	0	0	0	0
Csf1	0	0	0	0	0	-0.5	0	0	0	0	0
Csf1r	0	0	0	0	0	-0.5	0	-0.5	0	0	0
Csf2	0.5	0	0	0.5	0	0.5	0	0	0	0	0
Csf2rb	0	0	0	0	0	-0.5	0	0	0	0	0
Csf2rb2	0	0	0	0	0	-0.5	0	0	0	0	0
Csf3r	0.5	0	0	0.5	0	0.5	0	0	0	0	0
Csrnp1	0	0	0	0	0	-0.5	-0.5	-0.5	0	0	0
Csrp1	0.5	0	0	0	0	0	0	0	0	0	0.5
Cstf2	0	0	0	0	0	0.5	0	0	0.5	0	0
Ctbs	0	0	0	0	0	0.5	0	0	0.5	0	0
Ctla2b	0	0	0	0	0	0.5	0	0	0	0	0.5
Ctla4	0	0	0	0.5	0	0	0	0	0	0	0
Ctnna1	0	0	0	0	0	-0.5	0	-0.5	0	0	0
Ctnnal1	0	0	0	0	0	-0.5	0	-0.5	0	0	0
Ctsa	0.5	0	0	0.5	0	0.5	0	0	0	0	0
Ctsd	0	0	0	0	0	-0.5	0	-0.5	0	0	0
Ctsz	0	0	0	0	0	-0.5	0	0	0	0	0
Cttnbp2nl	0	0	0	0	0	-0.5	-0.5	-0.5	0	0	0
Cwf19l1	0.5	0	0	0.5	0	0	0	0	0	0	0.5
Cx3cl1	0	0	0	0	0	-0.5	0	-0.5	0	0	0
Cx3cr1	0	0	0	0	0	-0.5	0	-0.5	0	0	0
Cxcl1	0	0	0	0	0	-0.5	0	-0.5	0	0	0
Cxcl10	0	0	0	0	0	0.5	0	0	0	0	0
Cxcl16	0	-1.0	0	-1.0	0	-0.5	-0.5	-0.5	0	0	0
Cxcl9	0	0	0	0	0	0.5	0	0	0	0	0
Cxcr3	0	0	0	0.5	0	0.5	0	0	0	0	0
Cxx1a	0	0	0	0.5	0	0	0	0	0.5	0	0
Cxx1b	0	0	0	0.5	0	0	0	0	0	0	0
Cxxc5	0	0	0	0	0	-0.5	0	-0.5	0	0	0
Cybb	0	0	0	0.5	0	0.5	0	0	0	0	0.5
Cybrd1	0	0	0	0	0	-0.5	-0.5	-0.5	0	0	0
Cyfip2	0.5	0	0	0	0	0.5	0	0	0.5	0	0.5
Cygb	0	0	0	0	0	0	0	-0.5	0	0	0
Cyp26b1	0.5	0	0	0.5	0	0	0	0	0	0	0.5
Cyp27a1	0.5	0	0	0.5	0	0.5	0	0	0	0	0
Cyp4f13	0	0	0	0.5	0	0	0	0	0	0	0.5
Cyp4f16	0	0	0	0	0	0	0	0	0.5	0	0
Cysltr2	0.5	0	0	0	0	0	0	0	0	0	0
Cyth1	0	0	0	0	0	-0.5	0	-0.5	0	0	0
Cyth4	0	0	0	0	0	-0.5	0	-0.5	0	0	0
Cytip	0	0	0	0	0	-0.5	-0.5	-0.5	0	0	0
Cyyr1	0	0	0	0	0	-0.5	0	0	0	0	0
D130017n08rik	0	0	0	0.5	0	0	0	0	0	0	0
D630041g03rik	0	0	0	0	0	-0.5	0	0	0	0	0
D6ertd527e	0	0	0	0	0	-0.5	0	-0.5	0	0	0
D8ertd82e	0	0	0	0	0	-0.5	-0.5	0	0	0	0
Daam1	0	0	0	0	0	-0.5	-0.5	-0.5	0	0	0
Dab2	0	0	0	0	0	-0.5	-0.5	-0.5	0	0	0
Dagla	0	0	0	0	0	-0.5	-0.5	-0.5	0	0	0
Dbf4	0.5	0	0	0.5	0	0	0	0	0.5	0	0.5
Dbp	0.5	0	0	0.5	0	0.5	0	0	0.5	0	0
Dcaf10	0	0	0	0	0	-0.5	0	-0.5	0	0	0
Dchs1	0	0	0	0	0	0	0	-0.5	0	0	0
Dclk1	0	0	0	0	0	-0.5	-0.5	-0.5	0	0	0
Ddit3	0.5	0	0	0.5	0	0.5	0	0	0.5	0	0.5
Ddx39	0.5	0	0	0	0	0	0	0	0	0	0
Decr2	0	0	0	0.5	0	0	0	0	0.5	0	0
Dennd4a	0	0	0	0	0	-0.5	-0.5	-0.5	0	0	0
Dennd4b	0	0	0	0	0	-0.5	0	-0.5	0	0	0
Depdc1a	0	0	0	0	0	0.5	0	0	0	0	0
Depdc7	0	0	0	0	0	-0.5	0	0	0	0	0
Dera	0	0	0	0.5	0	0	0	0	0	0	0
Dexi	0	0	0	0.5	0	0	0	0	0	0	0
Dfna5	0	0	0	0	0	-0.5	-0.5	-0.5	0	0	0
Dgcr2	0	0	0	0	0	-0.5	0	0	0	0	0
Dgka	0	0	0	0	0	-0.5	0	0	0	0	0
Dgkb	0	0	0	0	0	0	0	-0.5	0	0	0
Dgkg	0	0	0	0	0	-0.5	0	-0.5	0	0	0
Dgkh	0	0	0	0	0	-0.5	0	-0.5	0	0	0
Dhcr7	0.5	0	0	0.5	0	0.5	0	0	0.5	0	0.5
Dhdh	0.5	0	0	0.5	0	0.5	0	0	0.5	0	0
Diap1	0	0	0	0	0	-0.5	0	-0.5	0	0	0
Diap3	0.5	0	0	0.5	0	0.5	0	0	0	0	0
Dido1	0	0	0	0	0	-0.5	0	-0.5	0	0	0
Dis3l	0	0	0	0	0	0	0	0	0	0	0.5
Dixdc1	0	0	0	0	0	-0.5	0	-0.5	0	0	0
Dkc1	0.5	0	0	0.5	0	0.5	0	0	0	0	0
Dlgap5	0	0	0	0.5	0	0	0	0	0	0	0.5
Dmpk	0	0	0	0	0	0	0	-0.5	0	0	0
Dmxl2	0	0	0	0	0	0	0	-0.5	0	0	0
Dnaja1	0.5	0	0	0.5	0	0.5	0	0	0	0	0
Dnajb1	0.5	0	0	0.5	0	0	0	0	0.5	0	0.5
Dnajc12	0	0	0	0	0	-0.5	-0.5	-0.5	0	0	0
Dnajc14	0	0	0	0	0	-0.5	0	-0.5	0	0	0
Dnajc28	0	0	1.0	0.5	0	0.5	0	0	0	0	0.5
Dnm3	0	0	0	0	0	-0.5	-0.5	-0.5	0	0	0
Dnmbp	0	0	0	0	0	0	0	0	0	0	0.5
Dnmt1	0.5	0	0	0.5	0	0	0	0	0	0	0.5
Dnmt3a	0.5	0	0	0.5	0	0.5	0	0	0.5	0	0.5
Dock11	0	0	0	0.5	0	0	0	0	0.5	0	0
Dock9	0	0	0	0	0	-0.5	0	0	0	0	0
Dok2	0	0	0	0	0	-0.5	0	0	0	0	0
Donson	0	0	0	0	0	-0.5	0	0	0	0	0
Dos	0	0	0	0	0	-0.5	-0.5	-0.5	0	0	0
Dpy19l1	0.5	0	0	0.5	0	0.5	0	0	0.5	0	0.5
Dpy19l3	0.5	0	0	0.5	0	0	0	0	0.5	0	0.5
Dpy19l4	0.5	0	0	0.5	0	0.5	0	0	0	0	0.5
Drosha	0.5	0	0	0.5	0	0.5	0	0	0	0	0
Dstn	0.5	0	0	0.5	0	0.5	0	0	0.5	0	0.5
Dstyk	0	0	0	0	0	-0.5	0	-0.5	0	0	0
Dtl	0.5	0	0	0.5	0	0.5	0	0	0	0	0
Dtnbp1	0	0	0	0	0	-0.5	0	-0.5	0	0	0
Dtx3l	0	0	0	0.5	0	0.5	0	0	0	0	0
Dtx4	0.5	0	0	0	0	0.5	0	0	0	0	0.5
Dusp1	0.5	0	0	0.5	0	0.5	0	0	0.5	0	0
Dusp10	0.5	0	0	0.5	0	0	0	0	0.5	0	0.5
Dusp16	0.5	0	0	0.5	0	0.5	0	0	0.5	1.0	0.5
Dusp2	0	0	0	0	0	-0.5	0	0	0	0	0
Dusp3	0	0	0	0	0	-0.5	0	-0.5	0	0	0
Dusp6	0	0	0	0.5	0	0.5	0	0	0	0	0
Dvl2	0	0	0	0	0	0	-0.5	0	0	0	0
Dvl3	0	0	0	0	0	-0.5	0	-0.5	0	0	0
Dym	0.5	0	0	0.5	0	0.5	0	0	0.5	1.0	0
Dynlt1a	0	0	0	0.5	0	0	0	0	0.5	0	0.5
E130012a19rik	0	0	0	0	0	-0.5	0	-0.5	0	0	0
E230008n13rik	0	0	0	0	0	-0.5	-0.5	-0.5	0	0	0
E230029c05rik	0	0	0	0	0	-0.5	-0.5	-0.5	0	0	0
E2f8	0	0	0	0.5	0	0.5	0	0	0	0	0
E330020d12rik	0.5	0	0	0	0	0	0	0	0.5	0	0
Ears2	0	0	0	0	0	-0.5	0	0	0	0	0
Ecm1	0	0	0	0	0	-0.5	0	-0.5	0	0	0
Ect2	0	0	0	0	0	0.5	0	0	0.5	0	0
Ect2l	0	0	0	0	0	-0.5	0	-0.5	0	0	0
Edem2	0	0	0	0.5	0	0.5	0	0	0.5	0	0.5
Edem3	0	0	0	0	0	-0.5	0	0	0	0	0
Ednrb	0	0	0	0	0	-0.5	0	-0.5	0	0	0
Eed	0	0	0	0	0	-0.5	0	0	0	0	0
Efr3a	0.5	0	0	0.5	0	0.5	0	0	0	0	0
Efr3b	0	0	0	0	0	-0.5	0	0	0	0	0
Egln2	0	0	0	0	0	-0.5	0	0	0	0	0
Egr1	0.5	0	0	0.5	0	0	0	0	0	0	0.5
Egr2	0.5	0	0	0.5	0	0	0	0	0	0	0.5
Egr3	0.5	0	0	0.5	0	0.5	0	0	0	0	0.5
Ehd1	0	0	0	0	0	-0.5	0	-0.5	0	0	0
Ehd2	0	0	0	0	0	0	0	-0.5	0	0	0
Ehd4	0	0	0	0	0	-0.5	0	0	0	0	0
Eid3	0	0	0	0	0	-0.5	0	0	0	0	0
Eif2ak4	0.5	0	0	0.5	0	0	0	0	0.5	0	0.5
Eif4g3	0	0	0	0.5	0	0.5	0	0	0	0	0.5
Eif6	0	0	0	0	0	-0.5	0	-0.5	0	0	0
Ell	0	0	0	0	0	-0.5	0	-0.5	0	0	0
Eln	0	-1.0	0	0	0	0	0	0	0	0	0
Eltd1	0	0	0	0	0	-0.5	0	-0.5	0	0	0
Emg1	0	0	0	0.5	0	0.5	0	0	0	0	0
Emid1	0	0	0	0	0	-0.5	0	0	0	0	0
Emilin2	0	-1.0	0	0	0	-0.5	-0.5	-0.5	0	0	0
Eml6	0	0	0	0	0	-0.5	0	-0.5	0	0	0
Emp1	0	0	0	0	0	0	-0.5	0	0	0	0
Emp3	0	0	0	0	0	-0.5	0	-0.5	0	0	0
Enah	0	0	0	0	0	-0.5	-0.5	-0.5	0	0	0
Eng	0	0	0	0	0	-0.5	0	-0.5	0	0	0
Eno2	0	0	0	0	0	-0.5	0	0	0	0	0
Eno3	0	0	0	0	0	-0.5	0	-0.5	0	0	0
Eno4	0	0	0	0	0	-0.5	0	0	0	0	0
Enpep	0	0	0	0	0	-0.5	-0.5	0	0	0	0
Enpp3	0	0	0	0	0	-0.5	0	-0.5	0	0	0
Enpp4	0	0	0	0.5	0	0	0	0	0	0	0
Enpp5	0.5	0	0	0.5	0	0.5	0	0	0	0	0
Entpd1	0	-1.0	0	0	0	-0.5	-0.5	-0.5	0	0	0
Entpd3	0.5	0	0	0.5	0	0.5	0	0	0.5	0	0
Epas1	0	0	0	0	0	-0.5	0	0	0	0	0
Epb4.1	0	-1.0	0	0	0	0	0	-0.5	0	0	0
Eps8	0	-1.0	0	0	0	-0.5	-0.5	-0.5	0	0	0
Eral1	0	0	0	0	0	0	0	0	0.5	0	0
Erap1	0	0	0	0.5	0	0.5	0	0	0	0	0
Erc1	0.5	0	0	0.5	0	0.5	0	0	0.5	0	0
Erg	0	0	0	0	0	-0.5	-0.5	-0.5	0	0	0
Errfi1	0.5	0	0	0.5	0	0	0	0	0	0	0
Espl1	0	0	0	0.5	0	0.5	0	0	0	0	0.5
Espn	0	0	0	0.5	0	0.5	0	0	0.5	0	0.5
Esr1	0	0	0	0	0	-0.5	0	-0.5	0	0	0
Etfb	0	0	0	0.5	0	0.5	0	0	0.5	0	0
Etohd2	0	0	0	0	0	-0.5	0	-0.5	0	0	0
Ets1	0	0	0	0	0	-0.5	-0.5	-0.5	0	0	0
Ets2	0.5	0	1.0	0.5	1.0	0	0	0	0	0	0.5
Etv1	0	0	0	0	0	-0.5	0	-0.5	0	0	0
Etv3	0	0	0	0	0	-0.5	0	-0.5	0	0	0
Etv5	0.5	0	0	0.5	0	0.5	0	0	0	0	0
Evl	0	0	0	0.5	0	0	0	0	0	0	0
Exoc2	0.5	0	0	0.5	0	0.5	0	0	0	0	0
Exoc6	0.5	0	0	0.5	0	0.5	0	0	0.5	0	0.5
Exoc8	0	0	0	0	0	-0.5	0	0	0	0	0
Exosc5	0	0	0	0.5	0	0	0	0	0	0	0.5
Ext1	0	0	0	0	0	-0.5	-0.5	-0.5	0	0	0
Extl3	0	0	0	0.5	0	0	0	0	0	0	0
Eya3	0	0	0	0	0	-0.5	0	0	0	0	0
Ezh2	0.5	0	0	0.5	0	0.5	0	0	0	0	0
F11r	0	0	0	0	0	-0.5	0	-0.5	0	0	0
F2rl2	0	0	0	0	0	0	0	-0.5	0	0	0
F3	0	0	0	0	0	-0.5	0	0	0	0	0
F730043m19rik	0	0	0	0	0	-0.5	0	-0.5	0	0	0
Fadd	0	0	0	0	0	0	0	-0.5	0	0	0
Faf1	0.5	0	0	0.5	0	0.5	0	0	0.5	0	0.5
Fam102b	0	0	0	0	0	-0.5	-0.5	-0.5	0	0	0
Fam105a	0.5	0	0	0.5	0	0.5	0	0	0	0	0
Fam110a	0	0	0	0	0	-0.5	0	0	0	0	0
Fam111a	0.5	0	0	0.5	0	0.5	0	0	1.5	0	0
Fam117a	0.5	0	0	0.5	0	0.5	0	0	0.5	0	0
Fam117b	0	0	0	0	0	-0.5	0	0	0	0	0
Fam122b	0	0	0	0.5	0	0	0	0	0.5	0	0
Fam126a	0	0	0	0	0	-0.5	0	-0.5	0	0	0
Fam129a	0	0	0	0	0	-0.5	-0.5	-0.5	0	0	0
Fam129b	0	0	0	-1.0	0	-0.5	0	-0.5	0	-1.0	0
Fam134b	0.5	0	0	0.5	0	0.5	0	0	0.5	0	0.5
Fam151b	0	0	0	0.5	0	0	0	0	0	0	0
Fam160b2	0	0	0	0	0	0	0	-0.5	0	0	0
Fam161a	0.5	0	0	0.5	0	0.5	0	0	0.5	0	0
Fam167a	0	0	0	0	0	-0.5	0	-0.5	0	0	0
Fam173b	0	0	0	0.5	0	0	0	0	0	0	0
Fam174a	0.5	0	0	0.5	0	0	0	0	0	0	0
Fam198b	0	0	0	0	0	-0.5	-0.5	0	0	0	0
Fam20c	0	0	0	0	0	-0.5	0	-0.5	0	0	0
Fam26f	0.5	0	0	0	0	0	0	0	0	0	0
Fam53b	0	0	0	0.5	0	0.5	0	0	0	0	0
Fam63a	0	0	0	0	0	-0.5	0	0	0	0	0
Fam71a	0	0	0	0.5	0	0	0	0	0	0	0
Fam71e1	0.5	0	0	0.5	0	0	0	0	0.5	0	0
Fam71f2	0	0	0	0.5	0	0.5	0	0	0.5	1.0	0
Fam72a	0.5	0	0	0	0	0.5	0	0	0.5	0	0
Fancd2	0.5	0	0	0.5	0	0	0	0	0	0	0
Farp1	0	0	0	0	0	-0.5	0	-0.5	0	0	0
Farsb	0	0	0	0.5	0	0	0	0	0	0	0
Fas	0	0	0	0	0	-0.5	-0.5	0	0	0	0
Fat4	0	0	0	0	0	-0.5	0	0	0	0	0
Fbxl22	0	0	0	0	0	0	0	-0.5	0	0	0
Fbxl4	0.5	0	0	0.5	0	0.5	0	0	0.5	0	0.5
Fbxo10	0.5	0	0	0.5	0	0	0	0	0.5	0	0.5
Fbxo11	0	-1.0	0	0	0	-0.5	0	-0.5	0	0	0
Fbxo30	0	0	0	0	0	-0.5	0	0	0	0	0
Fbxo32	0	0	0	0	0	-0.5	0	-0.5	0	0	0
Fbxo34	0.5	0	0	0.5	0	0.5	0	0	0.5	0	0.5
Fcgr2b	0	0	0	0	0	-0.5	0	-0.5	0	0	0
Fcgr3	0	0	0	0	0	-0.5	0	-0.5	0	0	0
Fcgr4	0	0	0	0	0	-0.5	0	-0.5	0	0	0
Fchsd2	0.5	0	0	0.5	0	0.5	0	0	0	0	0.5
Fdft1	0	0	0	0.5	0	0.5	0	0	0.5	0	0
Fdps	0.5	0	0	0.5	0	0.5	0	0	0.5	0	0.5
Ffar2	0.5	0	0	0.5	0	0.5	0	0	0	0	0
Fgd1	0.5	0	0	0	0	0	0	0	0.5	0	0
Fgd2	0	0	0	0.5	0	0.5	0	0	0	0	0.5
Fgd4	0	0	0	0.5	0	0.5	0	0	0	0	0
Fgd6	0	0	0	0	0	-0.5	-0.5	-0.5	0	0	0
Fgfr1	0	0	0	0	0	0	0	-0.5	0	0	0
Fgl2	0	0	0	0	0	0.5	0	0	0	0	0.5
Fgr	0	0	0	0	0	-0.5	0	-0.5	0	0	0
Fh1	0.5	0	0	0.5	0	0.5	0	0	0	0	0
Fhl3	0	0	0	0	0	-0.5	0	-0.5	0	0	0
Filip1	0	0	0	0	0	-0.5	0	-0.5	0	0	0
Fkbp1b	0	0	0	0	0	-0.5	0	-0.5	0	0	0
Fkbp7	0.5	0	0	0.5	0	0.5	0	0	0.5	0	0.5
Flcn	0	0	0	0	0	0	0	-0.5	0	0	0
Fli1	0	0	0	0	0	-0.5	-0.5	-0.5	0	0	0
Flrt2	0	0	0	0	0	-0.5	0	-0.5	0	0	0
Flrt3	0	0	0	0	0	0	0	-0.5	0	0	0
Fmn1	0	0	0	0	0	-0.5	-0.5	0	0	0	0
Fmnl1	0	0	0	0	0	-0.5	-0.5	-0.5	0	0	0
Fmo5	0.5	0	0	0.5	0	0	0	0	0.5	0	0.5
Fn1	0	0	0	0	0	-0.5	0	-0.5	0	0	0
Fndc3a	0	0	0	0	0	0	0	-0.5	0	0	0
Fndc4	0	0	0	0	0	-0.5	-0.5	-0.5	0	0	0
Fndc5	0	0	0	0.5	0	0	0	0	0.5	0	0
Fndc7	0.5	0	0	0.5	0	0.5	0	0	0	0	0
Fnip2	0	0	0	0	0	-0.5	-0.5	-0.5	0	0	0
Fnta	0	0	0	0	0	-0.5	0	0	0	0	0
Fos	0.5	0	0	0.5	1.0	0.5	0	0	0.5	0	0.5
Fosb	0.5	0	0	0.5	0	0.5	0	0	0.5	0	0.5
Fosl2	0	0	0	0	0	-0.5	0	-0.5	0	0	0
Foxm1	0.5	0	0	0.5	0	0.5	0	0	0.5	0	0
Foxn2	0	0	0	0	0	-0.5	-0.5	0	0	0	0
Foxn3	0	0	0	0	0	-0.5	0	-0.5	0	0	0
Foxo1	0	0	0	0	0	-0.5	-0.5	-0.5	0	0	0
Foxp1	0	0	0	0	0	-0.5	-0.5	-0.5	0	0	0
Frmd6	0	0	0	0	0	-0.5	-0.5	0	0	0	0
Frs2	0	0	0	0	0	-0.5	0	0	0	0	0
Fry	0	0	0	0	0	-0.5	0	0	0	0	0
Fubp1	0.5	0	0	0.5	0	0.5	0	0	0	0	0.5
Fuca2	0.5	0	0	0	0	0.5	0	0	0	0	0
Fundc1	0	0	0	0.5	0	0	0	0	0.5	0	0.5
Furin	0	0	0	0	0	-0.5	-0.5	-0.5	0	0	0
Fut8	0.5	0	0	0.5	0	0.5	0	0	0	0	0.5
Fxyd5	0	0	0	0	0	-0.5	0	0	0	0	0
Fyb	0	0	0	0	0	0.5	0	0	0	0	0.5
Fyco1	0.5	0	0	0.5	1.0	0.5	0	0	0.5	0	0.5
Fyn	0	0	0	0	0	-0.5	-0.5	-0.5	0	0	0
Fzd7	0.5	0	0	0.5	0	0.5	0	0	0.5	0	0.5
G3bp2	0	0	0	0	0	-0.5	0	0	0	0	0
Gaa	0.5	0	0	0.5	1.0	0	0	0	0	0	0
Gabarapl1	0	0	0	0	0	-0.5	-0.5	-0.5	0	0	0
Gadd45a	0	0	0	0	0	0	-0.5	0	0	0	0
Gadd45b	0	0	0	0	0	-0.5	-0.5	-0.5	0	0	0
Gadd45g	0	0	0	0	0	-0.5	-0.5	-0.5	0	0	0
Galk2	0	0	0	0.5	0	0	0	0	0	0	0
Galnt10	0.5	0	0	0.5	0	0	0	0	0.5	0	0.5
Galnt6	0	0	0	0	0	-0.5	0	0	0	0	0
Gamt	0.5	0	0	0.5	0	0	0	0	0.5	0	0.5
Gan	0	0	0	0	0	-0.5	0	-0.5	0	0	0
Ganc	0.5	0	0	0.5	0	0	0	0	0	0	0
Gart	0	0	0	0.5	0	0.5	0	0	0	0	0.5
Gas2l1	0	0	0	-1.0	0	-0.5	0	0	0	-1.0	0
Gas7	0	0	0	0	0	-0.5	-0.5	-0.5	0	0	0
Gatsl2	0	0	0	0	0	-0.5	0	-0.5	0	0	0
Gbe1	0.5	0	0	0.5	0	0.5	0	0	0.5	0	0.5
Gcc1	0	0	0	0	0	-0.5	-0.5	-0.5	0	0	0
Gch1	0	0	0	0	0	0	0	-0.5	0	0	0
Gcnt1	0	0	0	0.5	0	0.5	0	0	0	0	0.5
Gcnt2	0	0	0	0	0	-0.5	0	-0.5	0	0	0
Gda	0	0	0	0	0	-0.5	-0.5	-0.5	0	0	0
Gdpd5	0.5	0	0	0.5	0	0.5	0	0	0.5	0	0
Gem	0	0	0	0	0	0	0	-0.5	0	0	0
Gfod1	0	-1.0	0	-1.0	0	-0.5	-0.5	-0.5	0	-1.0	0
Gfpt1	0	0	0	0	0	-0.5	0	-0.5	0	0	0
Gfpt2	0	0	0	0	0	-0.5	0	0	0	0	0
Ggta1	0	0	0	0	0	-0.5	0	-0.5	0	0	0
Gins2	0.5	0	0	0.5	0	0	0	0	0.5	0	0.5
Git1	0	0	0	0	0	-0.5	0	0	0	0	0
Glcci1	0	0	0	0	0	-0.5	0	-0.5	0	0	0
Glipr1	0.5	0	0	0	0	0	0	0	0.5	0	0
Glipr2	0	0	0	0	0	-0.5	-0.5	-0.5	0	0	0
Glis3	0	0	0	0	0	-0.5	0	-0.5	0	0	0
Gls	0	0	0	0	0	-0.5	0	0	0	0	0
Gls2	0	0	0	0	0	-0.5	0	-0.5	0	0	0
Glt25d1	0.5	0	0	0.5	0	0.5	0	0	0.5	0	0
Glul	0	0	0	0	0	-0.5	0	0	0	0	0
Gm11545	0	0	1.0	0.5	0	0	0	0	0.5	0	0
Gm12185	0	0	0	0.5	0	0	0	0	0	0	0.5
Gm13157	0	0	0	0	0	0	0	0	0	0	0.5
Gm15800	0.5	0	0	0.5	0	0	0	0	0.5	0	0
Gm16515	0.5	0	0	0.5	0	0	0	0	0.5	0	0
Gm4566	0	0	0	0	0	0	0	-0.5	0	0	0
Gm5129	0.5	0	0	0.5	0	0.5	0	0	0	0	0
Gm5431	0	0	0	0.5	0	0	0	0	0	0	0
Gm6225	0	0	0	0.5	0	0	0	0	0	0	0
Gm9199	0	0	0	0	0	0.5	0	0	0	0	0
Gmppa	0	0	0	0.5	0	0	0	0	0	0	0
Gnat1	0	0	0	0	0	-0.5	0	0	0	0	0
Gnat3	0	0	0	0	0	0.5	0	0	0	0	0
Gng12	0	0	0	0	0	-0.5	0	0	0	0	0
Gng4	0	0	0	0	0	-0.5	0	0	0	0	0
Gnpat	0.5	0	0	0.5	0	0.5	0	0	0	0	0
Gnptg	0	0	0	0	0	0	-0.5	0	0	0	0
Golim4	0	0	0	0.5	0	0	0	0	0	0	0.5
Golph3l	0	0	0	0	0	-0.5	0	-0.5	0	0	0
Gp49a	0	0	0	0	0	-0.5	0	-0.5	0	0	0
Gpc1	0	0	0	0	0	-0.5	0	0	0	0	0
Gpc6	0	0	0	0	0	-0.5	-0.5	-0.5	0	0	0
Gpd1l	0	0	0	0.5	0	0.5	0	0	0.5	0	0.5
Gpd2	0	0	0	0	0	-0.5	0	-0.5	0	0	0
Gphn	0	0	0	0.5	0	0.5	0	0	0	0	0
Gpr114	0.5	0	0	0.5	0	0.5	0	0	0.5	0	0
Gpr116	0	0	0	0	0	-0.5	0	0	0	0	0
Gpr126	0	0	0	0	0	-0.5	0	-0.5	0	0	0
Gpr146	0	0	0	0	0	-0.5	0	0	0	0	0
Gpr160	0	0	0	0	0	-0.5	0	-0.5	0	0	0
Gpr171	0	0	0	0	0	-0.5	0	0	0	0	0
Gpr18	0	0	1.0	0	0	0	0	0	0	0	0
Gpr35	0	0	0	0	0	-0.5	0	-0.5	0	0	0
Gpr56	0	0	0	0	0	-0.5	0	-0.5	0	0	0
Gpr65	0.5	0	0	0	0	0	0	0	0	0	0
Gpr68	0	0	0	0	0	-0.5	-0.5	-0.5	0	0	0
Gpr84	0	0	0	0	0	-0.5	0	-0.5	0	0	0
Gpr85	0	0	0	0	0	-0.5	0	0	0	0	0
Gpsm2	0	0	0	0	0	-0.5	-0.5	0	0	-1.0	0
Gpx4	0	0	0	0	0	-0.5	0	-0.5	0	0	0
Gramd1b	0.5	0	0	0.5	0	0.5	0	0	0	0	0.5
Gramd3	0	0	0	0	0	0	0	-0.5	0	0	0
Gramd4	0	0	0	0	0	-0.5	-0.5	-0.5	0	0	0
Grap2	0	-1.0	0	-1.0	0	-0.5	-0.5	-0.5	0	-1.0	0
Grasp	0.5	0	0	0.5	0	0	0	0	0.5	0	0.5
Grb2	0	0	0	0	0	-0.5	0	-0.5	0	0	0
Grhl1	0	0	0	0	0	-0.5	0	-0.5	0	0	0
Grk6	0.5	0	0	0.5	0	0.5	0	0	0.5	0	0.5
Grn	0	0	0	0.5	0	0.5	0	0	0.5	0	0
Grrp1	0	0	0	0	0	0	0	-0.5	0	0	0
Gse1	0	0	0	0	0	-0.5	-0.5	-0.5	0	0	0
Gsg1	0	0	0	0.5	0	0	0	0	0.5	0	0
Gstcd	0.5	0	0	0.5	0	0	0	0	0	0	0.5
Gstt2	0	0	0	0	0	0.5	0	0	0	0	0
Gtf2a2	0.5	0	0	0.5	0	0	0	0	0	0	0
Gtf2e2	0	0	0	0	0	-0.5	0	-0.5	0	0	0
Gtf2h2	0	0	0	0.5	1.0	0	0	0	0	1.0	0
Gtf2i	0.5	0	0	0.5	0	0.5	0	0	0.5	0	0.5
Gtf2ird2	0.5	0	0	0.5	0	0.5	0	0	0.5	0	0
Gxylt1	0	0	0	0	0	-0.5	0	0	0	0	0
Gys1	0.5	0	0	0.5	0	0.5	0	0	0.5	0	0.5
H13	0	0	0	0	0	-0.5	0	0	0	0	0
H1f0	0.5	0	0	0.5	0	0.5	0	0	0	0	0
H2-d1	0	0	0	0	0	-0.5	0	0	0	0	0
H2-eb2	0	0	0	0	0	-0.5	0	0	0	0	0
H2-k2	0	0	0	0.5	0	0.5	0	0	0	0	0
H2-m3	0.5	0	0	0.5	0	0	0	0	0.5	0	0
H2-t24	0.5	0	0	0.5	0	0.5	0	0	1.5	0	0.5
H3f3b	0.5	0	0	0.5	0	0.5	0	0	0.5	0	0.5
H6pd	0	0	0	0.5	0	0.5	0	0	0.5	0	0
Hap1	0.5	0	0	0.5	0	0.5	0	0	0.5	0	0
Has1	0	0	0	0	0	0	-0.5	0	0	0	0
Haus1	0.5	0	1.0	0.5	0	0.5	0	0	0.5	0	0.5
Haus5	0.5	0	0	0	0	0	0	0	0.5	0	0.5
Haus8	0	0	0	0.5	0	0.5	0	0	0.5	0	0.5
Havcr1	0	0	0	0	0	-0.5	0	0	0	0	0
Hbegf	0	0	0	0	0	-0.5	0	-0.5	0	0	0
Hccs	0	0	0	0	0	0.5	0	0	0	0	0
Hck	0.5	0	0	0.5	0	0.5	0	0	0.5	0	0.5
Hcls1	0.5	0	0	0.5	0	0.5	0	0	0	0	0.5
Hcst	0	0	0	0	0	0	0	-0.5	0	0	0
Hdac5	0	0	0	0	0	-0.5	0	-0.5	0	0	0
Hdac9	0.5	0	0	0.5	0	0.5	0	0	0	0	0
Hdc	0.5	0	0	0.5	0	0	0	0	0.5	0	0
Heatr5b	0	0	0	0.5	0	0	0	0	0.5	0	0.5
Heatr6	0	0	0	0.5	0	0	0	0	0	0	0
Heg1	0	0	0	0	0	-0.5	0	0	0	0	0
Hells	0	0	0	0.5	0	0.5	0	0	0	0	0
Herpud1	0.5	0	0	0.5	0	0.5	0	0	0.5	0	0.5
Hgs	0	0	0	0	0	-0.5	0	0	0	0	0
Hic1	0.5	0	0	0.5	0	0.5	0	0	0.5	0	0.5
Hif1a	0.5	0	0	0.5	0	0.5	0	0	0.5	0	0
Hip1r	0	0	0	0	0	-0.5	0	-0.5	0	0	0
Hipk2	0	0	0	0.5	0	0.5	0	0	0	0	0
Hist1h1a	0.5	0	0	0.5	0	0.5	0	0	0.5	0	0.5
Hist1h1b	0	0	0	0	0	0.5	0	0	0	0	0
Hist1h2ag	0.5	0	0	0.5	0	0.5	0	0	0.5	0	0
Hist1h2an	0	0	0	0	0	0.5	0	0	0	0	0
Hist1h2be	0	0	0	0	0	0.5	0	0	0	0	0.5
Hist1h2bg	0	0	0	0.5	0	0.5	0	0	0	0	0
Hist1h2bl	0	0	0	0	0	0.5	0	0	0	0	0
Hist1h3a	0.5	0	0	0.5	0	0.5	0	0	0.5	0	0.5
Hist1h4i	0.5	0	0	0.5	0	0.5	0	0	0.5	0	0
Hist2h2be	0.5	0	0	0.5	0	0.5	0	0	0.5	0	0
Hist2h3b	0	0	0	0.5	0	0.5	0	0	0	0	0
Hist4h4	0	0	0	0.5	1.0	0	0	0	0	0	0
Hivep2	0	0	0	0	0	-0.5	-0.5	-0.5	0	0	0
Hivep3	0.5	0	0	0.5	0	0.5	0	0	0.5	0	0.5
Hk1	0	0	0	0	0	-0.5	-0.5	-0.5	0	0	0
Hk2	0	0	0	0	0	-0.5	0	-0.5	0	0	0
Hk3	0.5	0	0	0.5	0	0.5	0	0	0	0	0
Hltf	0	0	0	0	0	0.5	0	0	0	0	0
Hlx	0	0	0	-1.0	0	-0.5	0	-0.5	0	-1.0	0
Hmgb2	0.5	0	0	0.5	0	0.5	0	0	0.5	0	0.5
Hmgn2	0.5	0	0	0.5	0	0.5	0	0	0	0	0.5
Hmha1	0	0	0	0	0	-0.5	0	0	0	0	0
Hmmr	0.5	0	0	0.5	0	0.5	0	0	0	0	0.5
Hoga1	0	0	0	0	0	0	0	0	0.5	0	0
Homer1	0	0	0	0	0	-0.5	0	-0.5	0	0	0
Homer2	0	0	0	0	0	-0.5	0	-0.5	0	0	0
Hook1	0	0	0	0.5	0	0	0	0	0	0	0
Hoxa1	0	0	0	0	0	-0.5	-0.5	-0.5	0	0	0
Hps3	0.5	0	0	0	0	0	0	0	0.5	0	0
Hps5	0.5	0	0	0.5	0	0.5	0	0	0	0	0.5
Hr	0	0	0	0	0	-0.5	0	-0.5	0	0	0
Hrc	0	0	0	0	0	-0.5	0	-0.5	0	0	0
Hs6st1	0	0	0	0.5	0	0	0	0	0.5	0	0.5
Hsd17b4	0	0	0	0	0	-0.5	0	0	0	0	0
Hsp90aa1	0.5	0	0	0.5	0	0.5	0	0	0.5	0	0.5
Hspa1a	0.5	0	0	0.5	0	0	0	0	0	0	0
Hspa1b	0	0	0	0.5	0	0.5	0	0	0	0	0
Hspa1l	0.5	0	0	0.5	0	0	0	0	0	0	0
Hspa8	0.5	0	0	0.5	0	0.5	0	0	0	0	0
Hspbap1	0	0	0	0	0	-0.5	0	-0.5	0	0	0
Hspd1	0.5	0	0	0.5	0	0.5	0	0	0.5	0	0.5
Hspe1	0.5	0	0	0.5	0	0.5	0	0	0.5	0	0.5
Hsph1	0	0	0	0.5	0	0	0	0	0	0	0
Htra1	0	0	0	0	0	-0.5	0	-0.5	0	0	0
Htra3	0	0	0	0	0	-0.5	0	-0.5	0	0	0
Htra4	0	0	0	0	0	-0.5	0	-0.5	0	0	0
Hus1	0.5	0	0	0.5	0	0	0	0	0	0	0
Hyal1	0	0	0	0	0	0	-0.5	0	0	0	0
Hyal2	0	0	0	0	0	-0.5	-0.5	0	0	0	0
Icam1	0	0	0	0	0	-0.5	0	0	0	0	0
Icos	0	0	0	0.5	0	0	0	0	0	0	0
Id1	0	0	0	0	0	0	0	-0.5	0	0	0
Id2	0	0	0	0	0	-0.5	0	0	0	0	0
Id3	0	0	0	0	0	-0.5	0	0	0	0	0
Ide	0.5	0	0	0	0	0	0	0	0	0	0
Idh2	0.5	0	0	0.5	0	0.5	0	0	0	0	0
Ido1	0	0	0	0	0	0	0	0	0.5	0	0
Idua	0.5	0	0	0.5	0	0.5	0	0	0.5	0	0.5
Ier3	0	0	0	0	0	-0.5	0	-0.5	0	0	0
Iffo2	0	0	0	0	0	-0.5	-0.5	-0.5	0	0	0
Ifi47	0	0	0	0.5	0	0.5	0	0	0	0	0
Ifih1	0	0	0	0	0	0.5	0	0	0	0	0
Ifit2	0	0	0	0.5	0	0	0	0	0	0	0
Ifitm1	0	0	0	0	0	-0.5	0	-0.5	0	0	0
Ifitm2	0	-1.0	0	0	0	-0.5	0	-0.5	0	-1.0	0
Ifitm3	0	0	0	0.5	0	0	0	0	0	0	0.5
Ifitm6	0	0	0	0.5	0	0	0	0	0	0	0.5
Ifnar1	0	0	0	0	0	-0.5	0	-0.5	0	0	0
Ifnar2	0	0	0	0	0	-0.5	-0.5	0	0	0	0
Ifngr1	0.5	0	1.0	0.5	0	0	0	0	0.5	0	0
Ifngr2	0	0	0	-1.0	0	-0.5	0	-0.5	0	0	0
Igf1r	0	0	0	0	0	-0.5	0	-0.5	0	0	0
Igf2r	0	0	0	0	0	-0.5	0	-0.5	0	0	0
Igfbp7	0	0	0	0	0	0	0	-0.5	0	0	0
Igsf10	0	0	0	0	0	-0.5	-0.5	-0.5	0	0	0
Igsf3	0	0	0	0	0	-0.5	0	0	0	0	0
Igsf6	0	0	0	0	0	0.5	0	0	0	0	0
Igsf9	0.5	0	0	0.5	0	0.5	0	0	0.5	0	0.5
Igtp	0	0	0	0	0	0.5	0	0	0.5	0	0
Ikbkb	0	0	0	0	0	-0.5	-0.5	-0.5	0	0	0
Ikbke	0	0	0	0	0	-0.5	0	0	0	0	0
Ikzf1	0.5	0	0	0.5	0	0.5	0	0	0.5	0	0.5
Ikzf2	0.5	0	0	0.5	0	0.5	0	0	0	0	0.5
Il10	0	0	0	0	0	-0.5	-0.5	-0.5	0	0	0
Il10rb	0	0	0	0	0	-0.5	-0.5	0	0	0	0
Il12rb2	0	0	0	0	0	-0.5	0	0	0	0	0
Il15ra	0	0	0	0	0	-0.5	0	0	0	0	0
Il16	0.5	0	1.0	0.5	0	0.5	0	0	0.5	0	0
Il17ra	0	0	0	0	0	0	-0.5	0	0	0	0
Il18	0	0	0	0	0	-0.5	-0.5	-0.5	0	0	0
Il1a	0.5	0	0	0.5	0	0.5	0	0	0	0	0.5
Il1b	0	0	0	0	0	0	0	-0.5	0	0	0
Il1r1	0	0	0	0	0	-0.5	0	-0.5	0	0	0
Il1r2	0	0	0	0	0	0	0	-0.5	0	0	0
Il1rap	0	0	0	0	0	-0.5	0	-0.5	0	0	0
Il1rn	0	0	0	0	0	-0.5	0	-0.5	0	0	0
Il21r	0	0	0	0	0	-0.5	0	-0.5	0	0	0
Il2ra	0	0	0	0	0	-0.5	-0.5	-0.5	0	0	0
Il6	0	0	0	0	0	0	0	-0.5	0	0	0
Il6ra	0	0	0	0	0	-0.5	-0.5	-0.5	0	0	0
Il6st	0	0	0	0	0	-0.5	0	0	0	0	0
Il7r	0	0	0	0	0	-0.5	0	-0.5	0	0	0
Imp3	0	0	0	0.5	0	0.5	0	0	0	0	0
Impa2	0.5	0	0	0.5	0	0.5	0	0	0.5	0	0
Inf2	0	0	0	0	0	-0.5	0	-0.5	0	0	0
Ing3	0.5	0	0	0.5	0	0.5	0	0	0.5	0	0.5
Ino80	0	0	0	0	0	-0.5	0	0	0	0	0
Inpp4b	0	0	0	0	0	-0.5	0	-0.5	0	0	0
Inpp5a	0	0	0	-1.0	0	-0.5	0	-0.5	0	0	0
Inppl1	0	0	0	0	0	0	0	0	0.5	0	0
Ints5	0	0	0	0	0	-0.5	0	0	0	0	0
Ints9	0	0	0	0.5	0	0	0	0	0.5	0	0
Invs	0	0	0	0.5	0	0.5	0	0	0	0	0
Ip6k1	0	0	0	0	0	-0.5	0	0	0	0	0
Ippk	0	0	0	0	0	0	0	-0.5	0	0	0
Iqgap1	0	0	0	0	0	-0.5	-0.5	-0.5	0	0	0
Iqgap2	0.5	0	0	0.5	0	0.5	0	0	0.5	0	0.5
Iqsec2	0	0	0	0	0	-0.5	0	-0.5	0	0	0
Irak2	0	-1.0	0	0	0	-0.5	-0.5	-0.5	0	0	0
Irak3	0	0	0	0	0	-0.5	0	-0.5	0	0	0
Irf2	0.5	0	0	0.5	0	0.5	0	0	0	0	0.5
Irf2bp2	0.5	0	0	0.5	0	0.5	0	0	1.5	1.0	0.5
Irs1	0	0	0	0	0	-0.5	0	0	0	0	0
Irs2	0.5	0	0	0.5	0	0.5	0	0	0.5	0	0.5
Isca2	0.5	0	0	0.5	0	0	0	0	0.5	0	0
Ispd	0.5	0	0	0.5	0	0	0	0	0	0	0
Isy1	0	0	0	0	0	0	-0.5	0	0	0	0
Itch	0	0	0	0.5	0	0	0	0	0	0	0
Itga1	0	0	0	0	0	-0.5	0	-0.5	0	0	0
Itga5	0	0	0	0	0	-0.5	0	-0.5	0	0	0
Itga9	0	0	0	0	0	-0.5	0	-0.5	0	0	0
Itgav	0	0	0	0	0	-0.5	0	-0.5	0	0	0
Itgb1bp1	0	0	0	0.5	0	0	0	0	0.5	0	0
Itgb8	0	0	0	0	0	-0.5	0	0	0	0	0
Itpkc	0	0	0	0	0	-0.5	-0.5	-0.5	0	0	0
Itprip	0	0	0	0.5	0	0	0	0	0	0	0
Itpripl1	0	0	0	0	0	-0.5	0	-0.5	0	0	0
Itsn1	0	0	0	0	0	-0.5	0	0	0	0	0
Ivd	0	0	0	0.5	0	0.5	0	0	0.5	0	0
Izumo4	0	0	0	0	0	-0.5	0	0	0	0	0
Jkamp	0.5	0	0	0.5	0	0.5	0	0	0.5	0	0.5
Jun	0.5	0	0	0.5	0	0.5	0	0	0	0	0
Kank2	0	0	0	0	0	-0.5	0	-0.5	0	0	0
Kbtbd7	0	0	0	0.5	0	0.5	0	0	0	0	0
Kcnd1	0.5	0	0	0.5	0	0	0	0	0.5	0	0.5
Kcnd3	0	0	0	0	0	-0.5	0	-0.5	0	0	0
Kcng3	0	0	0	0	0	0	0	-0.5	0	0	0
Kcnh4	0	0	0	0	0	-0.5	0	0	0	0	0
Kcnj10	0	0	0	0.5	0	0	0	0	1.5	0	0.5
Kcnk13	0	0	0	-1.0	0	-0.5	0	-0.5	0	0	0
Kcnn4	0	0	0	0	0	-0.5	-0.5	-0.5	0	0	0
Kctd20	0.5	0	0	0.5	0	0	0	0	0.5	0	0.5
Kdm4a	0	0	0	0	0	-0.5	0	0	0	0	0
Kdm5b	0	0	0	0	0	-0.5	-0.5	-0.5	0	0	0
Kdr	0	0	0	0	0	0	0	-0.5	0	0	0
Khk	0.5	0	0	0.5	0	0	0	0	0	0	0
Khnyn	0	0	0	0	0	-0.5	0	-0.5	0	0	0
Kif11	0	0	0	0.5	0	0	0	0	0	0	0
Kif14	0	0	0	0.5	0	0.5	0	0	0	0	0.5
Kif15	0.5	0	0	0.5	0	0.5	0	0	0.5	0	0
Kif18a	0.5	0	0	0.5	0	0.5	0	0	0	0	0
Kif18b	0	0	0	0	0	0.5	0	0	0	0	0
Kif1a	0	0	0	0	0	-0.5	0	0	0	0	0
Kif20a	0.5	0	0	0.5	0	0	0	0	0.5	0	0
Kif20b	0	0	0	0.5	0	0.5	0	0	0.5	0	0.5
Kif21b	0	0	0	0	0	-0.5	0	-0.5	0	0	0
Kif22	0.5	0	0	0.5	0	0.5	0	0	0.5	0	0.5
Kif2c	0	0	0	0.5	0	0.5	0	0	0	0	0
Kif4	0	0	0	0	0	0.5	0	0	0.5	0	0
Kif5c	0	0	0	0	0	-0.5	0	-0.5	0	0	0
Kif9	0	0	0	0.5	0	0.5	0	0	0.5	0	0
Kifc3	0	0	0	0	0	-0.5	0	0	0	0	0
Kitl	0	0	0	0	0	-0.5	0	-0.5	0	0	0
Klf11	0.5	0	0	0.5	0	0.5	0	0	0.5	0	0.5
Klf13	0	0	0	0	0	-0.5	0	-0.5	0	0	0
Klf2	0.5	0	0	0.5	0	0.5	0	0	0.5	1.0	0.5
Klf3	0.5	0	0	0.5	0	0	0	0	0.5	0	0.5
Klf4	0.5	0	0	0.5	0	0.5	0	0	0.5	0	0
Klf6	0.5	0	0	0.5	0	0.5	0	0	0	0	0.5
Klf9	0	0	0	0	0	-0.5	-0.5	-0.5	0	0	0
Klhl18	0	0	0	0.5	0	0	0	0	0.5	0	0
Klhl2	0	0	0	0	0	-0.5	0	-0.5	0	0	0
Klhl8	0	0	0	0	0	-0.5	0	-0.5	0	0	0
Klk8	0	0	0	0.5	0	0	0	0	0.5	0	0.5
Klrb1b	0	0	0	0	0	0	-0.5	-0.5	0	0	0
Kmo	0.5	0	0	0.5	0	0.5	0	0	0	0	0
Kntc1	0	0	0	0	0	0	0	0	0.5	0	0
Kpna1	0	0	0	0	0	0	0	-0.5	0	0	0
Kpna4	0.5	0	0	0.5	0	0.5	0	0	0.5	0	0.5
Krcc1	0.5	0	0	0.5	0	0.5	0	0	0.5	0	0.5
Krr1	0.5	0	0	0.5	0	0	0	0	0	0	0
Krt80	0	0	0	0	0	-0.5	-0.5	0	0	0	0
Kynu	0	0	0	0	0	0.5	0	0	0	0	0
L3mbtl3	0.5	0	0	0.5	0	0.5	0	0	0	0	0.5
Lactb	0	0	0	0	0	-0.5	0	-0.5	0	0	0
Lama2	0	0	0	0	0	-0.5	-0.5	-0.5	0	0	0
Lama3	0	0	0	0	0	-0.5	0	-0.5	0	0	0
Lama5	0	0	0	0	0	-0.5	0	0	0	0	0
Lamc1	0	0	0	0	0	-0.5	0	-0.5	0	0	0
Lap3	0.5	0	0	0.5	0	0.5	0	0	0.5	0	0
Lasp1	0.5	0	1.0	0.5	0	0.5	0	0	0.5	0	0.5
Lat2	0	0	0	0	0	0	0	-0.5	0	0	0
Lats2	0	0	0	0	0	-0.5	0	0	0	0	0
Lbh	0	0	0	0.5	0	0.5	0	0	0.5	0	0.5
Lck	0.5	0	0	0.5	0	0.5	0	0	0.5	0	0.5
Lcp2	0	0	0	0.5	0	0.5	0	0	0	0	0.5
Ldlr	0	0	0	0	0	-0.5	-0.5	-0.5	0	0	0
Lemd2	0	0	0	0	0	-0.5	-0.5	0	0	0	0
Lemd3	0	0	0	0	0	-0.5	0	-0.5	0	0	0
Leprot	0.5	0	0	0.5	0	0.5	0	0	0.5	0	0
Lfng	0	0	0	0	0	-0.5	-0.5	0	0	0	0
Lgals1	0	0	0	0	0	-0.5	0	-0.5	0	0	0
Lgals2	0.5	0	0	0.5	0	0	0	0	0.5	0	0
Lgals8	0	0	0	0	0	-0.5	0	0	0	-1.0	0
Lgmn	0	0	0	0	0	-0.5	0	-0.5	0	0	0
Lgr4	0	0	0	0	0	-0.5	0	0	0	0	0
Lifr	0	0	0	0	0	-0.5	0	0	0	0	0
Lig1	0.5	0	0	0.5	0	0.5	0	0	0	0	0.5
Lilrb4	0	0	0	0	0	-0.5	0	-0.5	0	0	0
Limd2	0.5	0	0	0.5	0	0.5	0	0	0.5	0	0
Limk1	0.5	0	1.0	0.5	0	0	0	0	0.5	0	0.5
Lims1	0	0	1.0	0.5	0	0.5	0	0	0.5	0	0
Lipa	0	0	0	0	0	0.5	0	0	0	0	0
Lman1l	0	0	0	0	0	0	-0.5	0	0	0	0
Lmna	0	0	0	0	0	-0.5	0	-0.5	0	0	0
Lmnb1	0	0	0	0	0	-0.5	0	0	0	0	0
Lmo2	0.5	0	0	0.5	0	0	0	0	0	0	0
Lmtk2	0.5	0	0	0.5	0	0.5	0	0	0.5	0	0
Lnx2	0	0	0	0	0	-0.5	-0.5	-0.5	0	0	0
Loxl2	0	0	0	0	0	0	0	-0.5	0	0	0
Lpar1	0	0	0	0	0	-0.5	0	-0.5	0	0	0
Lpar2	0	0	0	0	0	-0.5	0	0	0	0	0
Lpcat2	0	0	0	0	0	-0.5	0	-0.5	0	0	0
Lphn1	0	0	0	0	0	-0.5	0	0	0	0	0
Lphn2	0	0	0	0	0	-0.5	0	-0.5	0	0	0
Lrch1	0.5	0	0	0.5	0	0.5	0	0	0.5	0	0
Lrp1	0	0	0	0	0	-0.5	-0.5	-0.5	0	0	0
Lrp2bp	0	0	0	0	0	-0.5	0	0	0	0	0
Lrp5	0	0	0	0.5	0	0.5	0	0	0	0	0
Lrp8	0	0	0	0	0	-0.5	0	-0.5	0	0	0
Lrrc1	0	0	0	0	0	-0.5	-0.5	-0.5	0	0	0
Lrrc16a	0	0	0	0	0	-0.5	0	0	0	0	0
Lrrc28	0	0	0	0.5	0	0.5	0	0	0.5	0	0.5
Lrrc57	0	0	0	0	0	0.5	0	0	0	0	0
Lrrc8a	0	0	0	0	0	-0.5	0	-0.5	0	0	0
Lrrc8d	0	0	0	0	0	-0.5	-0.5	-0.5	0	0	0
Lrrfip1	0	0	0	0	0	-0.5	0	-0.5	0	0	0
Lrrfip2	0	0	0	0	0	-0.5	-0.5	-0.5	0	0	0
Lrrk2	0	0	0	0	0	-0.5	0	-0.5	0	0	0
Lrwd1	0.5	0	0	0.5	0	0.5	0	0	0	0	0
Lsr	0	0	0	-1.0	0	-0.5	0	0	0	0	0
Ltb4r1	0	0	0	0	0	-0.5	0	0	0	0	0
Ltbp3	0	0	0	0	0	-0.5	0	-0.5	0	0	0
Ltbp4	0	0	0	0	0	-0.5	0	0	0	0	0
Ltc4s	0.5	0	0	0.5	0	0.5	0	0	0.5	0	0.5
Luzp1	0	0	0	0	0	-0.5	0	-0.5	0	0	0
Ly6e	0.5	0	0	0.5	0	0	0	0	0.5	0	0
Ly9	0	0	0	0.5	0	0.5	0	0	0	0	0
Lyst	0.5	0	0	0.5	0	0.5	0	0	0	0	0.5
Lyz1	0	0	0	0	0	0	0	-0.5	0	0	0
Lyz2	0	0	0	0	0	0	0	-0.5	0	0	0
Lztfl1	0.5	0	0	0	0	0.5	0	0	0	0	0
Mad2l1	0.5	0	0	0.5	0	0.5	0	0	0.5	0	0
Madd	0	0	0	0	0	-0.5	-0.5	-0.5	0	0	0
Magee1	0	0	0	0	0	-0.5	0	0	0	0	0
Mall	0	0	0	0	0	-0.5	0	0	0	0	0
Malt1	0	0	0	0	0	-0.5	-0.5	-0.5	0	0	0
Mamdc2	0	0	0	0	0	-0.5	0	-0.5	0	0	0
Maml3	0	0	0	0	0	-0.5	-0.5	-0.5	0	0	0
Man1a	0	0	0	0	0	-0.5	-0.5	-0.5	0	0	0
Man1c1	0.5	0	0	0.5	0	0.5	0	0	0.5	0	0
Man2a2	0	0	0	0	0	-0.5	0	-0.5	0	0	0
Mansc1	0	0	0	0	0	0	0	0	0.5	0	0.5
Map1lc3a	0	0	0	0	0	-0.5	0	-0.5	0	0	0
Map2k3	0	0	0	0	0	-0.5	-0.5	-0.5	0	0	0
Map2k6	0	0	0	0.5	0	0	0	0	0.5	0	0.5
Map3k1	0	0	0	0	0	-0.5	0	-0.5	0	0	0
Map3k14	0	0	0	0	0	-0.5	0	-0.5	0	0	0
Map3k15	0	0	0	0.5	0	0	0	0	0	0	0
Map3k9	0	0	0	0	0	-0.5	0	-0.5	0	0	0
Map4k1	0	0	0	0.5	0	0.5	0	0	0.5	0	0.5
Map4k2	0.5	0	0	0.5	0	0.5	0	0	0.5	0	0.5
Map4k4	0	0	0	0	0	-0.5	-0.5	-0.5	0	0	0
Mapk14	0.5	0	0	0.5	1.0	0.5	0	0	0.5	1.0	0
Mapk6	0	0	0	0	0	-0.5	0	-0.5	0	0	0
Mapk8ip3	0	0	0	0	0	-0.5	0	0	0	0	0
Mapkap1	0	0	0	0.5	0	0	0	0	0	0	0
Mapkapk3	0	0	0	0	0	-0.5	0	0	0	0	0
Mapre2	0	0	0	0	0	-0.5	-0.5	-0.5	0	0	0
March7	0	0	0	0	0	-0.5	0	-0.5	0	0	0
Marcks	0	0	0	0	0	-0.5	0	-0.5	0	0	0
Marveld2	0	0	0	0	0	-0.5	0	0	0	0	0
Mast4	0	-1.0	0	-1.0	0	-0.5	-0.5	-0.5	0	0	0
Mat2b	0.5	0	0	0.5	0	0	0	0	0	0	0.5
Mbd4	0	0	0	0.5	0	0	0	0	0.5	0	0.5
Mblac2	0	0	0	0.5	0	0.5	0	0	0.5	0	0.5
Mbnl2	0	0	0	0	0	-0.5	-0.5	-0.5	0	0	0
Mbp	0	0	0	-1.0	0	-0.5	-0.5	-0.5	0	0	0
Mbtps2	0	0	0	0	0	0.5	0	0	0	0	0
Mcf2l	0	0	0	0	0	-0.5	0	0	0	0	0
Mcm10	0.5	0	0	0	0	0.5	0	0	0	0	0
Mcm2	0.5	0	0	0.5	0	0.5	0	0	0.5	0	0.5
Mcm5	0.5	0	0	0	0	0.5	0	0	0	0	0.5
Mcoln2	0	0	0	0	0	-0.5	0	-0.5	0	0	0
Mctp2	0	0	0	0	0	-0.5	-0.5	-0.5	0	0	0
Mdc1	0	0	0	0.5	0	0.5	0	0	0.5	0	0.5
Mdh2	0.5	0	0	0.5	0	0	0	0	0.5	0	0.5
Mdn1	0	0	0	0	0	0	0	-0.5	0	0	0
Mecp2	0	0	0	0	0	-0.5	-0.5	-0.5	0	0	0
Med12l	0	0	0	0.5	0	0.5	0	0	0.5	0	0
Med21	0.5	0	0	0.5	0	0.5	0	0	0.5	0	0.5
Med27	0.5	0	0	0	0	0	0	0	0.5	0	0
Med31	0.5	0	0	0.5	0	0.5	0	0	0.5	0	0.5
Med4	0	0	0	0	0	-0.5	0	0	0	0	0
Med8	0.5	0	0	0	0	0.5	0	0	0	0	0.5
Mef2c	0	0	0	0	0	-0.5	0	-0.5	0	0	0
Megf9	0.5	0	0	0.5	0	0.5	0	0	0	0	0.5
Melk	0	0	0	0	0	0	0	0	0.5	0	0.5
Metrnl	0	0	0	-1.0	0	-0.5	0	-0.5	0	0	0
Mettl4	0	0	0	0.5	0	0.5	0	0	0.5	0	0.5
Mettl6	0	0	0	-1.0	0	0	0	0	0	0	0
Mettl7a1	0	0	0	0	0	0.5	0	0	0	1.0	0
Mfhas1	0	0	0	0	0	-0.5	0	-0.5	0	0	0
Mfsd2a	0	0	0	0	0	-0.5	0	-0.5	0	0	0
Mfsd6	0	0	0	0	0	-0.5	-0.5	-0.5	0	0	0
Mfsd6l	0	0	0	0	0	0	0	-0.5	0	0	0
Mgat4a	0	0	0	0	0	-0.5	-0.5	-0.5	0	0	0
Mgl2	0	0	0	0	0	0.5	0	0	0	0	0
Micall1	0	0	0	-1.0	0	-0.5	0	0	0	0	0
Mina	0.5	0	0	0.5	0	0.5	0	0	0.5	0	0.5
Mink1	0	0	0	0	0	-0.5	-0.5	-0.5	0	0	0
Mipep	0	0	0	0.5	0	0	0	0	0	0	0
Mir212	0.5	0	0	0.5	0	0.5	0	0	0.5	0	0.5
Mitf	0.5	0	0	0.5	0	0.5	0	0	0.5	1.0	0.5
Mki67	0	0	0	0.5	0	0	0	0	0.5	0	0
Mknk1	0	0	0	0.5	0	0.5	0	0	0	0	0.5
Mlec	0.5	0	0	0.5	0	0.5	0	0	0.5	0	0
Mlh3	0.5	0	0	0.5	0	0.5	0	0	1.5	0	0
Mmp19	0	0	0	0	0	-0.5	0	-0.5	0	0	0
Mmp2	0	0	0	0	0	-0.5	0	-0.5	0	0	0
Mns1	0.5	0	0	0	0	0.5	0	0	0	0	0
Mospd1	0.5	0	0	0.5	0	0	0	0	0.5	0	0
Mospd2	0.5	0	0	0	0	0	0	0	0	0	0
Mpp1	0	0	0	0.5	0	0	0	0	0	0	0
Mpp5	0	0	0	0	0	-0.5	0	-0.5	0	0	0
Mppe1	0.5	0	0	0	0	0	0	0	0	0	0
Mpzl2	0.5	0	0	0.5	0	0.5	0	0	0	0	0
Mr1	0	0	0	0	0	-0.5	0	-0.5	0	0	0
Mras	0.5	0	0	0.5	0	0.5	0	0	0.5	0	0
Mrc1	0	0	0	0	0	-0.5	0	-0.5	0	0	0
Mre11a	0.5	0	0	0	0	0.5	0	0	0	0	0
Mreg	0	0	0	0	0	-0.5	0	-0.5	0	0	0
Mrps14	0	0	0	0.5	0	0	0	0	0.5	0	0
Mrps2	0	0	0	0	0	0	0	0	0.5	0	0
Mrps28	0.5	0	0	0	0	0	0	0	0.5	0	0
Mrps36	0	0	0	0.5	0	0.5	0	0	0.5	0	0.5
Ms4a6b	0	0	0	0.5	0	0	0	0	0	0	0
Msh2	0	0	0	0.5	0	0.5	0	0	0	0	0
Msh5	0.5	0	0	0.5	0	0.5	0	0	0.5	0	0.5
Msn	0	0	0	0	0	-0.5	-0.5	-0.5	0	0	0
Msrb3	0	0	0	0	0	-0.5	0	-0.5	0	0	0
Mst1r	0	0	0	0	0	-0.5	0	-0.5	0	0	0
Mt1	0	0	0	0	0	-0.5	0	-0.5	0	0	0
Mtch2	0.5	0	0	0.5	0	0	0	0	0.5	0	0
Mtmr11	0	0	0	0	0	-0.5	0	-0.5	0	0	0
Mtx3	0	0	0	0	0	-0.5	0	0	0	0	0
Mut	0.5	0	0	0.5	0	0.5	0	0	0	0	0
Mvp	0	0	0	0	0	-0.5	0	0	0	0	0
Mx2	0	0	0	0.5	0	0	0	0	0	0	0
Mxd1	0	0	0	0	0	-0.5	0	-0.5	0	0	0
Mxi1	0	0	0	-1.0	0	-0.5	0	-0.5	0	0	0
Mxra8	0	0	0	0	0	-0.5	-0.5	-0.5	0	0	0
Myl9	0	0	0	0	0	-0.5	0	-0.5	0	0	0
Mylip	0	0	0	0.5	0	0	0	0	0.5	0	0.5
Myo10	0	0	0	0	0	0	-0.5	0	0	0	0
Myo1b	0	0	0	0	0	-0.5	0	-0.5	0	0	0
Myo1c	0	0	0	0	0	-0.5	0	-0.5	0	0	0
Myo1e	0	0	0	0	0	-0.5	0	0	0	0	0
Myo1g	0	0	0	0	0	-0.5	0	-0.5	0	0	0
Mysm1	0	0	0	0	0	-0.5	0	-0.5	0	0	0
N4bp1	0	0	0	0	0	-0.5	-0.5	-0.5	0	0	0
N4bp3	0	0	0	0	0	-0.5	-0.5	-0.5	0	0	0
N6amt1	0	0	0	0.5	0	0	0	0	0	0	0
Naaa	0	0	0	0.5	0	0.5	0	0	0.5	0	0.5
Nab2	0	0	0	0	0	-0.5	-0.5	0	0	0	0
Nampt	0.5	0	0	0.5	0	0.5	0	0	0	0	0.5
Napepld	0.5	0	0	0	0	0	0	0	0.5	0	0.5
Narf	0.5	0	0	0.5	0	0.5	0	0	0.5	0	0
Nav1	0.5	0	0	0.5	0	0.5	0	0	0.5	0	0
Nbas	0.5	0	0	0.5	0	0	0	0	0	0	0.5
Ncapd2	0.5	0	0	0.5	0	0.5	0	0	0.5	0	0.5
Ncapd3	0	0	0	0.5	0	0.5	0	0	0.5	0	0.5
Ncapg	0	0	0	0	0	0	0	0	0.5	0	0
Ncaph	0.5	0	0	0.5	0	0.5	0	0	0	0	0
Nceh1	0	0	0	0	0	-0.5	-0.5	-0.5	0	0	0
Ncf1	0	0	0	0.5	0	0	0	0	0.5	0	0.5
Ncf2	0	0	0	0	0	-0.5	0	0	0	0	0
Ncf4	0	0	0	0	0	-0.5	0	-0.5	0	0	0
Nckap1	0	0	0	0	0	-0.5	0	0	0	0	0
Ndc80	0.5	0	0	0.5	0	0	0	0	0	0	0
Ndrg4	0	0	0	0	0	-0.5	0	-0.5	0	0	0
Ndst1	0	0	0	0.5	0	0.5	0	0	0.5	0	0
Ndufs8	0.5	0	0	0.5	0	0.5	0	0	0.5	0	0.5
Neb	0	0	0	0	0	0.5	0	0	0	0	0
Nedd4	0.5	0	0	0.5	0	0	0	0	0	0	0
Nedd9	0.5	0	0	0.5	0	0.5	0	0	0	0	0.5
Negr1	0	0	0	0	0	-0.5	0	0	0	0	0
Neil3	0.5	0	0	0	0	0.5	0	0	0.5	0	0
Nek2	0.5	0	0	0	0	0.5	0	0	0.5	0	0
Nek7	0.5	0	0	0.5	0	0	0	0	0	0	0
Neo1	0	0	0	0	0	0	0	-0.5	0	0	0
Neurl1b	0	0	0	0	0	-0.5	0	-0.5	0	0	0
Nfam1	0	0	0	0.5	0	0.5	0	0	0.5	0	0.5
Nfe2l2	0	0	0	0	0	-0.5	0	-0.5	0	0	0
Nfia	0	0	0	0	0	-0.5	0	-0.5	0	0	0
Nfib	0	0	0	0	0	-0.5	0	0	0	0	0
Nfic	0	0	0	0	0	-0.5	0	-0.5	0	0	0
Nfil3	0	0	0	0	0	-0.5	-0.5	0	0	0	0
Nfkb1	0	0	0	0	0	-0.5	-0.5	-0.5	0	0	0
Nfkb2	0	0	0	0	0	-0.5	0	-0.5	0	0	0
Nfkbie	0	0	0	0	0	-0.5	0	0	0	0	0
Nhsl2	0	0	0	0	0	-0.5	0	-0.5	0	0	0
Nid1	0	0	0	0	0	-0.5	-0.5	-0.5	0	0	0
Ninj1	0	0	0	0	0	-0.5	-0.5	-0.5	0	0	0
Nipal1	0	0	0	0	0	-0.5	0	0	0	0	0
Nipal3	0	0	0	0	0	0.5	0	0	0	0	0.5
Nlk	0.5	0	0	0.5	0	0	0	0	0.5	0	0
Nlrc3	0	0	0	0	0	-0.5	0	-0.5	0	0	0
Nlrp1b	0	0	0	0.5	0	0.5	0	0	0	0	0
Nmi	0	0	0	0	0	0.5	0	0	0	0	0
Nmral1	0	0	0	0	0	0.5	0	0	0.5	0	0
Nmt1	0	0	0	0.5	0	0.5	0	0	0	0	0
Nnt	0.5	0	0	0.5	0	0.5	0	0	0.5	0	0
Nod2	0	0	0	0	0	-0.5	-0.5	-0.5	0	0	0
Notch1	0	0	0	0	0	0	0	-0.5	0	0	0
Npepl1	0.5	0	0	0.5	0	0	0	0	0	0	0.5
Nphp1	0.5	0	0	0	0	0	0	0	0	0	0
Npr2	0	0	0	0	0	-0.5	0	0	0	0	0
Nqo2	0.5	0	0	0.5	0	0	0	0	0.5	0	0.5
Nr1d1	0	0	0	0	0	-0.5	-0.5	-0.5	0	0	0
Nr1d2	0	0	0	0	0	-0.5	0	-0.5	0	0	0
Nr4a1	0.5	0	0	0.5	0	0.5	0	0	0.5	0	0.5
Nrbf2	0.5	0	0	0.5	0	0	0	0	0.5	0	0
Nrip1	0	0	1.0	0.5	0	0.5	0	0	0	1.0	0
Nrm	0	0	0	0.5	0	0.5	0	0	0.5	0	0.5
Nrp1	0	0	0	0	0	-0.5	0	-0.5	0	0	0
Nrp2	0	0	0	0	0	-0.5	-0.5	-0.5	0	0	0
Nsdhl	0	0	0	0	0	0.5	0	0	0	0	0
Nsun6	0.5	0	0	0.5	0	0.5	0	0	0.5	0	0.5
Nt5dc3	0	0	0	0	0	-0.5	-0.5	-0.5	0	0	0
Nt5m	0.5	0	0	0.5	0	0.5	0	0	0	0	0.5
Ntpcr	0	0	0	0	0	0	0	0	0.5	0	0
Nuak2	0	0	0	0	0	-0.5	0	-0.5	0	0	0
Nudt14	0.5	0	0	0.5	0	0.5	0	0	0.5	0	0.5
Nudt16	0	0	0	0.5	0	0.5	0	0	0.5	0	0
Nudt9	0	0	0	0	0	-0.5	-0.5	-0.5	0	0	0
Nuf2	0	0	0	0	0	0	0	0	0.5	0	0.5
Numbl	0	0	0	0	0	-0.5	0	0	0	0	0
Nup93	0.5	0	0	0.5	0	0.5	0	0	0.5	0	0.5
Nup98	0	0	0	0	0	-0.5	-0.5	-0.5	0	0	0
Nusap1	0	0	0	0.5	0	0	0	0	1.5	0	0
Oaf	0	0	0	0	0	-0.5	-0.5	-0.5	0	0	0
Oasl2	0	0	0	0.5	0	0.5	0	0	0	0	0
Ociad1	0.5	0	0	0	0	0.5	0	0	0	0	0
Ocrl	0	0	0	0	0	-0.5	0	-0.5	0	0	0
Odc1	0	0	0	0.5	0	0.5	0	0	0.5	0	0.5
Olfm2	0	0	0	0	0	-0.5	0	-0.5	0	0	0
Olfml3	0	0	0	0	0	-0.5	0	0	0	0	0
Olr1	0	0	0	0	0	-0.5	0	-0.5	0	0	0
Oma1	0.5	0	0	0.5	0	0	0	0	0.5	0	0.5
Opa3	0.5	0	0	0.5	0	0.5	0	0	0.5	0	0
Ophn1	0	0	0	0	0	0	0	-0.5	0	0	0
Orai1	0	0	0	0	0	0	-0.5	0	0	0	0
Orm2	0	0	0	0	0	0	-0.5	0	0	0	0
Ormdl1	0.5	0	0	0.5	0	0	0	0	0	0	0
Ormdl3	0	0	0	0	0	0	0	-0.5	0	0	0
Osbpl8	0	0	0	0	0	-0.5	0	-0.5	0	0	0
Osgin1	0.5	0	0	0.5	0	0.5	0	0	0	0	0
Otud1	0.5	0	0	0.5	0	0	0	0	0.5	0	0.5
Otud7b	0	0	0	0	0	-0.5	0	-0.5	0	0	0
Ovca2	0.5	0	0	0.5	0	0.5	0	0	0.5	0	0.5
P2rx4	0	0	0	0	0	0	0	-0.5	0	0	0
P2rx5	0	0	0	0	0	-0.5	0	0	0	0	0
P2ry2	0	0	0	0	0	0	-0.5	0	0	0	0
P2ry6	0	0	0	0	0	-0.5	-0.5	0	0	0	0
Pacs1	0	0	0	0.5	0	0.5	0	0	0.5	0	0.5
Padi2	0	0	0	0	0	-0.5	-0.5	-0.5	0	0	0
Paf1	0	0	0	0	0	-0.5	0	0	0	0	0
Pafah1b2	0	0	0	0	0	-0.5	0	-0.5	0	0	0
Pag1	0	0	0	0	0	-0.5	-0.5	-0.5	0	0	0
Pak1	0.5	0	0	0.5	0	0.5	0	0	0.5	0	0.5
Palld	0.5	0	0	0.5	0	0.5	0	0	0	0	0.5
Palm	0	0	0	0.5	0	0	0	0	0	0	0
Pam	0	0	0	0	0	-0.5	0	-0.5	0	0	0
Pank1	0	0	0	0.5	0	0.5	0	0	0	0	0.5
Pank2	0	0	0	0	0	-0.5	0	0	0	0	0
Paox	0	0	0	0.5	0	0.5	0	0	0.5	0	0.5
Papola	0.5	0	0	0.5	0	0.5	0	0	0.5	0	0
Paqr7	0.5	0	0	0	0	0	0	0	0.5	0	0
Pard3b	0	0	0	0	0	0	0	-0.5	0	0	0
Parm1	0	0	0	0	0	0	0	-0.5	0	0	0
Parp1	0	0	0	0.5	0	0.5	0	0	0.5	0	0.5
Parp12	0	0	0	0	0	0	0	0	0.5	0	0
Parp2	0.5	0	0	0	0	0	0	0	0.5	0	0
Pbk	0	0	0	0	0	0.5	0	0	0	0	0
Pbx2	0.5	0	0	0.5	0	0.5	0	0	0.5	0	0
Pcdh1	0	0	0	0.5	0	0.5	0	0	0	0	0
Pcdh12	0	0	0	0	0	0	0	-0.5	0	0	0
Pcdh17	0	0	0	0	0	-0.5	-0.5	-0.5	0	0	0
Pcdh19	0	0	0	0	0	-0.5	0	0	0	0	0
Pcdh7	0	0	0	0	0	-0.5	-0.5	-0.5	0	0	0
Pcgf3	0	0	0	0	0	-0.5	0	0	0	0	0
Pcgf5	0	0	0	0	0	-0.5	0	-0.5	0	0	0
Pcolce	0	0	0	-1.0	0	-0.5	0	0	0	0	0
Pcp4l1	0	0	0	0	0	-0.5	0	0	0	0	0
Pctp	0.5	0	0	0.5	0	0	0	0	0	0	0
Pcyt1a	0	0	0	0	0	-0.5	0	0	0	0	0
Pdcd1lg2	0	0	0	-1.0	0	-0.5	-0.5	0	0	-1.0	0
Pdcd4	0.5	0	0	0.5	0	0.5	0	0	0.5	0	0.5
Pdcl3	0.5	0	0	0.5	0	0	0	0	0	0	0
Pde1a	0	0	0	0	0	0	0	-0.5	0	0	0
Pde3b	0	0	0	0	0	0	0	-0.5	0	0	0
Pde4b	0	-1.0	0	-1.0	0	-0.5	-0.5	-0.5	0	0	0
Pde4d	0	0	0	0	0	-0.5	-0.5	-0.5	0	0	0
Pde7b	0	0	0	0	0	0	0	-0.5	0	0	0
Pde8a	0	0	0	0	0	0	0	-0.5	0	0	0
Pdgfb	0	0	0	0	0	-0.5	-0.5	0	0	0	0
Pdgfra	0	0	0	0	0	-0.5	0	-0.5	0	0	0
Pdgfrb	0	0	0	0	0	-0.5	0	-0.5	0	0	0
Pdlim1	0	0	0	0	0	0	0	-0.5	0	0	0
Pdlim2	0	0	0	0.5	0	0	0	0	0	0	0
Pdlim3	0	0	0	0	0	-0.5	0	0	0	0	0
Pdp1	0	0	0	0	0	-0.5	0	0	0	0	0
Pdpn	0	0	0	0	0	-0.5	-0.5	-0.5	0	0	0
Pecam1	0	0	0	0	0	-0.5	-0.5	-0.5	0	0	0
Per1	0.5	0	0	0.5	0	0.5	0	0	0.5	0	0.5
Pex14	0.5	0	0	0.5	0	0.5	0	0	0.5	0	0.5
Pex6	0	0	0	0.5	0	0	0	0	0	0	0
Pfas	0.5	0	0	0	0	0	0	0	0	0	0
Pfkfb1	0	0	0	0.5	0	0	0	0	0	0	0
Pfkfb3	0	0	0	0	0	-0.5	0	-0.5	0	0	0
Pfpl	0	0	0	0.5	0	0.5	0	0	0	0	0.5
Pgm2	0	0	0	0.5	0	0.5	0	0	0	0	0
Pgm5	0	0	0	0	0	-0.5	0	-0.5	0	0	0
Phc2	0	0	0	0	0	-0.5	-0.5	-0.5	0	0	0
Phf13	0	0	0	0	0	-0.5	0	0	0	0	0
Phf14	0	0	0	0.5	0	0	0	0	0	0	0
Phkb	0.5	0	0	0.5	0	0	0	0	0.5	0	0.5
Phlda1	0	0	0	0	0	-0.5	-0.5	-0.5	0	0	0
Phldb1	0	0	0	0	0	-0.5	-0.5	-0.5	0	0	0
Phldb2	0	0	0	0	0	-0.5	0	0	0	0	0
Phlpp1	0	0	0	0	0	-0.5	0	-0.5	0	0	0
Pi4k2b	0.5	0	0	0.5	0	0.5	0	0	0.5	0	0.5
Picalm	0	0	0	0	0	-0.5	0	-0.5	0	0	0
Pigb	0	0	0	0.5	0	0.5	0	0	0	0	0.5
Pign	0	0	0	0.5	0	0	0	0	0.5	0	0.5
Pik3cd	0.5	0	0	0.5	0	0.5	0	0	0.5	0	0.5
Pik3cg	0	0	0	0	0	-0.5	0	-0.5	0	0	0
Pik3r3	0	0	0	0	0	-0.5	0	-0.5	0	0	0
Pik3r5	0	0	0	0	0	-0.5	0	-0.5	0	0	0
Pik3r6	0	0	0	0	0	0	0	-0.5	0	0	0
Pilra	0.5	0	0	0.5	0	0.5	0	0	0	0	0.5
Pilrb2	0	0	0	0	0	0.5	0	0	0	0	0
Pip4k2a	0.5	0	0	0.5	0	0.5	0	0	0.5	0	0.5
Pip5k1a	0	0	0	0	0	-0.5	0	0	0	0	0
Pip5k1c	0	0	0	0	0	-0.5	0	0	0	0	0
Pisd-ps1	0	0	0	0	0	-0.5	-0.5	-0.5	0	0	0
Pkd1l2	0.5	0	0	0.5	0	0.5	0	0	0.5	0	0
Pkmyt1	0.5	0	0	0.5	0	0	0	0	0.5	0	0
Pkp4	0	0	0	0	0	-0.5	-0.5	-0.5	0	0	0
Pla2g16	0	0	0	0	0	0	0	0	0	0	0.5
Pla2g4a	0	0	0	0	0	0.5	0	0	0	0	0
Plac8	0	0	0	0	0	0	0	0	0.5	0	0
Plat	0	0	0	0	0	-0.5	-0.5	-0.5	0	0	0
Plaur	0	0	0	0	0	-0.5	-0.5	-0.5	0	0	0
Plcb2	0	0	0	0.5	0	0.5	0	0	0	0	0
Plcb3	0.5	0	0	0.5	0	0.5	0	0	0.5	0	0.5
Plcg2	0.5	0	0	0.5	0	0.5	0	0	0.5	0	0.5
Plcl1	0	0	0	0	0	-0.5	0	-0.5	0	0	0
Pld3	0	0	0	0	0	-0.5	0	0	0	0	0
Plec	0	0	0	0	0	-0.5	-0.5	-0.5	0	0	0
Plek2	0	0	0	0	0	-0.5	0	-0.5	0	0	0
Plekha5	0.5	0	0	0.5	0	0.5	0	0	0	0	0.5
Plekhg1	0	0	0	0	0	-0.5	0	-0.5	0	0	0
Plekhg2	0	0	0	0	0	-0.5	0	-0.5	0	0	0
Plekhm2	0	0	0	0	0	-0.5	0	-0.5	0	0	0
Plekho1	0.5	0	0	0	0	0.5	0	0	0	0	0.5
Plin2	0	0	0	0.5	0	0	0	0	0.5	0	0
Plk3	0	0	0	0.5	0	0.5	0	0	0.5	0	0
Plk4	0.5	0	0	0.5	0	0	0	0	0	0	0
Pllp	0	0	0	0	0	-0.5	0	-0.5	0	0	0
Plscr1	0	0	0	0	0	-0.5	0	0	0	0	0
Plscr2	0	0	0	0	0	-0.5	0	-0.5	0	0	0
Plxna2	0	0	0	0	0	-0.5	0	-0.5	0	0	0
Plxna4	0	0	0	0	0	-0.5	0	-0.5	0	0	0
Plxnc1	0	0	0	0	0	-0.5	0	-0.5	0	0	0
Pmaip1	0.5	0	0	0.5	0	0.5	0	0	0.5	0	0
Pmel	0	0	0	0	0	-0.5	0	0	0	0	0
Pmepa1	0	0	0	0	0	-0.5	0	-0.5	0	0	0
Pmf1	0.5	0	0	0.5	0	0	0	0	0.5	0	0
Pml	0	0	0	0.5	0	0.5	0	0	0	0	0
Pmpcb	0.5	0	0	0.5	0	0	0	0	0.5	0	0.5
Pnkd	0	0	0	0	0	-0.5	-0.5	-0.5	0	0	0
Pogk	0	0	0	0	0	-0.5	0	-0.5	0	0	0
Pola1	0.5	0	0	0.5	0	0.5	0	0	0.5	0	0.5
Polb	0	-1.0	0	0	0	0	0	-0.5	0	0	0
Pole	0.5	0	0	0.5	0	0.5	0	0	0.5	0	0.5
Pole2	0.5	0	0	0.5	0	0	0	0	0.5	0	0.5
Poli	0	0	0	0.5	0	0	0	0	0	0	0
Polr1e	0	0	0	0.5	0	0.5	0	0	0.5	0	0.5
Polr2e	0	0	0	0	0	-0.5	0	0	0	0	0
Polr2g	0.5	0	0	0.5	0	0.5	0	0	0.5	0	0.5
Postn	0	0	0	0	0	-0.5	0	-0.5	0	0	0
Ppa2	0.5	0	0	0.5	0	0	0	0	0	0	0
Ppap2a	0	0	0	0.5	0	0.5	0	0	0.5	0	0
Ppapdc2	0	0	0	0.5	0	0	0	0	0	0	0
Ppard	0	0	0	0	0	-0.5	0	-0.5	0	0	0
Pparg	0	0	0	0	0	0.5	0	0	0	0	0
Ppfibp2	0	0	0	0	0	-0.5	0	-0.5	0	0	0
Ppip5k2	0	0	0	0.5	0	0	0	0	0	0	0
Ppm1h	0.5	0	0	0.5	0	0.5	0	0	0.5	0	0.5
Ppm1k	0.5	0	0	0.5	0	0	0	0	0.5	0	0.5
Ppp1cc	0.5	0	0	0.5	0	0.5	0	0	0.5	0	0
Ppp1r10	0	0	0	0	0	-0.5	0	-0.5	0	0	0
Ppp1r11	0.5	0	0	0.5	0	0	0	0	0.5	0	0
Ppp1r13b	0	0	0	0	0	-0.5	0	0	0	0	0
Ppp1r14a	0	0	0	0	0	0.5	0	0	0.5	0	0
Ppp2r3a	0	0	0	0	0	-0.5	0	-0.5	0	0	0
Pptc7	0.5	0	0	0.5	0	0	0	0	1.5	0	0.5
Prc1	0.5	0	0	0.5	0	0.5	0	0	0.5	0	0.5
Prdm1	0	0	0	0	0	-0.5	0	-0.5	0	0	0
Prdm15	0	0	0	0	0	-0.5	0	-0.5	0	0	0
Prdm4	0	0	0	0	0	-0.5	0	0	0	0	0
Prdm9	0	0	0	0.5	0	0	0	0	0	0	0
Prdx5	0.5	0	0	0.5	0	0	0	0	0	0	0
Prim1	0	0	0	0.5	0	0	0	0	0	0	0.5
Prim2	0	0	0	0.5	0	0	0	0	0.5	0	0.5
Prkacb	0	0	0	0.5	0	0.5	0	0	0	0	0
Prkag1	0	0	0	0	0	-0.5	-0.5	0	0	0	0
Prkar1a	0	0	0	0	0	-0.5	0	-0.5	0	0	0
Prkca	0	-1.0	0	-1.0	0	0	0	-0.5	0	0	0
Prkcb	0	0	0	0.5	0	0	0	0	0.5	0	0
Prkcdbp	0	0	0	0	0	-0.5	0	-0.5	0	0	0
Prkce	0	0	0	0	0	-0.5	0	-0.5	0	0	0
Prkch	0	0	0	0	0	-0.5	0	-0.5	0	0	0
Prkd3	0.5	0	0	0.5	0	0.5	0	0	0	0	0
Prmt3	0.5	0	0	0.5	0	0.5	0	0	0.5	0	0
Prmt7	0	0	0	0	0	0	0	0	0.5	0	0
Prnp	0	0	0	0	0	-0.5	0	-0.5	0	0	0
Pros1	0	0	0	0	0	0	0	-0.5	0	0	0
Prr11	0	0	0	0	0	0.5	0	0	0	0	0
Prr5	0.5	0	0	0.5	0	0.5	0	0	0.5	0	0.5
Prr5l	0	0	0	0	0	-0.5	-0.5	-0.5	0	0	0
Prrc2b	0	0	0	0	0	0	0	-0.5	0	0	0
Prss30	0	0	0	0.5	0	0.5	0	0	0.5	0	0
Psd	0	0	0	0	0	-0.5	0	-0.5	0	0	0
Psmb9	0	0	0	0.5	0	0	0	0	0.5	0	0
Pstpip2	0.5	0	0	0.5	0	0.5	0	0	0.5	0	0.5
Ptafr	0	0	0	0	0	-0.5	-0.5	-0.5	0	0	0
Ptch1	0.5	0	0	0.5	0	0	0	0	0	0	0.5
Pter	0	0	0	0.5	0	0	0	0	0	0	0
Ptger2	0	0	0	0	0	-0.5	0	-0.5	0	0	0
Ptger4	0.5	0	0	0.5	0	0	0	0	0.5	0	0.5
Ptk2b	0	0	0	0	0	-0.5	0	-0.5	0	0	0
Ptpn1	0	0	0	0	0	-0.5	0	-0.5	0	0	0
Ptpn14	0	0	0	0	0	-0.5	0	-0.5	0	0	0
Ptpn18	0.5	0	0	0.5	0	0.5	0	0	0	0	0
Ptpn2	0	0	0	0	0	-0.5	0	-0.5	0	0	0
Ptpn3	0	0	0	0	0	-0.5	-0.5	-0.5	0	0	0
Ptpn6	0.5	0	0	0.5	0	0.5	0	0	0.5	0	0.5
Ptpn7	0.5	0	0	0.5	0	0	0	0	0.5	0	0.5
Ptprg	0	0	0	0	0	-0.5	0	-0.5	0	0	0
Ptprh	0.5	0	0	0	0	0.5	0	0	0	0	0
Ptprj	0	0	0	0	0	-0.5	-0.5	-0.5	0	0	0
Ptprk	0	0	0	0	0	-0.5	0	-0.5	0	0	0
Ptpro	0	0	0	0	0	-0.5	0	-0.5	0	0	0
Ptprv	0	0	0	0.5	0	0	0	0	0	0	0
Pvr	0	0	0	0	0	-0.5	0	-0.5	0	0	0
Qpct	0	0	0	0.5	0	0.5	0	0	0	0	0
Rab11fip5	0	0	0	0	0	-0.5	0	0	0	0	0
Rab20	0.5	0	0	0.5	0	0.5	0	0	0.5	0	0.5
Rab22a	0	0	0	0	0	-0.5	0	0	0	0	0
Rab27a	0	0	0	0	0	-0.5	-0.5	-0.5	0	0	0
Rab30	0	0	0	0.5	0	0.5	0	0	0	0	0
Rab32	0.5	0	0	0.5	0	0.5	0	0	0.5	0	0.5
Rab37	0	0	0	0	0	-0.5	0	-0.5	0	0	0
Rab39	0.5	0	0	0.5	0	0.5	0	0	0.5	0	0.5
Rab3ip	0	0	0	0	0	-0.5	0	-0.5	0	0	0
Rab43	0	0	0	0.5	0	0.5	0	0	0.5	0	0.5
Rab8b	0	0	0	0	0	-0.5	0	-0.5	0	0	0
Rac2	0	0	0	0.5	0	0	0	0	0.5	0	0
Racgap1	0.5	0	0	0	0	0.5	0	0	0	0	0
Rad50	0.5	0	0	0.5	0	0	0	0	0	0	0.5
Rae1	0.5	0	0	0.5	0	0	0	0	0.5	0	0
Rala	0	0	0	0	0	-0.5	0	-0.5	0	0	0
Ralgds	0	0	0	-1.0	0	-0.5	0	-0.5	0	0	0
Ramp2	0	0	0	0	0	0	-0.5	0	0	0	0
Ranbp9	0.5	0	0	0.5	0	0	0	0	0.5	0	0.5
Rap1gap2	0.5	0	0	0.5	0	0.5	0	0	0.5	0	0.5
Rap2a	0	0	0	0	0	-0.5	0	-0.5	0	0	0
Rapgef2	0	0	0	0	0	-0.5	0	-0.5	0	0	0
Rapgef3	0	0	0	0	0	-0.5	0	-0.5	0	0	0
Rapgef4	0	0	0	0	0	-0.5	-0.5	-0.5	0	0	0
Rapsn	0	0	0	0	0	-0.5	0	-0.5	0	0	0
Rara	0	0	0	0	0	-0.5	0	-0.5	0	0	0
Rarb	0	0	1.0	0.5	0	0.5	0	0	0.5	0	0.5
Rarres2	0	0	0	0	0	-0.5	-0.5	0	0	0	0
Rars2	0.5	0	0	0.5	0	0	0	0	0	0	0
Rasa2	0	0	0	-1.0	0	-0.5	0	-0.5	0	0	0
Rasgef1b	0	0	0	0.5	0	0.5	0	0	0.5	0	0
Rasgrp1	0.5	0	0	0.5	0	0.5	0	0	0	0	0.5
Rasgrp3	0	0	0	0	0	0	0	0	0	0	0.5
Rassf2	0	0	0	0	0	-0.5	-0.5	-0.5	0	0	0
Rassf5	0	0	0	0.5	0	0.5	0	0	0.5	0	0
Rbck1	0.5	0	0	0.5	0	0	0	0	0.5	0	0.5
Rbfa	0	0	0	0.5	0	0	0	0	0.5	0	0.5
Rbks	0.5	0	0	0.5	0	0	0	0	0	0	0.5
Rbl1	0	0	0	0.5	0	0.5	0	0	0	0	0.5
Rbm38	0.5	0	0	0.5	0	0	0	0	0.5	0	0
Rbm43	0	0	0	0.5	0	0	0	0	0	0	0
Rbm44	0	0	0	0.5	0	0	0	0	0	0	0.5
Rbpms	0	0	0	0	0	-0.5	0	0	0	0	0
Rcan1	0	0	0	0	0	-0.5	0	-0.5	0	0	0
Rcan2	0	0	0	0	0	0	0	-0.5	0	0	0
Rcan3	0	0	0	0	0	0	0	-0.5	0	0	0
Rccd1	0.5	0	0	0	0	0.5	0	0	0	0	0
Rcor3	0	0	0	0	0	0	-0.5	0	0	0	0
Reep3	0	0	0	0	0	-0.5	0	-0.5	0	0	0
Relb	0	0	0	0	0	-0.5	0	0	0	0	0
Rell1	0	0	0	0	0	-0.5	0	-0.5	0	0	0
Reps1	0.5	0	0	0.5	0	0.5	0	0	0.5	0	0.5
Rere	0.5	0	0	0.5	0	0.5	0	0	0.5	0	0.5
Rfc2	0	0	0	0.5	0	0.5	0	0	0.5	0	0
Rffl	0	0	0	0	0	0	-0.5	-0.5	0	0	0
Rftn1	0	0	0	0	0	-0.5	0	-0.5	0	0	0
Rfx5	0	0	0	0.5	0	0.5	0	0	0.5	0	0
Rgag4	0	0	0	0	0	0	0	-0.5	0	0	0
Rgl1	0	0	0	0	0	-0.5	-0.5	-0.5	0	0	0
Rgmb	0	0	0	0	0	-0.5	0	0	0	0	0
Rgs10	0	0	0	0.5	0	0	0	0	0	0	0.5
Rgs16	0	0	0	0	0	-0.5	-0.5	-0.5	0	0	0
Rgs19	0.5	0	0	0.5	0	0.5	0	0	0.5	0	0.5
Rgs2	0	0	0	0.5	0	0.5	0	0	0	0	0
Rgs3	0.5	0	0	0.5	0	0.5	0	0	0	0	0
Rgs7bp	0	0	0	0	0	-0.5	0	0	0	0	0
Rgs9	0	0	0	0	0	-0.5	0	-0.5	0	0	0
Rhob	0.5	0	0	0	0	0.5	0	0	0	0	0
Rhof	0	0	0	0	0	-0.5	-0.5	-0.5	0	0	0
Rhoh	0	0	0	0	0	0.5	0	0	0	0	0.5
Rhoj	0	0	0	0	0	-0.5	-0.5	-0.5	0	0	0
Rhoq	0	0	0	0	0	-0.5	0	-0.5	0	0	0
Ric8	0	0	0	0	0	0	0	-0.5	0	0	0
Ric8b	0	0	0	0	0	0	0	-0.5	0	0	0
Rin2	0.5	0	0	0.5	0	0.5	0	0	0	0	0.5
Rinl	0.5	0	0	0.5	0	0.5	0	0	0.5	0	0
Riok3	0	0	0	0	0	-0.5	-0.5	-0.5	0	0	0
Ripk1	0	0	0	0	0	-0.5	0	0	0	0	0
Ripk2	0	0	0	0	0	-0.5	0	0	0	0	0
Rit1	0	0	0	0	0	-0.5	-0.5	-0.5	0	0	0
Rnase6	0	0	0	0	0	0.5	0	0	0	0	0
Rnasel	0	0	0	0	0	-0.5	-0.5	-0.5	0	0	0
Rnf111	0	0	0	0	0	0	0	-0.5	0	0	0
Rnf144a	0	0	0	0	0	-0.5	0	0	0	0	0
Rnf144b	0	0	0	0.5	0	0	0	0	0	0	0
Rnf149	0	0	0	0	0	-0.5	0	-0.5	0	0	0
Rnf157	0	0	0	0	0	-0.5	0	-0.5	0	0	0
Rnf19a	0	0	0	0	0	-0.5	0	-0.5	0	0	0
Rnf34	0.5	0	0	0.5	0	0	0	0	0.5	0	0
Rnf5	0.5	0	0	0.5	0	0.5	0	0	0.5	0	0
Rnf8	0	0	0	0	0	-0.5	0	0	0	0	0
Rnft1	0	0	0	0	0	-0.5	0	0	0	0	0
Rnh1	0	0	0	0	0	-0.5	0	-0.5	0	0	0
Rnpep	0	0	0	0.5	0	0.5	0	0	0.5	0	0.5
Rnu11	0.5	0	0	0.5	0	0.5	0	0	0	0	0.5
Rora	0	0	0	0	0	-0.5	0	-0.5	0	0	0
Rp2h	0	0	0	0.5	0	0	0	0	0	0	0
Rpa1	0.5	0	0	0	0	0	0	0	0.5	0	0.5
Rpe	0	0	0	0.5	0	0.5	0	0	0	0	0
Rps27l	0	0	0	0	0	0	0	-0.5	0	0	0
Rps6ka1	0.5	0	0	0.5	0	0.5	0	0	0.5	0	0.5
Rps6ka5	0	0	0	0	0	-0.5	0	0	0	0	0
Rps6kc1	0	0	0	0.5	0	0	0	0	0	0	0
Rptor	0	0	0	0	0	-0.5	-0.5	-0.5	0	0	0
Rraga	0	0	0	0.5	0	0	0	0	0	0	0.5
Rreb1	0	0	0	0.5	0	0.5	0	0	0.5	0	0.5
Rrm2	0.5	0	0	0.5	0	0.5	0	0	0.5	0	0
Rsad2	0	0	0	0	0	0	0	0	0.5	0	0
Rtn1	0.5	0	1.0	0.5	0	0.5	0	0	0	0	0.5
Rundc3b	0	0	0	0	0	-0.5	0	-0.5	0	0	0
Runx2	0	0	0	0	0	-0.5	-0.5	-0.5	0	0	0
Runx3	0	0	0	0	0	-0.5	-0.5	-0.5	0	0	0
Ryr1	0	0	0	0.5	0	0.5	0	0	0.5	0	0.5
S100a10	0	0	0	0	0	-0.5	-0.5	-0.5	0	0	0
S100a4	0	0	0	0	0	-0.5	0	0	0	0	0
S100a6	0	0	0	0	0	-0.5	0	0	0	0	0
Sae1	0.5	0	0	0.5	0	0.5	0	0	0.5	0	0
Samd4	0	0	0	0	0	-0.5	-0.5	-0.5	0	0	0
Samsn1	0	0	0	0	0	-0.5	-0.5	-0.5	0	0	0
Sarm1	0	0	0	0.5	0	0	0	0	0.5	0	0
Sat1	0	0	0	0.5	0	0	0	0	0	0	0
Sbk1	0	0	0	0	0	-0.5	0	0	0	0	0
Sbno2	0	0	0	0	0	-0.5	0	-0.5	0	0	0
Scap	0.5	0	0	0.5	0	0.5	0	0	0	0	0
Scd1	0	0	0	0	0	-0.5	-0.5	-0.5	0	0	0
Scin	0	0	0	0	0	-0.5	0	-0.5	0	0	0
Scmh1	0.5	0	0	0.5	0	0.5	0	0	0	0	0.5
Scube3	0	0	0	0	0	-0.5	0	-0.5	0	0	0
Sdad1	0	0	0	0.5	0	0.5	0	0	0.5	0	0.5
Sdc4	0	0	0	0	0	0	-0.5	-0.5	0	0	0
Sdcbp2	0	0	0	0	0	0	0	-0.5	0	0	0
Sdf2l1	0.5	0	0	0.5	0	0	0	0	0.5	0	0
Sele	0	0	0	0	0	-0.5	0	-0.5	0	0	0
Sell	0	0	0	0	0	-0.5	0	-0.5	0	0	0
Selp	0	0	0	0	0	-0.5	0	0	0	0	0
Selplg	0	0	0	0	0	-0.5	0	0	0	0	0
Sema3b	0	0	0	0	0	-0.5	0	-0.5	0	0	0
Sema3f	0	0	0	0	0	-0.5	0	0	0	0	0
Sema4a	0	0	0	0	0	-0.5	-0.5	-0.5	0	0	0
Sema4b	0	0	0	0	0	0	-0.5	0	0	0	0
Sema4d	0	0	0	0.5	0	0.5	0	0	0.5	0	0
Sema4f	0	0	0	0	0	-0.5	0	-0.5	0	0	0
Sema6b	0	0	0	0	0	-0.5	0	-0.5	0	0	0
Sema6d	0	0	0	0	0	-0.5	0	-0.5	0	0	0
Sema7a	0	0	0	0	0	-0.5	-0.5	-0.5	0	0	0
Senp7	0	0	0	0.5	0	0.5	0	0	0	0	0.5
Sepn1	0.5	0	0	0.5	0	0.5	0	0	0.5	0	0
Sepsecs	0	0	0	0.5	0	0	0	0	0.5	0	0.5
Sept9	0.5	0	0	0.5	0	0.5	0	0	1.5	1.0	0.5
Serhl	0	0	0	0	0	0	0	0	0.5	0	0.5
Serinc5	0	0	0	0	0	-0.5	0	-0.5	0	0	0
Serp1	0.5	0	0	0.5	0	0.5	0	0	0	0	0
Serpina3f	0	0	0	0	0	0	0	0	0	0	0.5
Serpina3g	0	0	0	0	0	0	0	0	0	0	0.5
Serpina3n	0	0	0	0	0	-0.5	-0.5	-0.5	0	0	0
Serpinb1a	0	0	0	0	0	-0.5	-0.5	-0.5	0	0	0
Serpinb1b	0	0	0	0	0	-0.5	0	0	0	0	0
Serpinb2	0	0	0	0	0	0.5	0	0	0	0	0
Serpinb9	0	0	0	0	0	-0.5	0	-0.5	0	0	0
Sertad3	0.5	0	0	0.5	0	0.5	0	0	0.5	0	0.5
Sestd1	0	0	0	0	0	-0.5	-0.5	-0.5	0	0	0
Setbp1	0	0	0	0	0	-0.5	0	-0.5	0	0	0
Sfi1	0	0	0	0	0	-0.5	-0.5	-0.5	0	0	0
Sfxn3	0	0	0	0	0	-0.5	0	-0.5	0	0	0
Sfxn5	0.5	0	0	0.5	0	0	0	0	0.5	0	0
Sgk1	0	0	0	0.5	0	0.5	0	0	0.5	0	0.5
Sgk3	0	0	0	0.5	0	0.5	0	0	0	0	0
Sgms1	0.5	0	0	0.5	1.0	0.5	0	0	0.5	0	0.5
Sgms2	0	0	0	0	0	0	0	-0.5	0	0	0
Sgpp1	0.5	0	0	0.5	0	0.5	0	0	0	0	0
Sh2d3c	0.5	0	0	0.5	0	0.5	0	0	0.5	0	0
Sh3bp1	0	0	0	0.5	0	0.5	0	0	0	0	0
Sh3bp2	0	0	0	0	0	-0.5	-0.5	-0.5	0	0	0
Sh3bp5	0	0	0	0	0	0	0	-0.5	0	0	0
Sh3pxd2b	0	0	0	0	0	-0.5	0	0	0	0	0
Sh3tc1	0	0	0	0	0	-0.5	0	-0.5	0	0	0
Shb	0	0	0	0	0	-0.5	0	-0.5	0	0	0
She	0	0	0	0	0	-0.5	0	-0.5	0	0	0
Shisa5	0	0	0	0	0	-0.5	0	-0.5	0	0	0
Shkbp1	0.5	0	0	0.5	0	0.5	0	0	0.5	0	0.5
Shmt2	0	0	0	0.5	0	0	0	0	0.5	0	0
Sidt2	0	0	0	0	0	-0.5	0	-0.5	0	0	0
Sigirr	0	0	0	0	0	-0.5	0	-0.5	0	0	0
Siglece	0.5	0	0	0.5	0	0	0	0	0	0	0.5
Sik1	0.5	0	0	0.5	0	0.5	0	0	0.5	0	0.5
Sik3	0	-1.0	0	0	0	-0.5	0	-0.5	0	0	0
Sipa1	0.5	0	0	0.5	0	0	0	0	0.5	0	0
Sipa1l2	0	0	0	0	0	-0.5	0	-0.5	0	-1.0	0
Ska1	0.5	0	0	0.5	0	0	0	0	0.5	0	0.5
Ski	0	0	0	0	0	0	-0.5	0	0	0	0
Slamf6	0	0	0	0.5	0	0	0	0	0	0	0
Slamf8	0	0	0	0.5	0	0	0	0	0	0	0
Slc10a7	0	0	0	0.5	0	0	0	0	0	0	0
Slc11a1	0	0	0	0	0	-0.5	0	0	0	0	0
Slc11a2	0	0	0	0	0	-0.5	0	0	0	0	0
Slc12a4	0	0	0	0	0	-0.5	0	-0.5	0	0	0
Slc12a6	0.5	0	0	0.5	0	0.5	0	0	0.5	0	0.5
Slc14a1	0	0	0	0.5	0	0	0	0	0	0	0.5
Slc16a3	0	0	0	0	0	0	-0.5	0	0	0	0
Slc16a6	0.5	0	0	0.5	0	0	0	0	0	0	0
Slc16a7	0	0	0	0	0	-0.5	0	0	0	0	0
Slc22a15	0	0	0	0	0	-0.5	0	-0.5	0	0	0
Slc22a4	0	0	0	0	0	-0.5	0	-0.5	0	0	0
Slc22a5	0	0	0	0	0	-0.5	0	0	0	0	0
Slc24a3	0	0	0	0	0	-0.5	0	-0.5	0	0	0
Slc25a13	0	0	0	0.5	0	0.5	0	0	0	0	0
Slc25a20	0	0	0	0	0	-0.5	-0.5	0	0	0	0
Slc25a26	0.5	0	0	0	0	0.5	0	0	0	0	0.5
Slc25a37	0	0	0	0	0	-0.5	-0.5	-0.5	0	0	0
Slc25a45	0	0	0	0.5	0	0.5	0	0	0.5	0	0
Slc29a1	0.5	0	0	0.5	0	0.5	0	0	0.5	0	0.5
Slc29a3	0	0	0	0	0	-0.5	-0.5	-0.5	0	0	0
Slc2a1	0	0	0	0	0	-0.5	-0.5	-0.5	0	0	0
Slc2a3	0	0	0	0	0	-0.5	0	0	0	0	0
Slc2a6	0	0	0	0	0	-0.5	0	-0.5	0	0	0
Slc30a1	0	0	0	0	0	-0.5	0	0	0	0	0
Slc31a2	0	0	0	0	0	0	0	-0.5	0	0	0
Slc35a5	0.5	0	0	0.5	0	0.5	0	0	0	0	0
Slc35b2	0	0	0	0	0	-0.5	0	0	0	0	0
Slc35c2	0	0	0	0.5	0	0.5	0	0	0.5	0	0
Slc36a3	0	0	0	0.5	0	0.5	0	0	1.5	0	0
Slc36a4	0	0	0	0	0	-0.5	-0.5	-0.5	0	0	0
Slc37a3	0	0	0	0	0	-0.5	0	-0.5	0	0	0
Slc38a1	0	0	0	0	0	-0.5	0	-0.5	0	0	0
Slc39a1	0	0	0	0	0	-0.5	0	-0.5	0	0	0
Slc39a14	0	0	0	0	0	-0.5	-0.5	-0.5	0	0	0
Slc41a2	0	0	0	0	0	-0.5	-0.5	0	0	0	0
Slc43a2	0	0	0	0.5	0	0.5	0	0	0	0	0
Slc44a2	0	0	0	0.5	0	0	0	0	0.5	0	0
Slc45a3	0	0	0	0	0	-0.5	0	-0.5	0	0	0
Slc46a3	0	0	0	0	0	0.5	0	0	0	0	0
Slc4a4	0	0	0	0	0	0	0	-0.5	0	0	0
Slc4a8	0	0	0	0	0	-0.5	-0.5	-0.5	0	0	0
Slc6a12	0	0	0	0.5	0	0	0	0	0	0	0
Slc6a13	0	0	0	0.5	0	0	0	0	0	0	0
Slc6a6	0	0	0	0	0	-0.5	-0.5	-0.5	0	0	0
Slc7a11	0	0	0	0	0	0	0	-0.5	0	0	0
Slc7a7	0.5	0	0	0.5	0	0	0	0	0.5	0	0.5
Slc7a8	0	0	0	0.5	0	0.5	0	0	0	0	0
Slc9a7	0	0	0	0.5	0	0	0	0	0	0	0
Slco5a1	0	0	0	0	0	-0.5	0	-0.5	0	0	0
Slfn10-ps	0	0	0	0	0	-0.5	-0.5	-0.5	0	0	0
Slfn2	0	0	0	0	0	-0.5	0	-0.5	0	0	0
Slk	0	0	0	0	0	0	0	-0.5	0	0	0
Smad3	0	0	0	0	0	-0.5	-0.5	-0.5	0	0	0
Smad6	0	0	0	0	0	-0.5	0	-0.5	0	0	0
Smarcal1	0	0	0	0.5	0	0.5	0	0	0.5	0	0.5
Smc2	0	0	0	0.5	0	0	0	0	0.5	0	0.5
Smchd1	0	0	0	0	0	-0.5	0	0	0	0	0
Smg6	0.5	0	0	0.5	0	0.5	0	0	0.5	0	0.5
Smpdl3a	0	0	0	0	0	0.5	0	0	0.5	0	0
Sncaip	0	0	0	0	0	-0.5	0	-0.5	0	0	0
Snhg1	0	0	0	0.5	0	0.5	0	0	0	0	0
Snhg6	0	0	0	0.5	0	0	0	0	0	0	0
Snhg7	0	0	0	0.5	0	0.5	0	0	0	0	0.5
Sntb2	0	0	0	0	0	-0.5	-0.5	-0.5	0	0	0
Snx18	0	0	0	0	0	-0.5	0	-0.5	0	0	0
Snx22	0.5	0	0	0.5	0	0.5	0	0	0.5	0	0
Snx27	0.5	0	0	0.5	0	0.5	0	0	0	0	0.5
Snx30	0	0	0	0	0	-0.5	0	-0.5	0	0	0
Snx6	0.5	0	0	0.5	0	0.5	0	0	0.5	0	0.5
Snx8	0	0	0	0	0	0	-0.5	-0.5	0	0	0
Soat1	0	0	0	0.5	0	0.5	0	0	0.5	0	0.5
Socs3	0	0	0	0	0	-0.5	0	0	0	0	0
Socs4	0.5	0	0	0.5	0	0.5	0	0	0.5	0	0
Socs7	0	0	0	0	0	-0.5	0	0	0	0	0
Sorbs1	0	0	0	0	0	-0.5	-0.5	-0.5	0	0	0
Sord	0	0	0	0.5	0	0	0	0	0.5	0	0
Sos2	0	0	0	0	0	-0.5	0	0	0	0	0
Sox18	0	0	0	0	0	-0.5	0	0	0	0	0
Sox5	0	0	0	0	0	-0.5	0	-0.5	0	0	0
Spag5	0	0	0	0.5	0	0	0	0	0.5	0	0.5
Spag9	0	-1.0	0	0	0	-0.5	0	-0.5	0	0	0
Spata13	0	0	0	0	0	-0.5	0	0	0	0	0
Spata5l1	0.5	0	0	0.5	0	0	0	0	0	0	0.5
Spc24	0.5	0	0	0.5	0	0	0	0	0.5	0	0.5
Specc1	0	0	0	0	0	-0.5	0	-0.5	0	0	0
Specc1l	0	0	0	0	0	-0.5	-0.5	-0.5	0	0	0
Spen	0	0	0	0	0	-0.5	-0.5	-0.5	0	0	0
Sphk1	0	0	0	0	0	-0.5	0	-0.5	0	0	0
Spin1	0	0	0	0	0	-0.5	0	-0.5	0	0	0
Spn	0	0	0	0	0	0	0	-0.5	0	0	0
Spns3	0	0	0	0.5	0	0.5	0	0	0.5	0	0.5
Spon1	0	0	0	0	0	-0.5	0	-0.5	0	0	0
Sppl3	0	0	0	0	0	-0.5	0	-0.5	0	0	0
Spred1	0	0	0	0	0	-0.5	-0.5	-0.5	0	0	0
Spred2	0	0	0	0	0	-0.5	-0.5	-0.5	0	0	0
Srbd1	0	0	0	0	0	0.5	0	0	0.5	0	0
Srf	0	0	0	0.5	0	0.5	0	0	0	0	0.5
Srgap3	0.5	0	0	0.5	0	0.5	0	0	0.5	0	0.5
Srpk2	0	0	0	0.5	1.0	0.5	0	0	0	0	0
Srxn1	0	0	0	0	0	-0.5	0	0	0	0	0
Ssbp3	0.5	0	0	0.5	0	0.5	0	0	0.5	0	0
Ssh1	0	0	0	0	0	-0.5	0	0	0	0	0
Ssu72	0.5	0	0	0.5	0	0.5	0	0	0	0	0.5
Ssx2ip	0	0	0	0.5	0	0.5	0	0	0	0	0
St3gal1	0	0	0	0	0	-0.5	-0.5	-0.5	0	0	0
St3gal4	0	0	0	-1.0	0	-0.5	0	-0.5	0	0	0
St5	0	0	0	0	0	-0.5	0	0	0	0	0
St6gal1	0	0	0	0	0	-0.5	0	-0.5	0	0	0
St6galnac6	0	0	0	0	0	-0.5	0	0	0	0	0
Stab1	0	0	0	0	0	-0.5	-0.5	-0.5	0	0	0
Stap1	0.5	0	0	0.5	0	0.5	0	0	0.5	0	0.5
Stard13	0	0	0	0	0	-0.5	-0.5	-0.5	0	0	0
Stard4	0.5	0	0	0.5	0	0.5	0	0	0.5	0	0
Stard5	0	0	1.0	0.5	0	0.5	0	0	0.5	0	0
Stat1	0.5	0	0	0.5	0	0.5	0	0	0.5	0	0.5
Stat3	0	0	0	0	0	-0.5	0	0	0	0	0
Stat4	0	0	0	0	0	-0.5	0	0	0	0	0
Stat5a	0	0	0	0	0	-0.5	0	-0.5	0	0	0
Steap3	0	0	0	0	0	-0.5	0	0	0	0	0
Stil	0	0	0	0	0	0.5	0	0	0	0	0
Stim2	0	0	0	0	0	-0.5	0	-0.5	0	0	0
Stip1	0	0	0	0.5	0	0.5	0	0	0	0	0.5
Stk10	0	-1.0	0	0	0	-0.5	0	-0.5	0	-1.0	0
Stk11	0	0	0	0	0	-0.5	0	0	0	0	0
Stk38	0	0	0	0.5	0	0.5	0	0	0.5	0	0.5
Stk39	0.5	0	0	0.5	0	0	0	0	0	0	0.5
Stk40	0	-1.0	0	0	0	-0.5	-0.5	-0.5	0	0	0
Stoml2	0	0	0	0.5	0	0.5	0	0	0.5	0	0.5
Ston2	0	0	0	0	0	-0.5	-0.5	-0.5	0	0	0
Strbp	0.5	0	0	0.5	0	0.5	0	0	0.5	0	0.5
Stt3b	0.5	0	0	0.5	0	0.5	0	0	0.5	0	0
Stx11	0	0	0	0	0	-0.5	0	-0.5	0	0	0
Stx16	0	0	0	0.5	0	0	0	0	0	0	0.5
Stx2	0.5	0	0	0.5	0	0	0	0	0.5	0	0.5
Stxbp1	0	0	0	0	0	-0.5	-0.5	0	0	0	0
Stxbp3a	0	0	0	0	0	-0.5	-0.5	-0.5	0	0	0
Stxbp6	0	0	0	0	0	0	0	-0.5	0	0	0
Sub1	0	0	0	0	0	-0.5	-0.5	0	0	0	0
Suclg2	0.5	0	0	0.5	0	0.5	0	0	0.5	0	0.5
Sulf1	0	0	0	0	0	-0.5	0	-0.5	0	0	0
Sulf2	0	0	0	0.5	0	0	0	0	0.5	0	0
Sult2b1	0	0	0	0	0	-0.5	0	-0.5	0	0	0
Sumo3	0.5	0	0	0.5	0	0.5	0	0	0.5	0	0.5
Sun1	0	0	0	0	0	-0.5	0	0	0	0	0
Sun2	0	0	0	0	0	-0.5	0	0	0	0	0
Surf1	0	0	0	0.5	0	0.5	0	0	0	0	0
Suv420h1	0	0	0	0	0	-0.5	0	0	0	0	0
Svep1	0	0	0	0	0	-0.5	0	-0.5	0	0	0
Svil	0	0	0	0	0	-0.5	0	-0.5	0	0	0
Swap70	0	0	0	0	0	0	0	-0.5	0	0	0
Sympk	0	0	0	0.5	0	0.5	0	0	0	0	0
Syn1	0	0	0	0	0	-0.5	0	-0.5	0	0	0
Syngr2	0	0	0	0	0	-0.5	0	0	0	0	0
Synj2	0	0	0	0	0	-0.5	-0.5	-0.5	0	0	0
Synrg	0.5	0	0	0.5	0	0	0	0	0.5	0	0
Sytl3	0.5	0	0	0.5	0	0	0	0	0.5	0	0.5
Tacc2	0	0	0	0	0	-0.5	0	0	0	0	0
Tacstd2	0	0	0	0	0	-0.5	0	-0.5	0	0	0
Taf6	0.5	0	0	0.5	0	0.5	0	0	0.5	0	0
Taf6l	0.5	0	0	0.5	0	0	0	0	0.5	0	0.5
Tagap	0.5	0	0	0.5	0	0.5	0	0	0	0	0
Taok1	0	0	0	0	0	-0.5	0	0	0	0	0
Tbc1d1	0.5	0	0	0.5	0	0.5	0	0	0	0	0.5
Tbc1d10b	0	0	0	0	0	-0.5	0	-0.5	0	0	0
Tbc1d24	0	0	0	0	0	0	0	-0.5	0	0	0
Tbc1d2b	0	0	0	0	0	-0.5	-0.5	-0.5	0	0	0
Tbc1d4	0	0	0	0	0	-0.5	-0.5	-0.5	0	0	0
Tbc1d8	0	0	0	0	0	0	0	-0.5	0	0	0
Tbc1d9	0.5	0	0	0.5	0	0.5	0	0	0	0	0.5
Tbck	0.5	0	0	0.5	0	0	0	0	0	0	0
Tbl1xr1	0.5	0	0	0.5	0	0.5	0	0	0.5	0	0.5
Tbx2	0	0	0	0	0	-0.5	0	0	0	0	0
Tcf19	0.5	0	0	0.5	0	0.5	0	0	0.5	0	0
Tcf7	0	0	0	0	0	-0.5	0	0	0	0	0
Tcf7l1	0	0	0	0	0	-0.5	0	-0.5	0	0	0
Tcirg1	0.5	0	0	0.5	0	0.5	0	0	0.5	0	0.5
Tcn2	0	0	0	0	0	-0.5	0	-0.5	0	0	0
Tcp10a	0	0	0	0	0	-0.5	-0.5	-0.5	0	0	0
Tead1	0	0	0	0	0	-0.5	-0.5	-0.5	0	0	0
Tec	0	0	0	0	0	-0.5	-0.5	-0.5	0	0	0
Tecpr2	0.5	0	0	0.5	0	0	0	0	0	0	0.5
Tef	0	0	0	0	0	-0.5	0	0	0	0	0
Tenc1	0	0	0	0	0	-0.5	0	-0.5	0	0	0
Terf2ip	0	0	0	0	0	-0.5	0	0	0	0	0
Tet2	0	0	0	0	0	-0.5	0	-0.5	0	0	0
Tex14	0	0	0	0	0	-0.5	-0.5	-0.5	0	0	0
Tex2	0	0	0	0	0	-0.5	0	-0.5	0	0	0
Tfb1m	0.5	0	0	0.5	0	0.5	0	0	0	0	0.5
Tfe3	0	0	0	0	0	-0.5	0	-0.5	0	0	0
Tgfbi	0	0	0	0	0	-0.5	0	-0.5	0	0	0
Tgfbr2	0	0	0	0	0	-0.5	0	-0.5	0	0	0
Tgm1	0	0	0	0	0	-0.5	0	-0.5	0	0	0
Tgtp2	0.5	0	0	0.5	0	0	0	0	0	0	0.5
Thbd	0	0	0	0	0	0	0	-0.5	0	0	0
Thbs1	0	0	0	0	0	-0.5	-0.5	0	0	0	0
Thumpd3	0.5	0	0	0.5	0	0.5	0	0	0.5	0	0
Tiam1	0	0	0	0	0	-0.5	-0.5	-0.5	0	0	0
Tifa	0	0	0	0.5	0	0.5	0	0	0	0	0.5
Tifab	0	0	0	0.5	1.0	0	0	0	0	0	0
Timp1	0	0	0	0	0	-0.5	0	-0.5	0	0	0
Timp2	0	0	0	0	0	0	0	-0.5	0	0	0
Tirap	0	0	0	0	0	-0.5	0	-0.5	0	0	0
Tjap1	0	0	0	0	0	-0.5	0	0	0	0	0
Tjp2	0	0	0	0	0	-0.5	-0.5	-0.5	0	0	0
Tk1	0	0	0	0	0	-0.5	0	-0.5	0	0	0
Tle1	0	0	0	0	0	-0.5	0	-0.5	0	0	0
Tle3	0	0	0	-1.0	0	-0.5	0	0	0	0	0
Tln1	0	0	0	0.5	0	0	0	0	0.5	0	0
Tln2	0	0	0	0	0	0	0	-0.5	0	0	0
Tlr1	0	0	0	0	0	0.5	0	0	0	0	0
Tlr11	0	0	0	0	0	0.5	0	0	0	0	0
Tlr12	0.5	0	0	0.5	0	0	0	0	0	0	0.5
Tlr2	0	0	0	0	0	-0.5	0	-0.5	0	0	0
Tlr4	0	0	0	0	0	-0.5	0	-0.5	0	0	0
Tlr5	0	0	0	0	0	-0.5	0	-0.5	0	0	0
Tlr8	0	0	0	0	0	-0.5	0	-0.5	0	0	0
Tm6sf1	0	0	0	0	0	-0.5	0	-0.5	0	0	0
Tmbim1	0	0	0	0	0	-0.5	-0.5	-0.5	0	0	0
Tmbim4	0	0	0	0	0	-0.5	0	-0.5	0	0	0
Tmcc3	0	0	0	0.5	0	0.5	0	0	0	0	0
Tmem119	0	0	0	0	0	-0.5	0	-0.5	0	0	0
Tmem123	0	0	0	0	0	-0.5	0	-0.5	0	0	0
Tmem127	0	0	0	0	0	-0.5	0	0	0	0	0
Tmem131	0	0	0	0	0	-0.5	-0.5	-0.5	0	0	0
Tmem154	0	0	0	0.5	0	0	0	0	0	0	0
Tmem170b	0.5	0	0	0.5	0	0	0	0	0	0	0.5
Tmem176b	0	0	0	0	0	-0.5	0	-0.5	0	0	0
Tmem179b	0.5	0	0	0.5	0	0	0	0	0.5	0	0.5
Tmem2	0	0	0	0	0	-0.5	0	-0.5	0	0	0
Tmem209	0	0	0	0.5	0	0	0	0	0.5	0	0
Tmem221	0	0	0	0.5	0	0	0	0	0	0	0.5
Tmem229b	0.5	0	0	0.5	0	0	0	0	0	0	0
Tmem231	0	0	0	0.5	0	0	0	0	0.5	0	0.5
Tmem38b	0.5	0	0	0.5	0	0.5	0	0	0.5	0	0.5
Tmem51	0	0	0	0	0	0	-0.5	0	0	0	0
Tmem62	0	0	0	0	0	-0.5	0	0	0	0	0
Tmem63a	0.5	0	0	0	0	0.5	0	0	0	0	0.5
Tmem63b	0	0	0	0	0	-0.5	0	-0.5	0	0	0
Tmem65	0	0	0	0	0	-0.5	0	-0.5	0	0	0
Tmpo	0.5	0	0	0.5	0	0.5	0	0	0.5	0	0.5
Tmprss2	0	0	0	0	0	-0.5	0	-0.5	0	0	0
Tmub1	0.5	0	0	0.5	0	0.5	0	0	0.5	0	0.5
Tnf	0	0	0	0.5	0	0.5	0	0	0	0	0.5
Tnfaip6	0	0	0	0	0	-0.5	-0.5	0	0	0	0
Tnfaip8	0	0	0	0	0	-0.5	-0.5	-0.5	0	0	0
Tnfrsf14	0.5	0	0	0	0	0.5	0	0	0	0	0
Tnfrsf1b	0	0	0	0	0	-0.5	0	-0.5	0	0	0
Tnfrsf8	0	0	0	0	0	-0.5	0	-0.5	0	0	0
Tnfrsf9	0	0	0	0	0	-0.5	0	-0.5	0	0	0
Tnfsf10	0	0	0	0	0	-0.5	0	-0.5	0	0	0
Tnfsf14	0	0	0	0	0	-0.5	0	-0.5	0	0	0
Tnfsf15	0	0	0	0	0	0	0	0	0.5	0	0
Tnfsf8	0.5	0	0	0.5	0	0.5	0	0	0	0	0
Tnik	0	0	0	0.5	0	0.5	0	0	0.5	0	0
Tnip1	0	0	0	0	0	-0.5	-0.5	-0.5	0	0	0
Tnip2	0	0	0	0	0	-0.5	0	0	0	0	0
Tnip3	0	0	0	0	0	-0.5	-0.5	-0.5	0	0	0
Tnks	0	0	0	0	0	-0.5	-0.5	-0.5	0	0	0
Tnpo2	0.5	0	0	0.5	0	0.5	0	0	0.5	0	0.5
Tns1	0	0	0	0	0	-0.5	-0.5	-0.5	0	0	0
Tnxb	0	0	0	0	0	-0.5	-0.5	0	0	0	0
Toe1	0	0	0	0.5	0	0	0	0	0	0	0
Tomm5	0	0	0	0.5	0	0	0	0	0	0	0
Top1	0	0	0	0	0	-0.5	0	-0.5	0	0	0
Top2a	0	0	0	0	0	0.5	0	0	0	0	0
Tor1aip2	0	0	0	0	0	-0.5	-0.5	-0.5	0	0	0
Tpbg	0	0	0	0	0	-0.5	0	-0.5	0	0	0
Tpcn1	0.5	0	1.0	0.5	1.0	0.5	0	0	1.5	1.0	0.5
Tpk1	0.5	0	0	0.5	0	0.5	0	0	0	0	0.5
Tpmt	0	0	0	0.5	0	0	0	0	0.5	0	0
Tpx2	0.5	0	0	0.5	0	0.5	0	0	0	0	0
Traf1	0	0	0	0	0	-0.5	0	-0.5	0	0	0
Traf3	0	0	0	0	0	-0.5	0	-0.5	0	0	0
Traf3ip3	0.5	0	0	0.5	0	0	0	0	0	0	0
Traf4	0	0	0	0	0	-0.5	0	0	0	0	0
Trak1	0	0	0	0	0	-0.5	0	-0.5	0	0	0
Trem1	0	0	0	0	0	0.5	0	0	0	0	0
Treml4	0	0	0	0.5	0	0	0	0	0	0	0
Trerf1	0.5	0	0	0.5	0	0.5	0	0	0	0	0
Trib3	0.5	0	0	0.5	0	0	0	0	0.5	0	0.5
Trim14	0.5	0	0	0.5	0	0.5	0	0	0.5	0	0.5
Trim16	0	0	0	0	0	-0.5	0	-0.5	0	0	0
Trim30a	0.5	0	0	0	0	0.5	0	0	0	0	0
Trim34a	0	0	0	0.5	0	0.5	0	0	0	0	0
Trim37	0.5	0	0	0.5	0	0	0	0	0	0	0
Trim62	0	0	0	0	0	-0.5	0	-0.5	0	0	0
Trim68	0	0	0	0.5	0	0	0	0	0	0	0
Trim8	0	0	0	-1.0	0	-0.5	0	-0.5	0	0	0
Trio	0	-1.0	0	0	0	-0.5	-0.5	-0.5	0	0	0
Trit1	0	0	0	0	0	0	0	0	0	0	0.5
Trmt112	0.5	0	0	0.5	0	0	0	0	0	0	0
Trpm2	0	0	0	0.5	0	0.5	0	0	0.5	0	0.5
Trps1	0	0	0	0	0	-0.5	0	-0.5	0	0	0
Trpv2	0	0	0	0	0	-0.5	-0.5	-0.5	0	0	0
Tsc22d3	0	0	0	0.5	0	0	0	0	0	0	0
Tsen34	0	0	0	0	0	-0.5	-0.5	-0.5	0	0	0
Tsga10	0	0	0	0	0	0	0	-0.5	0	0	0
Tspan1	0	0	0	0	0	-0.5	0	0	0	0	0
Tspan3	0	0	0	0	0	-0.5	0	0	0	0	0
Tspan33	0.5	0	0	0.5	0	0.5	0	0	0	0	0
Tspyl3	0.5	0	0	0	0	0	0	0	0	0	0
Ttc17	0	0	0	0	0	-0.5	0	0	0	0	0
Ttc19	0	0	0	0	0	-0.5	0	-0.5	0	0	0
Ttc21b	0.5	0	0	0.5	0	0	0	0	0.5	0	0.5
Ttc32	0	0	0	0.5	0	0	0	0	0	0	0
Ttc37	0	0	0	0.5	0	0	0	0	0.5	0	0
Ttc39a	0	0	0	0	0	0.5	0	0	0	0	0
Ttc39c	0	0	0	0	0	-0.5	-0.5	-0.5	0	0	0
Ttc5	0	0	0	0.5	0	0	0	0	0	0	0
Ttc8	0	0	0	0.5	0	0	0	0	0	0	0
Ttc9c	0	0	0	0.5	0	0.5	0	0	0	0	0.5
Tti1	0.5	0	0	0.5	0	0	0	0	0	0	0
Tubb5	0	0	0	0.5	0	0.5	0	0	0.5	0	0.5
Tulp4	0	0	0	0	0	-0.5	0	-0.5	0	0	0
Txlnb	0.5	0	0	0.5	0	0.5	0	0	0	0	0.5
Txn1	0.5	0	0	0.5	0	0.5	0	0	0.5	0	0.5
Txndc15	0.5	0	0	0.5	0	0	0	0	0	0	0
Txndc16	0.5	0	0	0.5	0	0.5	0	0	0	0	0.5
Txnip	0	0	0	0	0	-0.5	0	0	0	0	0
Txnrd1	0	0	0	0	0	-0.5	0	-0.5	0	0	0
Tyrobp	0	0	0	0	0	0	0	-0.5	0	0	0
Uap1	0	0	0	0	0	-0.5	-0.5	0	0	0	0
Uba7	0	0	0	0.5	0	0.5	0	0	0.5	0	0.5
Ube2c	0	0	0	0.5	0	0.5	0	0	0	0	0
Ube2g2	0.5	0	0	0	0	0.5	0	0	0	0	0
Ube2z	0	0	0	0	0	-0.5	0	0	0	0	0
Ubfd1	0	0	0	0	0	-0.5	0	0	0	0	0
Ublcp1	0	0	0	0.5	0	0.5	0	0	0	0	0
Ubqln4	0	0	0	-1.0	0	-0.5	0	0	0	0	0
Ubr5	0	0	0	0	0	-0.5	-0.5	-0.5	0	0	0
Uchl3	0	0	0	0.5	0	0	0	0	0	0	0.5
Uck2	0	0	0	0	0	-0.5	0	-0.5	0	0	0
Ugcg	0	0	0	0	0	-0.5	0	-0.5	0	0	0
Ugt1a6b	0	0	0	0	0	0	0	-0.5	0	0	0
Uhrf1	0	0	0	0.5	0	0.5	0	0	0.5	0	0.5
Ulk1	0	0	0	0	0	-0.5	0	0	0	0	0
Unc119	0	0	0	0.5	0	0	0	0	0.5	0	0
Unc50	0	0	0	0	0	-0.5	0	0	0	0	0
Usp12	0.5	0	0	0.5	0	0.5	0	0	0.5	0	0.5
Usp18	0.5	0	0	0.5	0	0.5	0	0	0.5	0	0.5
Usp31	0	0	0	0	0	-0.5	0	-0.5	0	0	0
Usp35	0	0	0	0	0	-0.5	0	0	0	0	0
Usp42	0	0	0	0	0	-0.5	0	0	0	0	0
Usp45	0	0	0	0.5	0	0.5	0	0	0.5	0	0
Ust	0.5	0	0	0.5	0	0.5	0	0	0.5	0	0.5
Utp23	0	0	0	0	0	-0.5	0	0	0	0	0
Vamp2	0.5	0	0	0.5	0	0.5	0	0	0.5	0	0.5
Vars	0.5	0	0	0.5	0	0.5	0	0	0.5	0	0.5
Vars2	0	0	0	0.5	0	0.5	0	0	0	0	0
Vash1	0	0	0	0	0	0	0	-0.5	0	0	0
Vat1	0	0	0	0	0	-0.5	0	0	0	0	0
Vav1	0.5	0	0	0.5	0	0	0	0	0.5	0	0.5
Vcan	0	0	0	0	0	-0.5	0	0	0	0	0
Vdac2	0.5	0	0	0.5	0	0.5	0	0	0.5	0	0.5
Vdr	0	0	0	0	0	-0.5	0	-0.5	0	0	0
Vim	0	0	0	0	0	-0.5	0	-0.5	0	0	0
Vopp1	0	0	0	0	0	-0.5	0	-0.5	0	0	0
Vps13c	0.5	0	0	0.5	0	0.5	0	0	0.5	0	0
Vps37b	0	0	0	0	0	-0.5	0	-0.5	0	0	0
Vps53	0	0	0	0.5	0	0.5	0	0	0	0	0
Vti1a	0.5	0	0	0.5	0	0.5	0	0	0	0	0
Was	0	0	0	0.5	0	0.5	0	0	0	0	0.5
Wasl	0	0	0	0	0	-0.5	-0.5	0	0	0	0
Wbp11	0	0	0	0.5	1.0	0	0	0	0	0	0
Wdfy1	0	0	0	0.5	0	0	0	0	0	0	0.5
Wdr11	0	0	0	0	0	0	0	0	0	0	0.5
Wdr12	0.5	0	0	0.5	0	0	0	0	0	0	0.5
Wdr37	0	0	0	0	0	-0.5	0	-0.5	0	0	0
Whamm	0	0	0	-1.0	0	0	0	0	0	0	0
Wls	0	0	0	0	0	-0.5	0	0	0	0	0
Wnk1	0	0	0	0	0	-0.5	0	-0.5	0	0	0
Wnk4	0	0	0	0	0	0	-0.5	0	0	0	0
Wnt11	0	0	0	0	0	0	0	-0.5	0	0	0
Wscd2	0	0	0	0	0	0	0	-0.5	0	0	0
Wwc2	0	0	0	0	0	-0.5	0	0	0	0	0
Xcr1	0.5	0	0	0.5	0	0	0	0	0.5	0	0
Xirp1	0	0	0	0	0	-0.5	0	-0.5	0	0	0
Xylt1	0	0	0	0	0	-0.5	-0.5	-0.5	0	0	0
Yeats2	0.5	0	0	0.5	0	0.5	0	0	0.5	0	0.5
Ypel5	0	0	0	0	0	-0.5	-0.5	-0.5	0	0	0
Zbp1	0	0	0	0.5	0	0	0	0	0	0	0
Zbtb1	0	0	0	0	0	-0.5	0	-0.5	0	0	0
Zbtb16	0	0	0	0	0	-0.5	0	-0.5	0	0	0
Zbtb20	0	0	0	0	0	-0.5	-0.5	-0.5	0	0	0
Zbtb32	0	0	0	0	0	-0.5	-0.5	-0.5	0	0	0
Zbtb34	0	0	0	0	0	0	0	-0.5	0	0	0
Zbtb39	0	0	0	-1.0	0	0	0	0	0	0	0
Zbtb42	0	0	0	0	0	-0.5	0	0	0	0	0
Zbtb7a	0	0	0	0	0	-0.5	0	0	0	0	0
Zc3h10	0.5	0	0	0.5	0	0	0	0	0.5	0	0
Zc3h12c	0.5	0	0	0.5	0	0.5	0	0	0.5	0	0
Zc3h7b	0.5	0	0	0	0	0	0	0	0	0	0.5
Zcchc11	0	0	0	0	0	-0.5	0	0	0	0	0
Zcchc4	0	0	0	0.5	0	0.5	0	0	0.5	0	0.5
Zcwpw1	0.5	0	0	0.5	0	0.5	0	0	0	0	0.5
Zdhhc13	0.5	0	0	0.5	0	0	0	0	0.5	0	0
Zdhhc18	0	0	0	-1.0	0	-0.5	0	0	0	0	0
Zdhhc24	0	0	0	0.5	0	0.5	0	0	0	0	0
Zeb2	0	0	0	0	0	-0.5	-0.5	-0.5	0	0	0
Zfhx2	0	0	0	0	0	-0.5	0	0	0	0	0
Zfhx3	0.5	0	0	0.5	0	0.5	0	0	0.5	0	0
Zfp191	0	0	0	0	0	-0.5	0	0	0	0	0
Zfp207	0.5	0	0	0.5	0	0.5	0	0	0	0	0
Zfp366	0.5	0	0	0	0	0.5	0	0	0	0	0
Zfp367	0.5	0	0	0.5	1.0	0.5	0	0	1.5	0	0.5
Zfp385a	0.5	0	0	0.5	0	0.5	0	0	0.5	0	0
Zfp414	0.5	0	0	0.5	0	0.5	0	0	0.5	0	0.5
Zfp451	0	0	0	0	0	-0.5	0	-0.5	0	0	0
Zfp456	0	0	0	0	0	0	0	-0.5	0	0	0
Zfp46	0	0	0	0	0	-0.5	0	0	0	0	0
Zfp467	0	0	0	0	0	0	0	0	0.5	0	0
Zfp516	0	0	0	0	0	-0.5	0	-0.5	0	0	0
Zfp52	0	0	0	0	0	-0.5	0	0	0	0	0
Zfp521	0	0	0	0	0	-0.5	0	0	0	0	0
Zfp558	0	0	0	0.5	0	0	0	0	0	0	0
Zfp568	0	0	0	0	0	-0.5	0	0	0	0	0
Zfp57	0	0	0	0	0	0.5	0	0	0	0	0
Zfp58	0	0	0	0	0	0	0	-0.5	0	0	0
Zfp605	0	0	0	0	0	-0.5	0	-0.5	0	0	0
Zfp629	0	0	0	0	0	-0.5	0	-0.5	0	0	0
Zfp651	0	0	0	0	0	-0.5	-0.5	0	0	0	0
Zfp664	0	0	0	0	0	-0.5	0	-0.5	0	0	0
Zfp667	0	0	0	0	0	-0.5	0	-0.5	0	0	0
Zfp672	0	0	0	0	0	-0.5	0	0	0	0	0
Zfp704	0	0	0	0	0	-0.5	0	-0.5	0	0	0
Zfp715	0	0	0	0	0	-0.5	0	-0.5	0	0	0
Zfp790	0	0	0	0	0	-0.5	0	-0.5	0	0	0
Zfp808	0	0	0	0	0	0.5	0	0	0	0	0
Zfp869	0.5	0	0	0.5	0	0.5	0	0	0	0	0
Zfp874b	0	0	0	0	0	0	0	-0.5	0	0	0
Zfp948	0	0	0	0	0	-0.5	0	0	0	0	0
Zfp953	0	0	0	0	0	-0.5	0	-0.5	0	0	0
Zmym1	0	0	0	0	0	-0.5	0	-0.5	0	0	0
Zmym2	0	0	0	0	0	-0.5	0	0	0	0	0
Zmym3	0	0	0	0.5	0	0.5	0	0	0	0	0
Zmynd15	0	0	0	0	0	-0.5	-0.5	-0.5	0	0	0
Znfx1	0	0	0	0	0	-0.5	0	-0.5	0	0	0
Znrd1	0.5	0	0	0.5	0	0	0	0	0.5	0	0
Zranb2	0.5	0	0	0.5	0	0	0	0	0.5	0	0
Zscan18	0	0	0	0.5	0	0.5	0	0	0.5	0	0
Zswim6	0	0	0	0	0	-0.5	0	-0.5	0	0	0
Zwilch	0.5	0	0	0	0	0	0	0	0	0	0
