	Atf3	Bcl11a	Bcl6	E2f1	Egr1	Egr2	Fos	Irf2	Irf4	Jun	Klf4	Zkscan5
1110006o24rik	-0.5	0	0	-0.5	-0.5	0	-0.5	0	0	0	-0.5	0
1110032f04rik	0	0	0	-0.5	-0.5	0	0	0	0	0	0	0
1110051m20rik	0	0	0	0	0	0	0	0	0	0	0.5	0
1300002k09rik	0	0	0	0	0	0	0	0	0	0	0.5	0
1500012f01rik	0	0	0	0	0	0	0	0	0	0	0.5	0
1600002k03rik	0	0	0	0	1.0	0	0	0	0	0	0.5	0
1600012h06rik	-0.5	0	-1.0	-0.5	-0.5	0	0	0	0	0	-0.5	0
1700020i14rik	0	0	0	-0.5	-0.5	0	0	0	0	0	0	0
1700025g04rik	0	0	0	0	0	0	0	0	0	0	0.5	0
1700029h14rik	0	0	0	0	0	-0.5	0	0	0	0	0	0
1700034h15rik	0	0	0	0	0	0	0	0	0	0	0.5	0
1700052k11rik	0	0	0	0	-0.5	0	0	0	0	0	0	0
1700061g19rik	0	0	0	0	0	0	0	0	0	0	-0.5	0
1700092m07rik	0	0	0	0	0	0	0	0	0	0	0.5	0
1700096k18rik	0	0	0	0	0	0	0	0	0	0	0.5	0
2010107g12rik	0	0	0	0	-0.5	-0.5	-0.5	0	0	-0.5	0	0
2010111i01rik	-0.5	0	0	-0.5	-0.5	-0.5	-0.5	0	0	-0.5	-0.5	0
2210417a02rik	0	0	0	0	0	0	0	0	0	0	0.5	0
2310003h01rik	0	0	0	-0.5	-0.5	0	0	0	0	0	0	0
2310022a10rik	0	0	0	-0.5	-0.5	-0.5	-0.5	0	0	0	-0.5	0
2310022b05rik	-0.5	0	0	-0.5	-0.5	-0.5	0	0	0	0	-0.5	0
2310057m21rik	-0.5	0	0	0	-0.5	-0.5	0	0	0	0	0	0
2410004b18rik	-0.5	0	0	0	-0.5	0	-0.5	0	0	-0.5	0	0
2610008e11rik	0	0	0	0	-0.5	0	0	0	0	0	0	0
2610035d17rik	-0.5	0	0	0	-0.5	-0.5	-0.5	0	0	-0.5	0	0
2810408a11rik	0	0	0	0	0	0	0	0	0	0	0.5	0
2810442i21rik	-0.5	0	0	-0.5	-0.5	-0.5	-0.5	0	0	-0.5	0	0
2810474o19rik	-0.5	0	0	-0.5	0	0	0	0	0	0	0	0
2900026a02rik	0	0	0	0	0	0	0	0	0	0	0.5	0
3110002h16rik	-0.5	0	0	0	-0.5	-0.5	0	0	0	-0.5	-0.5	0
3110043o21rik	-0.5	0	0	-0.5	-0.5	-0.5	0	0	0	-0.5	-0.5	0
4632428n05rik	0	0	0	0	0	0	0	0	0	0	0.5	0
4831440e17rik	-0.5	0	0	-0.5	-0.5	-0.5	-0.5	0	0	0	-0.5	0
4930481a15rik	0	0	0	0	0	0	0	0	0	0	0.5	0
4931406p16rik	-0.5	0	0	-0.5	-0.5	-0.5	-0.5	0	0	-0.5	-0.5	0
4932438a13rik	-0.5	0	0	0	-0.5	0	0	0	0	0	-0.5	0
4933426m11rik	0	0	0	0	0	0	0	0	0	0	0.5	0
5031414d18rik	-0.5	0	0	0	-0.5	0	-0.5	0	0	-0.5	0	0
5430405h02rik	0	0	0	0	0	0	0	0	0	0	0.5	0
5430417l22rik	0	0	0	0	0	0	0	0	0	0	0.5	0
5430435g22rik	-0.5	0	0	-0.5	-0.5	-0.5	-0.5	0	0	-0.5	-0.5	0
6230400d17rik	-0.5	0	0	-0.5	-0.5	-0.5	-0.5	0	0	0	-0.5	0
6330549d23rik	0	0	0	0	0	-0.5	-0.5	0	0	-0.5	-0.5	0
6430548m08rik	-0.5	0	0	-0.5	-0.5	0	-0.5	0	0	-0.5	-0.5	0
8030462n17rik	-0.5	0	0	-0.5	-0.5	0	-0.5	0	0	-0.5	0	0
8430419l09rik	0	0	0	0	0	0	0	0	0	0	0.5	0
8430427h17rik	-0.5	0	0	-0.5	-0.5	-0.5	-0.5	0	0	0	-0.5	0
9030617o03rik	-0.5	0	0	0	-0.5	0	-0.5	0	0	-0.5	-0.5	0
9130019o22rik	-0.5	0	0	0	-0.5	0	-0.5	0	0	-0.5	0	0
9330133o14rik	0	0	0	0	0	0	0	0	0	0	0.5	0
9330175e14rik	0	0	0	0	-0.5	0	0	0	0	0	0	0
9430015g10rik	0	0	0	0	0	0	0	0	0	0	0.5	0
9430076c15rik	-0.5	0	0	0	-0.5	0	0	0	0	-0.5	-0.5	0
A430078g23rik	0	0	0	0	0	0	0	0	0	0	0.5	0
A630072m18rik	-0.5	0	0	-0.5	-0.5	0	-0.5	0	0	-0.5	0	0
Aa987161	-0.5	0	0	0	-0.5	0	-0.5	0	0	-0.5	0	0
Aatf	0	0	0	0	0	0	0	0	0	0	0.5	0
Ab124611	-0.5	0	0	-0.5	-0.5	0	0	0	0	0	-0.5	0
Abca1	-0.5	0	0	0	-0.5	0	-0.5	0	0	0	-0.5	0
Abca2	0	0	0	0	0	0	0	0	0	0	0.5	0
Abcd1	0	0	0	0	0	0	0	0	0	0	0.5	0
Abcg3	0	0	0	0	0	0	0	0	0	0	0.5	0
Abhd13	0	0	0	0	-0.5	-0.5	0	0	0	0	-0.5	0
Abl1	0	0	0	0	0	0	0	0	0	0	0.5	0
Abl2	-0.5	0	0	-0.5	-0.5	0	-0.5	0	0	-0.5	-0.5	0
Ablim3	-0.5	0	0	0	0	0	0	0	0	0	0	0
Abr	0	0	0	0	0	0	0	0	0	0	0.5	0
Abtb2	0	0	0	-0.5	-0.5	0	-0.5	0	0	-0.5	0	0
Acaa2	0	0	0	0	0	0	0	0	0	0	0.5	0
Acbd3	-0.5	0	0	-0.5	-0.5	0	0	0	0	0	-0.5	0
Acer2	-0.5	0	0	0	-0.5	0	-0.5	0	0	0	-0.5	0
Aco1	0	0	0	0	0	0	0	0	0	0	0.5	0
Acot11	0	0	0	0	0	0	0	0	0	0	0.5	0
Acot9	-0.5	0	0	0	0	0	-0.5	0	0	-0.5	-0.5	0
Acsf2	0	0	0	0	0	0	0	0	0	0	0.5	0
Acsl1	0	0	0	0	0	0	0	0	0	0	0.5	0
Acta2	0	0	0	0	0	0	-0.5	0	0	0	0	0
Actr5	0	0	0	0	0	0	0	0	0	0	0.5	0
Acvr2a	-0.5	0	0	-0.5	-0.5	-0.5	0	0	0	0	-0.5	0
Adam8	0	0	0	0	-0.5	-0.5	0	0	0	-0.5	-0.5	0
Adam9	0	0	0	-0.5	-0.5	0	-0.5	0	0	-0.5	-0.5	0
Adamts2	-0.5	0	0	0	0	0	0	0	0	0	0	0
Adamts4	-0.5	0	0	-0.5	0	0	0	0	0	-0.5	0	0
Adap1	0	0	0	0	0	0	0	0	0	0	0.5	0
Adap2	0	0	0	-0.5	-0.5	-0.5	0	0	0	0	-0.5	0
Adarb1	0	0	0	-0.5	-0.5	0	0	0	0	-0.5	-0.5	0
Adc	0	0	0	0	0	0	0	0	0	0	0.5	0
Adck1	0	0	0	0	0	0	0	0	0	0	0.5	0
Adcy4	0	0	0	-0.5	-0.5	-0.5	-0.5	0	0	0	0	0
Adcy9	-0.5	0	0	-0.5	-0.5	0	-0.5	0	0	0	-0.5	0
Adhfe1	0	0	0	0	-0.5	0	0	0	0	0	0	0
Adnp2	0	0	0	0	0	0	0	0	0	0	0.5	0
Adora2a	0	0	0	0	0	0	0	0	0	0	0.5	0
Adora2b	-0.5	0	0	0	-0.5	-0.5	0	0	0	0	0	0
Adora3	-0.5	0	0	0	-0.5	0	-0.5	0	0	-0.5	-0.5	0
Adra2b	0	0	0	0	0	-0.5	0	0	0	0	0	0
Adss	-0.5	0	0	-0.5	-0.5	-0.5	-0.5	0	0	-0.5	-0.5	0
Aebp1	0	0	0	-0.5	0	0	0	0	0	0	0	0
Afap1	-0.5	0	0	-0.5	-0.5	-0.5	0	0	0	0	-0.5	0
Afap1l2	0	0	0	0	0	0	0	0	0	-0.5	0	0
Aff1	-0.5	0	0	-0.5	-0.5	0	-0.5	0	0	-0.5	-0.5	0
Aftph	-0.5	0	0	0	-0.5	-0.5	0	0	0	-0.5	0	0
Agap1	-0.5	0	0	-0.5	-0.5	-0.5	-0.5	0	0	-0.5	-0.5	0
Agfg2	0	0	0	0	0	0	0	0	0	0	0.5	0
Agpat2	-0.5	0	0	-0.5	-0.5	0	-0.5	0	0	0	-0.5	0
Agpat4	0	0	0	-0.5	-0.5	0	-0.5	0	0	-0.5	-0.5	0
Agpat9	0	0	0	0	0	-0.5	-0.5	0	0	-0.5	-0.5	0
Agrn	-0.5	0	0	-0.5	-0.5	-0.5	-0.5	0	0	-0.5	-0.5	0
Ahnak	-0.5	0	0	0	-0.5	-0.5	-0.5	0	0	-0.5	-0.5	0
Ahsa2	0	0	0	0	0	0	0	0	0	0	0.5	0
Ai467606	0	0	0	0	0	0	0	0	0	0	0.5	0
Ai504432	-0.5	0	0	-0.5	-0.5	0	-0.5	0	0	-0.5	0	0
Ai661453	-0.5	0	0	-0.5	0	0	0	0	0	-0.5	0	0
Aim1	0	0	0	-0.5	-0.5	0	0	0	0	0	-0.5	0
Aim2	0	1.0	0	0	1.0	0	0	0	1.0	0	0	1.0
Aip	0	0	0	0	0	0	0	0	0	0	0.5	0
Airn	0	0	0	-0.5	-0.5	-0.5	-0.5	0	0	-0.5	0	0
Ak129341	0	0	0	0	-0.5	-0.5	-0.5	0	0	0	-0.5	0
Akap12	-0.5	0	0	0	-0.5	-0.5	0	0	0	-0.5	-0.5	0
Akap5	-0.5	0	0	-0.5	-0.5	0	0	0	0	0	-0.5	0
Alcam	-0.5	0	0	-0.5	-0.5	0	-0.5	0	0	-0.5	-0.5	0
Aldh3b1	-0.5	0	0	-0.5	-0.5	-0.5	-0.5	0	0	0	-0.5	0
Alkbh4	0	0	0	0	-0.5	0	0	0	0	0	0	0
Alox5ap	-0.5	0	0	-0.5	-0.5	0	-0.5	0	0	-0.5	-0.5	0
Aloxe3	-0.5	0	0	-0.5	-0.5	-0.5	0	0	0	-0.5	0	0
Als2	0	0	0	0	0	0	0	0	0	0	0.5	0
Amica1	0	0	0	0	0	0	0	0	1.0	0	0	0
Ammecr1l	-0.5	0	0	0	-0.5	-0.5	0	0	0	0	-0.5	0
Amotl1	0	0	0	0	-0.5	0	0	0	0	0	0	0
Amotl2	0	0	0	-0.5	-0.5	0	0	0	0	0	0	0
Ampd2	0	0	0	0	0	0	0	0	0	0	0.5	0
Ampd3	0	0	0	0	0	0	0	0	0	0	0.5	0
Ang	-0.5	0	0	0	-0.5	-0.5	-0.5	0	0	0	0	0
Ank	-0.5	0	0	-0.5	-0.5	-0.5	-0.5	0	0	-0.5	-0.5	0
Ank3	0	0	0	0	0	0	-0.5	0	0	0	-0.5	0
Ankle1	0	0	0	0	0	0	0	0	0	0	0.5	0
Ankrd13b	0	0	0	0	0	0	0	0	0	0	0.5	0
Ankrd24	0	0	0	0	0	0	0	0	0	0	0.5	0
Ankrd27	0	0	0	0	0	0	0	0	0	0	0.5	0
Ankrd28	-0.5	0	0	-0.5	-0.5	0	-0.5	0	0	-0.5	-0.5	0
Ankrd50	-0.5	0	0	-0.5	-0.5	0	-0.5	0	0	0	-0.5	0
Anks1	0	0	0	0	0	0	0	0	0	0	0.5	0
Antxr1	-0.5	0	0	0	-0.5	-0.5	-0.5	0	0	0	0	0
Antxr2	0	0	0	-0.5	-0.5	0	-0.5	0	0	-0.5	-0.5	0
Anxa1	0	0	0	0	0	0	-0.5	0	0	-0.5	0	0
Anxa11	-0.5	0	0	0	-0.5	0	-0.5	0	0	-0.5	-0.5	0
Anxa2	-0.5	0	0	-0.5	-0.5	-0.5	-0.5	0	0	-0.5	-0.5	0
Anxa7	0	0	0	0	-0.5	0	-0.5	0	0	0	-0.5	0
Ap1g1	-0.5	0	0	-0.5	-0.5	0	0	0	0	0	-0.5	0
Ap3d1	0	1.0	0	0	0	0	0	0	0	0	0.5	0
Apba1	0	0	0	0	0	0	0	0	0	0	0.5	0
Aplp2	-0.5	0	0	-0.5	-0.5	0	-0.5	0	0	-0.5	-0.5	0
Apoe	-0.5	0	0	0	-0.5	-0.5	-0.5	0	0	-0.5	0	0
Appl1	-0.5	0	0	-0.5	-0.5	-0.5	-0.5	0	0	0	0	0
Aprt	0	0	0	0	0	0	0	0	0	0	0.5	0
Arf6	-0.5	0	0	-0.5	-0.5	0	-0.5	0	0	-0.5	-0.5	0
Arfgef2	0	0	0	0	0	0	0	0	0	0	0.5	0
Arhgap10	-0.5	0	0	-0.5	-0.5	0	-0.5	0	0	-0.5	0	0
Arhgap12	-0.5	0	0	-0.5	-0.5	-0.5	0	0	0	0	-0.5	0
Arhgap23	-0.5	0	0	0	0	0	-0.5	0	0	-0.5	0	0
Arhgap25	0	1.0	0	0	1.0	0	0	0	0	0	0	0
Arhgap26	-0.5	0	0	-0.5	-0.5	-0.5	-0.5	0	0	-0.5	-0.5	0
Arhgap39	0	0	0	0	0	0	0	0	0	0	0.5	0
Arhgef18	0	0	0	0	0	0	0	0	0	0	0.5	0
Arhgef3	0	0	0	0	0	0	0	0	0	0	0.5	0
Arhgef37	0	0	0	0	0	0	0	0	0	0	0.5	0
Arid1a	0	0	0	0	0	0	0	0	0	0	0.5	0
Arid3a	0	0	0	-0.5	-0.5	0	0	0	0	0	-0.5	0
Arid4b	0	0	0	-0.5	-0.5	-0.5	0	0	0	0	0	0
Arl11	0	0	0	0	0	0	0	0	0	0	0.5	0
Arl2bp	-0.5	0	0	0	-0.5	-0.5	-0.5	0	0	0	0	0
Arl5a	-0.5	0	0	-0.5	-0.5	0	-0.5	0	0	-0.5	-0.5	0
Arl5c	0	0	0	0	0	0	0	0	0	0	0.5	0
Arl6	0	0	0	-0.5	0	0	-0.5	0	0	-0.5	-0.5	0
Arntl	0	0	0	-0.5	-0.5	-0.5	-0.5	0	0	0	0	0
Arrb1	-0.5	0	0	-0.5	-0.5	-0.5	0	0	0	-0.5	0	0
Arrdc3	0	0	0	0	0	0	0	0	0	0	0.5	0
Arsi	0	0	0	0	-0.5	0	-0.5	0	0	-0.5	0	0
Asap2	-0.5	0	0	0	-0.5	-0.5	-0.5	0	0	-0.5	-0.5	0
Ascc1	0	0	0	0	0	0	0	0	0	0	0.5	0
Asxl1	0	0	0	-0.5	-0.5	0	-0.5	0	0	-0.5	0	0
Atf2	-0.5	0	0	-0.5	-0.5	-0.5	0	0	0	0	-0.5	0
Atf3	0	1.0	0	0	0	0	0	1.0	1.0	0	0.5	0
Atmin	-0.5	0	0	-0.5	-0.5	-0.5	0	0	0	0	-0.5	0
Atp10a	0	0	0	-0.5	0	0	0	0	0	-0.5	-0.5	0
Atp11b	-0.5	0	0	-0.5	-0.5	0	-0.5	0	0	-0.5	-0.5	0
Atp11c	0	0	0	0	-0.5	0	-0.5	0	0	0	0	0
Atp1a1	-0.5	0	0	-0.5	-0.5	-0.5	-0.5	0	0	-0.5	0	0
Atp1a2	0	0	0	0	0	-0.5	0	0	0	0	0	0
Atp1a3	0	0	0	0	0	0	0	0	0	0	0.5	0
Atp1b3	-0.5	0	0	-0.5	-0.5	0	0	0	0	0	-0.5	0
Atp2a3	0	0	0	0	0	0	0	0	0	0	0.5	0
Atp2b1	-0.5	0	0	-0.5	-0.5	-0.5	-0.5	0	0	-0.5	0	0
Atp2b4	0	0	0	-0.5	-0.5	-0.5	0	0	0	-0.5	-0.5	0
Atp4a	0	0	0	0	0	0	0	0	0	0	0.5	0
Atp5s	0	0	0	0	0	0	0	0	0	0	0.5	0
Atp5sl	0	0	0	0	0	0	0	0	0	0	0.5	0
Atp8b1	-0.5	0	0	0	-0.5	-0.5	-0.5	0	0	-0.5	0	0
Atp8b4	0	0	0	0	0	-0.5	-0.5	0	0	-0.5	-0.5	0
Atrn	0	0	0	0	-0.5	-0.5	0	0	0	0	-0.5	0
Au019823	0	0	0	-0.5	-0.5	-0.5	-0.5	0	0	0	0	0
Auh	-0.5	0	0	-0.5	-0.5	0	-0.5	0	0	-0.5	-0.5	0
Aurkb	0	0	0	0	0	0	0	0	0	0	0.5	0
Avl9	-0.5	0	0	-0.5	-0.5	0	0	0	0	0	-0.5	0
Aw011738	0	0	0	0	0	0	0	0	0	0	0.5	0
Aw112010	0	0	0	0	0	0	0	0	0	0	0.5	0
Aw549877	-0.5	0	0	-0.5	-0.5	0	-0.5	0	0	-0.5	0	0
Axl	-0.5	0	0	-0.5	-0.5	0	-0.5	0	0	-0.5	-0.5	0
B230217c12rik	0	0	0	0	0	0	0	0	0	0	0.5	0
B3gnt5	-0.5	0	0	0	0	0	0	0	0	0	-0.5	0
B3gnt8	0	0	0	-0.5	-0.5	0	-0.5	0	0	-0.5	-0.5	0
B4galt3	-0.5	0	0	-0.5	-0.5	-0.5	0	0	0	0	-0.5	0
B4galt5	-0.5	0	0	-0.5	-0.5	0	-0.5	0	0	0	-0.5	0
B4galt6	0	0	0	0	0	0	0	0	0	0	0.5	0
Bahcc1	0	0	0	-0.5	0	0	-0.5	0	0	-0.5	0	0
Baiap2l1	0	1.0	0	0	0	0	0	0	1.0	0	0.5	0
Banp	0	0	0	0	0	0	0	0	0	0	0.5	0
Basp1	-0.5	0	0	-0.5	-0.5	-0.5	-0.5	0	0	-0.5	-0.5	0
Batf3	0	0	0	0	0	0	0	0	0	0	0.5	0
Bbs12	-0.5	0	0	-0.5	-0.5	0	-0.5	0	0	-0.5	0	0
Bc026585	0	0	0	0	0	0	0	0	0	0	0.5	0
Bc028528	0	0	0	0	-0.5	-0.5	-0.5	0	0	0	0	0
Bc029214	0	0	0	0	0	0	0	0	0	0	0.5	0
Bc030307	0	0	0	0	0	0	0	0	0	0	0.5	0
Bc030336	-0.5	0	0	-0.5	-0.5	0	-0.5	0	0	-0.5	0	0
Bc053749	0	0	0	0	0	0	0	0	0	0	0.5	0
Bc068157	0	0	0	0	0	0	0	0	0	0	0.5	0
Bcar1	0	0	0	-0.5	0	0	-0.5	0	0	0	-0.5	0
Bcar3	0	0	0	-0.5	0	0	-0.5	0	0	-0.5	-0.5	0
Bccip	-0.5	0	0	-0.5	-0.5	0	-0.5	0	0	0	0	0
Bckdha	0	0	0	0	0	0	0	0	0	0	0.5	0
Bcl2l1	-0.5	0	0	-0.5	-0.5	0	0	0	0	-0.5	-0.5	0
Bcl2l11	-0.5	0	0	-0.5	-0.5	-0.5	0	0	0	0	-0.5	0
Bcl2l2	0	0	0	0	0	0	0	0	0	0	0.5	0
Bcl3	-0.5	0	0	-0.5	-0.5	-0.5	-0.5	0	0	0	-0.5	0
Bcl6	0	0	0	0	0	0	0	0	0	0	0.5	0
Bco2	0	0	0	0	-0.5	-0.5	-0.5	0	0	-0.5	-0.5	0
Bcorl1	-0.5	0	0	-0.5	-0.5	0	-0.5	0	0	0	-0.5	0
Bcr	-0.5	0	0	0	-0.5	-0.5	-0.5	0	0	-0.5	-0.5	0
Bend3	-0.5	0	0	-0.5	-0.5	0	-0.5	0	0	0	0	0
Bhlhb9	0	0	0	0	0	0	0	0	0	0	0.5	0
Blzf1	-0.5	0	0	0	0	0	-0.5	0	0	0	-0.5	0
Bmf	0	0	0	0	0	0	0	0	0	0	0.5	0
Bmp2k	0	0	0	0	0	0	0	0	0	0	0.5	0
Bmpr1a	0	0	0	0	0	0	0	0	0	0	-0.5	0
Bpnt1	-0.5	0	0	-0.5	-0.5	-0.5	-0.5	0	0	0	-0.5	0
Braf	-0.5	0	0	-0.5	-0.5	-0.5	-0.5	0	0	-0.5	0	0
Bspry	0	0	0	0	0	0	0	0	0	0	0.5	0
Bst2	0	0	0	0	0	0	0	0	0	0	0.5	0
Btaf1	-0.5	0	0	-0.5	-0.5	-0.5	-0.5	0	0	-0.5	-0.5	0
Btbd16	0	0	0	0	0	0	0	0	0	0	0.5	0
Btbd19	0	0	0	0	0	0	0	0	0	0	0.5	0
Btbd2	0	0	0	0	0	0	0	0	0	0	0.5	0
Btbd7	-0.5	0	0	-0.5	-0.5	-0.5	-0.5	0	0	0	0	0
Bub1b	0	0	0	0	1.0	0	0	0	0	0	0	0
Bzw1	0	0	0	-0.5	-0.5	-0.5	-0.5	0	0	-0.5	0	0
C030034i22rik	0	0	0	0	-0.5	0	0	0	0	0	-0.5	0
C030039l03rik	0	0	0	0	0	0	0	0	0	0	0.5	0
C130036l24rik	0	0	0	0	0	0	0	0	0	0	0.5	0
C130050o18rik	0	0	0	0	0	0	-0.5	0	0	-0.5	-0.5	0
C1qbp	0	0	0	0	0	0	0	0	0	0	0.5	0
C1qtnf1	0	0	0	0	-0.5	0	-0.5	0	0	-0.5	0	0
C1qtnf3	-0.5	0	0	0	-0.5	0	0	0	0	0	-0.5	0
C230091d08rik	0	0	0	0	0	0	-0.5	0	0	-0.5	0	0
C2cd2	-0.5	0	0	-0.5	-0.5	0	-0.5	0	0	-0.5	0	0
C2cd3	0	0	0	0	0	0	0	0	0	0	0.5	0
C3	0	0	0	0	0	0	-0.5	0	0	-0.5	0	0
C78339	0	0	0	-0.5	0	0	-0.5	0	0	0	0	0
Cab39	-0.5	0	0	-0.5	-0.5	0	-0.5	0	0	-0.5	0	0
Cacna1d	0	0	0	0	-0.5	-0.5	-0.5	0	0	-0.5	0	0
Cacna2d2	0	0	0	0	0	0	0	0	0	0	0.5	0
Cacnb2	-0.5	0	0	-0.5	-0.5	0	0	0	0	0	0	0
Cacnb4	0	0	0	0	0	0	0	0	0	0	0.5	0
Cacybp	0	0	0	0	0	0	0	0	0	0	0.5	0
Cadm1	-0.5	0	0	-0.5	-0.5	-0.5	-0.5	0	0	-0.5	-0.5	0
Cadm3	0	0	0	0	-0.5	0	0	0	0	0	0	0
Cald1	-0.5	0	0	-0.5	0	0	0	0	0	0	-0.5	0
Camkk1	0	0	0	0	1.0	0	0	0	0	0	0	0
Caml	-0.5	0	0	-0.5	-0.5	0	0	0	0	0	0	0
Camsap1	-0.5	0	0	-0.5	-0.5	-0.5	0	0	0	0	-0.5	0
Cand1	0	0	0	-0.5	-0.5	-0.5	-0.5	0	0	-0.5	-0.5	0
Capg	0	0	0	0	-0.5	-0.5	-0.5	0	0	-0.5	-0.5	0
Capn2	0	0	0	0	-0.5	0	-0.5	0	0	-0.5	-0.5	0
Capn3	-0.5	0	0	0	-0.5	0	0	0	0	-0.5	0	0
Capn5	0	0	0	0	0	0	-0.5	0	0	-0.5	-0.5	0
Caprin1	0	0	0	0	0	0	0	0	0	0	0.5	0
Car13	0	0	0	0	-0.5	0	-0.5	0	0	-0.5	-0.5	0
Car5b	0	0	0	0	0	0	0	0	0	0	-0.5	0
Card10	-0.5	0	0	-0.5	-0.5	-0.5	-0.5	0	0	0	-0.5	0
Card11	0	0	0	0	0	0	0	0	0	0	0.5	0
Cask	0	0	0	0	0	0	0	0	0	0	0.5	0
Casp6	-0.5	0	0	0	-0.5	0	-0.5	0	0	-0.5	-0.5	0
Casp7	0	0	0	0	0	0	0	0	0	0	0.5	0
Cav1	0	0	0	-0.5	0	0	0	0	0	0	0	0
Cav2	-0.5	0	0	-0.5	-0.5	-0.5	-0.5	0	0	-0.5	-0.5	0
Cbl	0	0	0	0	0	0	0	0	0	0	0.5	0
Cblb	-0.5	0	0	-0.5	-0.5	0	-0.5	0	0	-0.5	0	0
Cbll1	-0.5	0	0	-0.5	-0.5	0	-0.5	0	0	0	0	0
Ccbl2	0	0	0	0	0	0	0	0	0	0	0.5	0
Ccdc101	0	0	0	0	0	0	0	0	0	0	0.5	0
Ccdc109b	0	0	-1.0	-0.5	0	0	-0.5	0	0	-0.5	0	0
Ccdc114	-0.5	0	0	-0.5	-0.5	-0.5	-0.5	0	0	-0.5	-0.5	0
Ccdc146	0	0	0	-0.5	-0.5	-0.5	-0.5	0	0	-0.5	0	0
Ccdc40	0	0	0	0	1.0	0	0	0	0	0	0	0
Ccdc53	0	0	0	0	0	0	0	0	0	0	0.5	0
Ccdc6	-0.5	0	0	-0.5	-0.5	-0.5	-0.5	0	0	-0.5	-0.5	0
Ccdc74a	-0.5	0	0	-0.5	-0.5	-0.5	-0.5	0	0	0	-0.5	0
Ccdc88a	0	0	0	0	0	0	0	0	0	0	0.5	0
Ccdc88c	0	0	0	0	0	0	0	0	0	0	0.5	0
Ccl17	-0.5	0	0	0	-0.5	0	0	0	0	0	0	0
Ccl9	0	0	0	0	-0.5	-0.5	0	0	0	0	0	0
Ccnc	0	0	0	0	0	0	0	0	0	0	-0.5	0
Ccne2	-0.5	0	0	-0.5	-0.5	0	-0.5	0	0	0	-0.5	0
Ccnf	0	0	0	0	0	0	0	0	0	0	0.5	0
Ccng2	0	0	0	0	0	0	0	0	0	0	0.5	0
Ccny	-0.5	0	0	-0.5	-0.5	-0.5	-0.5	0	0	-0.5	-0.5	0
Ccr5	-0.5	0	0	0	-0.5	0	0	0	0	0	0	0
Ccrl2	0	0	0	0	1.0	0	0	0	0	0	0	0
Ccrn4l	0	0	0	-0.5	-0.5	0	-0.5	0	0	0	0	0
Cct7	0	0	0	0	0	0	0	0	0	0	0.5	0
Cd109	0	0	0	0	0	0	-0.5	0	0	-0.5	0	0
Cd14	-0.5	0	0	0	-0.5	0	-0.5	0	0	-0.5	-0.5	0
Cd151	0	0	0	-0.5	-0.5	-0.5	0	0	0	-0.5	-0.5	0
Cd160	0	0	0	0	0	-0.5	0	0	0	0	0	0
Cd164	-0.5	0	0	-0.5	0	0	-0.5	0	0	0	-0.5	0
Cd2ap	0	0	0	0	0	0	0	0	0	0	0.5	0
Cd300a	0	0	0	0	0	0	0	0	0	0	0.5	0
Cd37	0	0	0	0	-0.5	0	0	0	0	0	0	0
Cd4	0	0	0	0	1.0	0	0	0	0	0	0	0
Cd44	0	0	0	-0.5	-0.5	0	-0.5	0	0	-0.5	-0.5	0
Cd53	0	0	0	-0.5	-0.5	0	-0.5	0	0	-0.5	0	0
Cd55	0	0	0	0	0	0	-0.5	0	0	0	-0.5	0
Cd63	0	0	0	-0.5	-0.5	-0.5	-0.5	0	0	-0.5	0	0
Cd72	0	0	0	0	0	0	0	0	0	0	0.5	0
Cd81	-0.5	0	0	-0.5	-0.5	0	0	0	0	0	0	0
Cd83	0	0	0	0	0	0	0	0	0	0	0.5	0
Cd86	0	0	-1.0	0	-0.5	0	-0.5	0	0	-0.5	-0.5	0
Cd9	0	0	0	0	0	0	-0.5	0	0	-0.5	0	0
Cd93	0	0	0	0	0	0	-0.5	0	0	-0.5	0	0
Cd99l2	-0.5	0	0	0	-0.5	-0.5	-0.5	0	0	-0.5	-0.5	0
Cdc16	-0.5	0	0	0	-0.5	-0.5	-0.5	0	0	0	-0.5	0
Cdc27	0	0	0	0	-0.5	0	-0.5	0	0	0	0	0
Cdc42ep1	-0.5	0	0	0	-0.5	-0.5	0	0	0	0	-0.5	0
Cdc42ep3	-0.5	0	0	-0.5	-0.5	0	-0.5	0	0	0	-0.5	0
Cdc42ep5	-0.5	0	0	-0.5	0	0	0	0	0	-0.5	-0.5	0
Cdca4	-0.5	0	0	-0.5	-0.5	-0.5	-0.5	0	0	0	-0.5	0
Cdh23	0	0	0	-0.5	-0.5	0	-0.5	0	0	-0.5	-0.5	0
Cdk17	-0.5	0	0	-0.5	-0.5	-0.5	-0.5	0	0	-0.5	-0.5	0
Cdkl3	0	0	0	0	0	0	0	0	0	0	0.5	0
Cdkn1a	-0.5	0	0	-0.5	-0.5	-0.5	-0.5	0	0	-0.5	-0.5	0
Cdkn2aip	0	0	0	-0.5	-0.5	0	-0.5	0	0	0	-0.5	0
Cdkn2c	0	0	0	0	0	0	0	0	0	0	0.5	0
Cdkn2d	0	0	0	0	-0.5	0	-0.5	0	0	-0.5	0	0
Cdr2	0	0	0	-0.5	0	0	-0.5	0	0	-0.5	0	0
Cdyl2	0	0	0	0	0	0	0	0	0	0	0.5	0
Cebpg	-0.5	0	0	-0.5	-0.5	0	-0.5	0	0	-0.5	-0.5	0
Celf4	0	0	0	0	0	0	0	0	0	0	0.5	0
Cenpa	0	0	0	-0.5	-0.5	0	-0.5	0	0	0	0	0
Cenpb	-0.5	0	0	-0.5	-0.5	0	0	0	0	0	-0.5	0
Cep57l1	0	0	0	0	0	0	0	0	0	0	0.5	0
Cep63	0	0	0	0	0	0	0	0	0	0	0.5	0
Cfb	0	0	0	0	0	0	0	0	0	0	0.5	0
Cflar	-0.5	0	0	-0.5	-0.5	-0.5	-0.5	0	0	-0.5	-0.5	0
Cggbp1	-0.5	0	0	-0.5	-0.5	-0.5	-0.5	0	0	0	-0.5	0
Ch25h	0	0	0	0	0	0	-0.5	0	0	-0.5	0	0
Chd5	0	0	0	0	-0.5	-0.5	-0.5	0	0	0	0	0
Chid1	0	0	0	0	0	0	0	0	0	0	0.5	0
Chka	0	0	0	0	0	0	0	0	0	0	0.5	0
Chst11	0	0	0	-0.5	-0.5	-0.5	-0.5	0	0	-0.5	-0.5	0
Chsy1	-0.5	0	0	-0.5	-0.5	-0.5	-0.5	0	0	0	0	0
Cideb	-0.5	0	0	-0.5	-0.5	-0.5	-0.5	0	0	0	-0.5	0
Cirh1a	-0.5	0	0	-0.5	-0.5	-0.5	-0.5	0	0	-0.5	0	0
Cish	-0.5	0	0	-0.5	-0.5	-0.5	0	0	0	0	-0.5	0
Cited4	0	0	0	0	0	0	0	0	0	0	0.5	0
Ciz1	0	0	0	0	0	0	0	0	0	0	0.5	0
Ckap4	0	0	0	-0.5	-0.5	0	0	0	0	0	0	0
Clasp2	-0.5	0	0	-0.5	-0.5	-0.5	-0.5	0	0	-0.5	-0.5	0
Clcf1	-0.5	0	0	0	-0.5	-0.5	-0.5	0	0	-0.5	0	0
Clcn5	0	0	0	0	0	0	0	0	0	-0.5	0	0
Cldn1	-0.5	0	0	0	0	0	-0.5	0	0	-0.5	0	0
Cldn12	-0.5	0	0	0	-0.5	0	-0.5	0	0	0	0	0
Clec2i	0	0	0	0	0	0	-0.5	0	0	-0.5	0	0
Clec4d	0	0	0	0	-0.5	0	-0.5	0	0	-0.5	0	0
Clic4	-0.5	0	0	-0.5	-0.5	-0.5	-0.5	0	0	-0.5	-0.5	0
Clip2	0	0	0	0	0	0	0	0	0	0	0.5	0
Cln3	-0.5	0	0	-0.5	-0.5	0	-0.5	0	0	0	0	0
Clock	-0.5	0	0	-0.5	-0.5	-0.5	0	0	0	0	0	0
Clpx	0	0	0	-0.5	-0.5	-0.5	0	0	0	0	0	0
Clybl	0	0	0	0	0	0	0	0	0	0	0.5	0
Cmtm6	-0.5	0	0	-0.5	-0.5	-0.5	-0.5	0	0	-0.5	-0.5	0
Cnksr3	-0.5	0	0	0	-0.5	-0.5	0	0	0	0	-0.5	0
Cnn1	-0.5	0	0	-0.5	-0.5	-0.5	-0.5	0	0	0	0	0
Cnnm2	-0.5	0	0	-0.5	-0.5	0	-0.5	0	0	-0.5	-0.5	0
Cnot4	0	0	0	0	-0.5	0	-0.5	0	0	-0.5	-0.5	0
Cnpy4	0	0	0	0	0	0	0	0	0	0	0.5	0
Col12a1	0	0	0	0	0	0	-0.5	0	0	-0.5	0	0
Col14a1	0	0	0	0	-0.5	0	-0.5	0	0	-0.5	0	0
Col15a1	0	0	0	0	-0.5	0	-0.5	0	0	-0.5	-0.5	0
Col16a1	-0.5	0	0	-0.5	-0.5	0	0	0	0	0	0	0
Col23a1	0	0	0	0	0	0	0	0	0	0	0.5	0
Col4a1	0	0	0	0	-0.5	-0.5	0	0	0	0	0	0
Col4a2	-0.5	0	0	0	-0.5	0	-0.5	0	0	-0.5	0	0
Col4a3bp	0	0	0	-0.5	-0.5	0	-0.5	0	0	-0.5	-0.5	0
Col4a6	0	0	0	0	-0.5	0	0	0	0	0	0	0
Col5a3	0	0	0	-0.5	0	0	0	0	0	0	0	0
Col7a1	0	0	0	0	-0.5	-0.5	0	0	0	0	-0.5	0
Col8a1	0	0	0	0	-0.5	0	0	0	0	0	0	0
Colec12	0	0	0	0	0	0	-0.5	0	0	-0.5	0	0
Comt	0	0	0	0	0	0	0	0	0	0	0.5	0
Coro1b	0	0	0	0	0	0	0	0	0	0	0.5	0
Cox19	0	0	0	0	-0.5	0	0	0	0	0	-0.5	0
Cox7a2l	0	0	0	0	0	0	0	0	0	0	0.5	0
Cpd	-0.5	0	0	0	-0.5	0	0	0	0	0	-0.5	0
Cpeb1	0	0	0	-0.5	-0.5	-0.5	0	0	0	0	-0.5	0
Cpeb3	-0.5	0	0	-0.5	-0.5	-0.5	-0.5	0	0	-0.5	-0.5	0
Cpne8	0	0	0	-0.5	0	0	0	0	0	0	0	0
Cramp1l	-0.5	0	0	-0.5	-0.5	-0.5	-0.5	0	0	0	-0.5	0
Creb5	-0.5	0	0	0	-0.5	0	-0.5	0	0	-0.5	-0.5	0
Creg1	0	0	0	0	0	0	0	0	0	0	0.5	0
Crip1	-0.5	0	0	0	-0.5	0	-0.5	0	0	-0.5	-0.5	0
Crip2	-0.5	0	0	-0.5	-0.5	-0.5	-0.5	0	0	-0.5	-0.5	0
Crk	0	0	0	-0.5	-0.5	0	-0.5	0	0	-0.5	-0.5	0
Crkl	-0.5	0	0	-0.5	-0.5	0	0	0	0	0	0	0
Crtap	-0.5	0	0	-0.5	-0.5	-0.5	0	0	0	0	-0.5	0
Crtc2	-0.5	0	0	-0.5	-0.5	-0.5	-0.5	0	0	-0.5	0	0
Crtc3	0	0	0	0	-0.5	-0.5	0	0	0	-0.5	-0.5	0
Csf1	0	0	0	0	-0.5	0	-0.5	0	0	0	0	0
Csf2rb	0	0	-1.0	0	0	0	-0.5	0	0	0	0	0
Csf2rb2	0	0	0	0	-0.5	0	-0.5	0	0	0	-0.5	0
Csf3	0	0	0	0	-0.5	0	0	0	0	0	-0.5	0
Ctgf	0	0	0	0	-0.5	-0.5	0	0	0	0	0	0
Ctnna1	-0.5	0	0	-0.5	-0.5	0	-0.5	0	0	-0.5	-0.5	0
Ctnnal1	-0.5	0	0	-0.5	-0.5	0	-0.5	0	0	-0.5	-0.5	0
Ctse	0	0	0	0	-0.5	0	-0.5	0	0	-0.5	0	0
Cttnbp2nl	-0.5	0	0	0	-0.5	0	-0.5	0	0	-0.5	-0.5	0
Cuedc2	0	0	0	0	0	0	0	0	0	0	0.5	0
Cwc25	0	0	0	0	0	0	0	0	0	0	0.5	0
Cwf19l1	-0.5	0	0	-0.5	-0.5	0	0	0	0	-0.5	0	0
Cx3cl1	0	0	0	0	-0.5	0	-0.5	0	0	-0.5	0	0
Cxcl1	0	0	0	0	-0.5	-0.5	-0.5	0	0	-0.5	0	0
Cxcl2	0	0	0	0	0	0	0	0	0	0	0.5	0
Cxcr4	0	0	0	0	0	0	0	0	0	0	0.5	0
Cxxc5	-0.5	0	0	0	-0.5	-0.5	-0.5	0	0	-0.5	0	0
Cyp20a1	-0.5	0	0	-0.5	-0.5	0	0	0	0	0	0	0
Cyp2ab1	0	0	0	0	-0.5	-0.5	0	0	0	0	0	0
Cyp2t4	-0.5	0	0	-0.5	-0.5	0	-0.5	0	0	0	0	0
Cyp4f16	0	0	0	0	0	0	0	0	0	0	0.5	0
Cyth1	-0.5	0	-1.0	0	-0.5	-0.5	-0.5	0	0	-0.5	-0.5	0
Cyth3	-0.5	0	0	0	-0.5	-0.5	-0.5	0	0	-0.5	0	0
Cytip	-0.5	0	0	-0.5	-0.5	0	-0.5	0	0	-0.5	0	0
Cyyr1	0	0	0	0	0	0	-0.5	0	0	0	0	0
D030028a08rik	0	0	0	0	0	0	0	0	0	0	0.5	0
D3bwg0562e	0	0	0	0	-0.5	0	0	0	0	0	0	0
D730005e14rik	-0.5	0	0	-0.5	-0.5	0	0	0	0	-0.5	0	0
D8ertd738e	0	0	0	0	0	0	0	0	0	0	0.5	0
D8ertd82e	-0.5	0	0	-0.5	-0.5	-0.5	-0.5	0	0	0	-0.5	0
D930020b18rik	0	0	0	0	0	0	0	0	0	0	0.5	0
Daam1	-0.5	0	0	0	-0.5	-0.5	-0.5	0	0	-0.5	-0.5	0
Dagla	-0.5	0	0	-0.5	-0.5	-0.5	-0.5	0	0	-0.5	0	0
Daglb	0	0	0	0	0	0	0	0	0	0	0.5	0
Dak	0	0	0	0	0	0	0	0	0	0	0.5	0
Dcaf10	-0.5	0	0	-0.5	-0.5	-0.5	-0.5	0	0	-0.5	0	0
Dchs1	-0.5	0	0	-0.5	-0.5	-0.5	0	0	0	-0.5	0	0
Dclk1	-0.5	0	0	0	0	0	-0.5	0	0	-0.5	0	0
Dclre1b	-0.5	0	0	-0.5	-0.5	0	-0.5	0	0	0	0	0
Dcps	0	0	0	0	0	0	0	0	0	0	0.5	0
Dctn4	-0.5	0	0	0	-0.5	-0.5	-0.5	0	0	-0.5	-0.5	0
Dcun1d3	-0.5	0	0	-0.5	-0.5	-0.5	0	0	0	-0.5	-0.5	0
Ddhd1	0	0	0	0	0	0	0	0	0	0	0.5	0
Ddit3	0	0	0	0	0	0	0	0	0	0	0.5	0
Ddr1	0	0	0	0	0	0	0	0	0	0	0.5	0
Ddr2	-0.5	0	0	0	0	0	0	0	0	0	0	0
Ddx41	-0.5	0	0	0	-0.5	0	0	0	0	0	0	0
Ddx6	-0.5	0	0	-0.5	-0.5	0	-0.5	0	0	0	-0.5	0
Decr2	0	0	0	0	0	0	0	0	0	0	0.5	0
Dennd2a	0	0	0	0	-0.5	0	-0.5	0	0	0	-0.5	0
Dennd3	0	0	0	0	0	0	0	0	0	0	0.5	0
Dennd4a	-0.5	0	0	-0.5	-0.5	-0.5	-0.5	0	0	-0.5	-0.5	0
Depdc7	-0.5	0	0	-0.5	-0.5	-0.5	-0.5	0	0	0	0	0
Dfna5	0	0	0	-0.5	-0.5	0	-0.5	0	0	-0.5	0	0
Dgka	0	0	0	0	-0.5	0	-0.5	0	0	0	0	0
Dgkb	0	0	0	0	0	0	0	0	0	-0.5	0	0
Dgkg	0	0	0	0	-0.5	0	-0.5	0	0	-0.5	0	0
Dgkh	0	0	0	-0.5	-0.5	-0.5	-0.5	0	0	-0.5	0	0
Dhcr7	0	0	0	0	0	0	0	0	0	0	0.5	0
Dhdds	0	0	0	0	0	0	0	0	0	0	0.5	0
Dhdh	0	0	0	0	0	0	0	0	0	0	0.5	0
Dhrs9	0	0	0	0	0	0	-0.5	0	0	-0.5	0	0
Dhx58	0	0	0	0	0	0	0	0	0	0	0.5	0
Diap1	-0.5	0	0	-0.5	-0.5	-0.5	-0.5	0	0	-0.5	0	0
Dimt1	0	0	0	-0.5	-0.5	0	0	0	0	0	0	0
Dirc2	0	0	0	0	0	0	0	0	0	0	0.5	0
Dis3l2	0	0	0	0	0	0	0	0	0	0	0.5	0
Dlc1	-0.5	0	0	0	0	0	0	0	0	0	0	0
Dld	0	0	0	-0.5	-0.5	0	0	0	0	-0.5	0	0
Dleu2	0	0	0	0	0	0	0	0	0	0	0.5	0
Dmpk	0	0	0	-0.5	-0.5	0	0	0	0	-0.5	-0.5	0
Dnajb1	0	0	0	0	0	0	0	0	0	0	0.5	0
Dnajc10	0	0	0	-0.5	-0.5	-0.5	-0.5	0	0	0	-0.5	0
Dnajc4	0	0	0	0	0	0	0	0	0	0	0.5	0
Dnase2a	0	0	0	0	0	0	0	0	0	0	0.5	0
Dnm1	-0.5	0	0	-0.5	-0.5	0	0	0	0	0	-0.5	0
Dnm3os	0	0	0	0	0	0	-0.5	0	0	0	0	0
Dnmt3a	0	0	0	0	0	0	0	0	0	0	0.5	0
Dock9	0	0	0	-0.5	0	0	-0.5	0	0	0	-0.5	0
Dpep2	0	0	0	0	0	0	0	0	0	0	-0.5	0
Dpy19l1	0	0	0	0	0	0	0	0	0	0	0.5	0
Dpysl5	0	0	0	0	-0.5	-0.5	0	0	0	0	-0.5	0
Dram1	0	0	0	0	0	0	0	0	0	0	0.5	0
Dscaml1	0	0	0	0	-0.5	0	-0.5	0	0	0	0	0
Dsel	0	0	0	-0.5	-0.5	0	-0.5	0	0	0	-0.5	0
Dst	0	0	0	0	-0.5	0	-0.5	0	0	0	0	0
Dtd1	0	0	0	0	0	0	0	0	0	0	0.5	0
Dtnbp1	-0.5	0	0	-0.5	-0.5	0	-0.5	0	0	-0.5	-0.5	0
Dusp1	0	0	0	0	0	0	0	0	0	0	0.5	0
Dusp10	0	0	0	0	0	0	0	0	0	0	0.5	0
Dusp2	-0.5	0	0	-0.5	-0.5	-0.5	-0.5	0	0	0	-0.5	0
Dusp8	0	0	0	0	0	0	0	0	0	0	0.5	0
Dvl3	-0.5	0	0	-0.5	-0.5	-0.5	-0.5	0	0	-0.5	-0.5	0
Dym	0	0	0	0	0	0	0	0	0	0	0.5	0
Dyrk2	0	0	0	0	0	0	0	0	0	0	0.5	0
E130112n10rik	0	0	0	0	-0.5	0	-0.5	0	0	0	-0.5	0
E230016k23rik	0	0	0	0	-0.5	-0.5	-0.5	0	0	-0.5	-0.5	0
E2f1	0	0	0	0	0	0	0	0	0	0	0.5	0
E2f5	-0.5	0	0	-0.5	-0.5	-0.5	0	0	0	0	-0.5	0
E330020d12rik	0	0	0	0	0	0	0	0	0	0	0.5	0
Eaf1	0	0	0	0	-0.5	0	0	0	0	0	0	0
Eaf2	0	0	0	0	0	0	0	0	0	0	0.5	0
Ears2	0	0	0	0	-0.5	-0.5	-0.5	0	0	0	0	0
Ebf3	-0.5	0	0	-0.5	-0.5	-0.5	0	0	0	0	0	0
Ecm1	0	0	0	-0.5	0	0	-0.5	0	0	-0.5	0	0
Ecsit	0	0	0	0	0	0	0	0	0	0	0.5	0
Ect2l	0	0	0	0	0	0	-0.5	0	0	-0.5	0	0
Edc3	0	0	0	0	-0.5	-0.5	0	0	0	-0.5	-0.5	0
Edc4	-0.5	0	0	0	-0.5	0	-0.5	0	0	-0.5	0	0
Edem2	0	0	0	0	0	0	0	0	0	0	0.5	0
Eea1	-0.5	0	0	-0.5	-0.5	0	-0.5	0	0	-0.5	-0.5	0
Eed	-0.5	0	0	-0.5	-0.5	-0.5	-0.5	0	0	0	0	0
Eef2k	0	0	0	0	0	0	0	0	0	0	0.5	0
Eepd1	0	0	0	0	0	0	0	0	0	0	0.5	0
Efhd1	0	0	0	-0.5	0	0	0	0	0	0	0	0
Efnb2	-0.5	0	0	-0.5	-0.5	0	0	0	0	0	-0.5	0
Efr3b	0	0	0	0	-0.5	0	-0.5	0	0	0	0	0
Egfr	0	0	0	0	-0.5	0	0	0	0	0	0	0
Ehd1	-0.5	0	0	-0.5	-0.5	-0.5	-0.5	0	0	-0.5	-0.5	0
Ehd2	0	0	0	-0.5	-0.5	-0.5	0	0	0	-0.5	0	0
Ehd4	-0.5	0	0	-0.5	-0.5	0	-0.5	0	0	0	0	0
Ehmt1	0	0	0	0	0	0	0	0	0	0	0.5	0
Ehmt2	0	0	0	0	0	0	0	0	0	0	0.5	0
Eif1a	-0.5	0	0	-0.5	-0.5	-0.5	-0.5	0	0	-0.5	-0.5	0
Elmo2	0	0	0	0	0	0	0	0	0	0	0.5	0
Elmod2	-0.5	0	0	-0.5	-0.5	-0.5	-0.5	0	0	-0.5	0	0
Emid1	-0.5	0	0	-0.5	-0.5	0	-0.5	0	0	0	-0.5	0
Emilin2	-0.5	0	0	0	-0.5	-0.5	-0.5	0	0	-0.5	0	0
Eml1	0	0	0	0	-0.5	-0.5	0	0	0	0	0	0
Emp2	0	0	0	0	-0.5	0	0	0	0	-0.5	-0.5	0
Emp3	-0.5	0	0	-0.5	-0.5	-0.5	-0.5	0	0	-0.5	-0.5	0
Enah	0	0	0	0	-0.5	-0.5	-0.5	0	0	-0.5	0	0
Endod1	-0.5	0	0	-0.5	-0.5	0	-0.5	0	0	-0.5	0	0
Eno3	0	0	0	0	0	0	0	0	0	0	0.5	0
Enpp1	-0.5	0	0	0	-0.5	-0.5	0	0	0	0	0	0
Enpp3	0	0	0	0	0	0	-0.5	0	0	-0.5	0	0
Entpd1	-0.5	0	0	-0.5	-0.5	0	-0.5	0	0	-0.5	-0.5	0
Epas1	-0.5	0	0	0	-0.5	0	-0.5	0	0	0	-0.5	0
Epha7	0	0	0	0	-0.5	0	-0.5	0	0	0	-0.5	0
Ephb3	0	0	0	0	-0.5	-0.5	0	0	0	0	-0.5	0
Eps8	-0.5	0	0	-0.5	-0.5	0	-0.5	0	0	-0.5	0	0
Ept1	-0.5	0	0	0	-0.5	0	0	0	0	0	-0.5	0
Erg	0	0	0	0	-0.5	0	-0.5	0	0	-0.5	-0.5	0
Ermap	0	0	0	0	0	0	0	0	0	0	0.5	0
Erp29	0	0	0	0	0	0	0	0	0	0	0.5	0
Erp44	0	0	0	-0.5	-0.5	0	-0.5	0	0	-0.5	0	0
Esco1	-0.5	0	0	-0.5	-0.5	-0.5	0	0	0	0	0	0
Esf1	0	0	0	0	-0.5	0	0	0	0	-0.5	0	0
Etaa1	-0.5	0	0	-0.5	-0.5	0	0	0	0	0	-0.5	0
Etnk2	-0.5	0	0	0	-0.5	-0.5	-0.5	0	0	-0.5	-0.5	0
Etv1	0	0	0	-0.5	-0.5	0	-0.5	0	0	-0.5	0	0
Etv3	-0.5	0	0	0	-0.5	-0.5	-0.5	0	0	-0.5	-0.5	0
Exoc5	-0.5	0	0	-0.5	-0.5	0	-0.5	0	0	0	0	0
Exoc6	0	0	0	0	0	0	0	0	0	0	0.5	0
Exoc8	-0.5	0	0	-0.5	-0.5	0	-0.5	0	0	0	0	0
Ext1	-0.5	0	0	-0.5	-0.5	0	-0.5	0	0	-0.5	-0.5	0
F2r	0	0	0	-0.5	0	0	-0.5	0	0	-0.5	-0.5	0
F2rl2	0	0	0	0	0	0	0	0	0	-0.5	0	0
F8	-0.5	0	0	-0.5	-0.5	0	-0.5	0	0	0	0	0
Fam102b	-0.5	0	0	-0.5	-0.5	0	-0.5	0	0	-0.5	-0.5	0
Fam103a1	0	0	0	0	-0.5	-0.5	-0.5	0	0	0	0	0
Fam109b	-0.5	0	0	-0.5	-0.5	-0.5	-0.5	0	0	0	-0.5	0
Fam114a1	-0.5	0	0	0	-0.5	0	-0.5	0	0	-0.5	-0.5	0
Fam117a	0	0	0	0	0	0	0	0	0	0	0.5	0
Fam117b	-0.5	0	0	-0.5	-0.5	0	-0.5	0	0	0	-0.5	0
Fam126a	-0.5	0	0	0	-0.5	-0.5	-0.5	0	0	-0.5	-0.5	0
Fam126b	0	0	0	0	0	0	-0.5	0	0	0	0	0
Fam129b	-0.5	0	0	-0.5	-0.5	-0.5	-0.5	0	0	-0.5	-0.5	0
Fam129c	0	0	0	0	0	0	0	0	0	0	0.5	0
Fam134b	0	0	0	0	0	0	0	0	0	0	0.5	0
Fam134c	-0.5	0	0	-0.5	-0.5	-0.5	-0.5	0	0	0	0	0
Fam167a	0	0	0	0	-0.5	0	-0.5	0	0	-0.5	0	0
Fam173a	0	0	0	0	0	0	0	0	0	0	0.5	0
Fam179b	-0.5	0	0	0	-0.5	0	0	0	0	0	-0.5	0
Fam198b	0	0	0	0	-0.5	0	-0.5	0	0	0	-0.5	0
Fam20a	-0.5	0	0	0	0	0	-0.5	0	0	-0.5	0	0
Fam20b	0	0	0	-0.5	-0.5	-0.5	0	0	0	0	0	0
Fam20c	-0.5	0	0	0	-0.5	0	-0.5	0	0	-0.5	0	0
Fam46c	0	0	0	0	0	0	0	0	0	0	0.5	0
Fam49a	0	0	0	0	0	0	0	0	0	0	0.5	0
Fam57a	-0.5	0	0	0	-0.5	0	-0.5	0	0	0	0	0
Fam60a	-0.5	0	0	-0.5	-0.5	0	0	0	0	0	0	0
Fam63a	-0.5	0	0	-0.5	-0.5	0	-0.5	0	0	0	-0.5	0
Fam64a	0	0	0	0	0	0	0	0	0	0	0.5	0
Fam71f2	0	0	0	0	0	0	0	0	0	0	0.5	0
Farp1	0	0	0	0	0	0	-0.5	0	0	-0.5	-0.5	0
Fas	-0.5	0	0	0	0	0	-0.5	0	0	0	-0.5	0
Fat4	0	0	0	-0.5	0	0	-0.5	0	0	0	-0.5	0
Fbn1	0	0	0	0	-0.5	0	0	0	0	0	0	0
Fbxl14	-0.5	0	0	-0.5	-0.5	-0.5	0	0	0	-0.5	0	0
Fbxl19	0	0	0	0	0	0	0	0	0	0	0.5	0
Fbxo11	-0.5	0	0	-0.5	-0.5	-0.5	-0.5	0	0	-0.5	0	0
Fbxo21	-0.5	0	0	-0.5	-0.5	-0.5	0	0	0	0	-0.5	0
Fbxo3	-0.5	0	0	0	-0.5	-0.5	0	0	0	0	-0.5	0
Fbxo30	-0.5	0	0	-0.5	-0.5	0	-0.5	0	0	0	-0.5	0
Fbxo32	0	0	0	0	0	0	0	0	0	0	0.5	0
Fbxo34	0	0	0	0	0	0	0	0	0	0	0.5	0
Fbxo45	-0.5	0	0	-0.5	-0.5	0	0	0	0	0	0	0
Fbxw4	0	0	0	0	0	0	0	0	0	0	0.5	0
Fcgr2b	0	0	0	0	-0.5	0	-0.5	0	0	-0.5	0	0
Fcgr3	0	0	0	-0.5	-0.5	-0.5	-0.5	0	0	-0.5	0	0
Fcho1	0	0	0	0	0	0	0	0	0	0	0.5	0
Fdft1	0	0	0	0	0	0	0	0	0	0	0.5	0
Fdxacb1	0	0	0	0	0	0	0	0	0	0	0.5	0
Fem1a	-0.5	0	0	-0.5	-0.5	-0.5	-0.5	0	0	-0.5	0	0
Fem1b	-0.5	0	0	-0.5	-0.5	0	0	0	0	0	-0.5	0
Fert2	-0.5	0	0	0	-0.5	-0.5	-0.5	0	0	0	0	0
Fgd1	0	0	0	0	0	0	0	0	0	0	0.5	0
Fgd3	0	0	0	0	0	0	0	0	0	0	0.5	0
Fgd6	-0.5	0	0	-0.5	-0.5	0	-0.5	0	0	-0.5	-0.5	0
Fgf11	0	0	0	0	0	0	0	0	0	0	0.5	0
Fgf7	0	0	0	0	0	0	0	0	0	-0.5	0	0
Fgr	0	0	0	0	0	0	0	0	0	0	0.5	0
Fhl3	-0.5	0	0	-0.5	-0.5	-0.5	-0.5	0	0	-0.5	0	0
Filip1l	0	0	0	0	0	0	0	0	0	0	0.5	0
Fkbp11	0	0	0	0	-0.5	-0.5	0	0	0	0	0	0
Fkbp15	0	0	0	0	0	0	0	0	0	0	0.5	0
Fkbp5	0	0	0	0	0	0	0	0	0	0	0.5	0
Fli1	-0.5	0	0	-0.5	-0.5	0	-0.5	0	0	-0.5	0	0
Flnc	-0.5	0	0	0	-0.5	-0.5	0	0	0	0	-0.5	0
Flot2	0	0	0	-0.5	-0.5	0	-0.5	0	0	0	-0.5	0
Flrt3	-0.5	0	0	0	0	0	0	0	0	-0.5	0	0
Flt1	0	0	0	-0.5	-0.5	0	0	0	0	0	-0.5	0
Fmnl1	-0.5	0	0	-0.5	-0.5	-0.5	-0.5	0	0	-0.5	-0.5	0
Fmo5	0	0	0	0	0	0	0	0	0	0	0.5	0
Fn1	-0.5	0	0	-0.5	-0.5	0	-0.5	0	0	-0.5	0	0
Fnbp1l	-0.5	0	0	-0.5	-0.5	-0.5	0	0	0	0	0	0
Fndc3a	-0.5	0	0	-0.5	-0.5	-0.5	0	0	0	-0.5	0	0
Fndc5	0	1.0	0	0	1.0	0	0	0	1.0	0	0.5	1.0
Fnip2	-0.5	0	0	-0.5	-0.5	0	-0.5	0	0	-0.5	-0.5	0
Fnta	-0.5	0	0	-0.5	-0.5	-0.5	-0.5	0	0	0	-0.5	0
Fos	0	0	0	0	1.0	0	0	0	0	0	0.5	0
Fosb	0	0	0	0	0	0	0	0	0	0	0.5	0
Foxm1	0	0	0	0	0	0	0	0	0	0	0.5	0
Foxn2	0	0	0	-0.5	-0.5	0	-0.5	0	0	0	-0.5	0
Foxn3	-0.5	0	0	-0.5	-0.5	-0.5	-0.5	0	0	-0.5	0	0
Foxo1	0	0	0	-0.5	-0.5	0	-0.5	0	0	-0.5	-0.5	0
Frem1	0	0	0	0	0	0	0	0	0	-0.5	0	0
Frmd6	-0.5	0	0	-0.5	-0.5	-0.5	-0.5	0	0	0	-0.5	0
Fscn2	-0.5	0	0	0	-0.5	0	-0.5	0	0	-0.5	-0.5	0
Fth1	0	0	0	0	0	0	0	0	0	0	0.5	0
Ftsj2	0	0	0	-0.5	0	0	0	0	0	0	0	0
Furin	-0.5	0	0	-0.5	-0.5	0	-0.5	0	0	-0.5	-0.5	0
Fyco1	0	0	0	0	0	0	0	0	0	0	0.5	0
Fyn	-0.5	0	0	0	-0.5	-0.5	-0.5	0	0	-0.5	-0.5	0
Fzd6	0	0	0	-0.5	0	0	0	0	0	0	-0.5	0
G6pdx	0	0	0	0	0	0	0	0	0	0	0.5	0
Gaa	0	0	0	0	1.0	0	0	0	0	0	0	0
Gadd45a	0	0	0	-0.5	0	0	0	0	0	0	0	0
Gadd45b	0	0	0	-0.5	-0.5	-0.5	-0.5	0	0	-0.5	-0.5	0
Gadd45g	-0.5	0	0	-0.5	-0.5	0	-0.5	0	0	-0.5	0	0
Galk1	0	0	0	0	0	0	0	0	0	0	0.5	0
Gan	-0.5	0	0	-0.5	-0.5	-0.5	-0.5	0	0	-0.5	-0.5	0
Gas7	-0.5	0	0	0	-0.5	0	-0.5	0	0	-0.5	-0.5	0
Gatm	-0.5	0	0	-0.5	0	0	0	0	0	0	0	0
Gatsl2	-0.5	0	0	-0.5	-0.5	-0.5	-0.5	0	0	-0.5	0	0
Gbgt1	0	0	0	0	0	0	0	0	0	0	0.5	0
Gcc1	-0.5	0	0	-0.5	-0.5	0	-0.5	0	0	-0.5	-0.5	0
Gcc2	0	0	0	0	-0.5	0	0	0	0	0	0	0
Gch1	-0.5	0	0	-0.5	-0.5	0	0	0	0	-0.5	-0.5	0
Gda	-0.5	0	0	0	-0.5	0	-0.5	0	0	-0.5	0	0
Gfod1	-0.5	0	0	-0.5	-0.5	-0.5	-0.5	0	0	-0.5	-0.5	0
Gga2	-0.5	0	0	0	-0.5	-0.5	0	0	0	0	-0.5	0
Ghr	-0.5	0	0	0	-0.5	-0.5	0	0	0	0	0	0
Gimap5	0	0	0	0	-0.5	0	-0.5	0	0	-0.5	0	0
Glcci1	-0.5	0	0	-0.5	-0.5	0	-0.5	0	0	-0.5	-0.5	0
Gli1	-0.5	0	0	-0.5	-0.5	-0.5	-0.5	0	0	0	0	0
Glipr2	0	0	0	-0.5	-0.5	0	-0.5	0	0	-0.5	0	0
Glis3	0	0	0	0	0	0	-0.5	0	0	-0.5	0	0
Glp2r	-0.5	0	0	0	0	0	0	0	0	0	0	0
Gls	-0.5	0	0	-0.5	-0.5	-0.5	-0.5	0	0	0	-0.5	0
Glt25d1	0	0	0	0	0	0	0	0	0	0	0.5	0
Gm11696	-0.5	0	0	-0.5	-0.5	0	0	0	0	-0.5	0	0
Gm12359	-0.5	0	0	-0.5	-0.5	-0.5	-0.5	0	0	0	-0.5	0
Gm128	-0.5	0	0	0	-0.5	-0.5	0	0	0	-0.5	0	0
Gm13939	-0.5	0	0	0	-0.5	0	0	0	0	0	0	0
Gm14005	0	1.0	0	0	0	0	0	1.0	1.0	0	0.5	0
Gm14378	0	0	0	0	0	0	0	0	0	0	0.5	0
Gm15800	0	0	0	0	0	0	0	0	0	0	0.5	0
Gm16515	0	0	0	0	0	0	0	0	0	0	0.5	0
Gm614	0	0	0	0	0	0	0	0	0	0	0.5	0
Gmps	0	0	0	-0.5	-0.5	0	0	0	0	0	-0.5	0
Gna11	-0.5	0	0	-0.5	-0.5	0	-0.5	0	0	0	-0.5	0
Gna12	0	0	0	0	0	0	0	0	0	0	0.5	0
Gna13	-0.5	0	0	-0.5	-0.5	0	0	0	0	-0.5	0	0
Gnai3	0	0	0	0	-0.5	0	0	0	0	0	0	0
Gnb4	0	0	0	0	0	0	0	0	0	0	-0.5	0
Gng12	0	0	0	-0.5	-0.5	-0.5	-0.5	0	0	0	-0.5	0
Golga7	-0.5	0	0	0	-0.5	-0.5	0	0	0	0	0	0
Golph3l	0	0	0	0	-0.5	-0.5	-0.5	0	0	-0.5	0	0
Gorab	0	0	0	0	-0.5	0	-0.5	0	0	-0.5	0	0
Gp49a	0	0	0	0	0	-0.5	-0.5	0	0	-0.5	0	0
Gpbp1	-0.5	0	0	-0.5	-0.5	0	-0.5	0	0	0	-0.5	0
Gpc1	-0.5	0	0	-0.5	-0.5	-0.5	-0.5	0	0	0	0	0
Gpc3	0	0	0	0	0	0	0	0	0	0	-0.5	0
Gpc6	0	0	0	0	-0.5	0	-0.5	0	0	-0.5	0	0
Gpd1l	0	0	0	0	0	0	0	0	0	0	0.5	0
Gpd2	0	0	0	0	-0.5	0	-0.5	0	0	-0.5	0	0
Gpnmb	0	0	0	0	0	0	-0.5	0	0	-0.5	0	0
Gpr114	0	0	0	0	0	0	0	0	0	0	0.5	0
Gpr116	0	0	0	0	0	0	-0.5	0	0	0	0	0
Gpr126	-0.5	0	0	0	-0.5	0	-0.5	0	0	-0.5	-0.5	0
Gpr146	-0.5	0	0	-0.5	-0.5	-0.5	-0.5	0	0	0	-0.5	0
Gpr152	0	0	0	0	0	0	0	0	0	0	0.5	0
Gpr153	-0.5	0	0	-0.5	-0.5	0	0	0	0	0	0	0
Gpr171	0	0	0	0	-0.5	0	-0.5	0	0	0	0	0
Gpr56	-0.5	0	0	-0.5	-0.5	-0.5	-0.5	0	0	-0.5	-0.5	0
Gpr68	-0.5	0	0	0	-0.5	-0.5	-0.5	0	0	-0.5	0	0
Gpr84	-0.5	0	0	-0.5	-0.5	0	-0.5	0	0	-0.5	-0.5	0
Gpr85	0	0	0	-0.5	-0.5	-0.5	-0.5	0	0	0	0	0
Gpr97	-0.5	0	0	0	-0.5	-0.5	-0.5	0	0	-0.5	0	0
Gpsm2	-0.5	0	0	-0.5	-0.5	-0.5	-0.5	0	0	0	-0.5	0
Gramd3	-0.5	0	0	-0.5	-0.5	0	0	0	0	-0.5	0	0
Gramd4	0	0	0	-0.5	-0.5	-0.5	-0.5	0	0	-0.5	0	0
Grap2	0	0	0	0	-0.5	0	-0.5	0	0	-0.5	0	0
Grasp	0	0	0	0	0	0	0	0	0	0	0.5	0
Greb1l	0	0	0	0	-0.5	0	-0.5	0	0	-0.5	0	0
Grhl1	-0.5	0	0	0	-0.5	-0.5	-0.5	0	0	-0.5	-0.5	0
Grk5	0	0	0	-0.5	-0.5	0	-0.5	0	0	-0.5	-0.5	0
Grk6	0	0	0	0	0	0	0	0	0	0	0.5	0
Grrp1	-0.5	0	0	-0.5	-0.5	0	0	0	0	-0.5	0	0
Gsdma	0	0	0	0	-0.5	-0.5	0	0	0	-0.5	0	0
Gse1	-0.5	0	0	-0.5	-0.5	-0.5	-0.5	0	0	-0.5	-0.5	0
Gsg1	0	0	0	0	0	0	0	0	0	0	0.5	0
Gspt1	0	0	0	-0.5	-0.5	-0.5	-0.5	0	0	-0.5	-0.5	0
Gstk1	0	0	0	0	0	0	0	0	0	0	0.5	0
Gstm1	0	0	0	0	-0.5	-0.5	0	0	0	0	-0.5	0
Gtf2e2	-0.5	0	0	-0.5	-0.5	0	-0.5	0	0	-0.5	-0.5	0
Gtf2i	0	0	0	0	0	0	0	0	0	0	0.5	0
Gtf2ird2	0	0	0	0	0	0	0	0	0	0	0.5	0
Gtf3c3	0	0	0	0	0	0	0	0	0	-0.5	0	0
Gtf3c4	0	0	0	0	0	-0.5	0	0	0	0	0	0
Gucy1a3	0	0	0	0	-0.5	0	0	0	0	0	0	0
Gusb	-0.5	0	0	-0.5	-0.5	0	0	0	0	-0.5	0	0
Gxylt1	-0.5	0	0	-0.5	-0.5	-0.5	-0.5	0	0	0	-0.5	0
Gys1	0	0	0	0	0	0	0	0	0	0	0.5	0
H13	-0.5	0	0	-0.5	-0.5	0	-0.5	0	0	0	-0.5	0
H2-dmb2	0	0	0	0	0	0	0	0	0	0	0.5	0
H2-eb2	-0.5	0	-1.0	0	0	0	-0.5	0	0	0	0	0
H2-ke6	0	0	0	0	0	0	0	0	0	0	0.5	0
H2-m3	0	0	0	0	0	0	0	0	0	0	0.5	0
H2-t23	0	0	0	0	0	0	0	0	0	0	0.5	0
H2-t24	0	0	0	0	0	0	0	0	0	0	0.5	0
H2afz	-0.5	0	0	-0.5	-0.5	-0.5	-0.5	0	0	0	0	0
Hagh	0	0	0	0	0	0	0	0	0	0	0.5	0
Hap1	0	0	0	0	0	0	0	0	0	0	0.5	0
Has1	0	0	0	0	-0.5	0	0	0	0	0	0	0
Haus8	0	0	0	0	0	0	0	0	0	0	0.5	0
Hc	-0.5	0	0	0	-0.5	0	-0.5	0	0	-0.5	0	0
Hdac3	0	0	0	0	0	0	0	0	0	0	0.5	0
Heg1	-0.5	0	0	0	-0.5	-0.5	-0.5	0	0	0	-0.5	0
Hemk1	0	0	0	0	-0.5	-0.5	-0.5	0	0	0	-0.5	0
Hepacam2	0	0	0	0	-0.5	0	-0.5	0	0	0	0	0
Herc6	0	0	0	0	0	0	0	0	0	0	0.5	0
Herpud1	0	0	0	0	0	0	0	0	0	0	0.5	0
Hgf	0	0	0	0	0	0	0	0	0	0	-0.5	0
Hgfac	0	0	0	0	0	0	0	0	0	0	0.5	0
Hgsnat	0	0	0	0	0	0	0	0	0	0	0.5	0
Hhip	0	0	0	-0.5	0	0	0	0	0	0	0	0
Hiatl1	0	0	0	-0.5	0	-0.5	0	0	0	0	0	0
Hic1	0	0	0	0	0	0	0	0	0	0	0.5	0
Hic2	0	0	0	0	0	0	0	0	0	0	0.5	0
Hip1r	-0.5	0	0	-0.5	-0.5	0	-0.5	0	0	-0.5	-0.5	0
Hirip3	0	0	0	0	1.0	0	0	0	0	0	0	0
Hlx	0	0	0	-0.5	-0.5	0	-0.5	0	0	-0.5	-0.5	0
Hmg20a	0	0	0	0	1.0	0	0	0	1.0	0	0.5	1.0
Homer2	0	0	0	0	0	0	-0.5	0	0	-0.5	0	0
Hook2	0	0	0	0	0	0	0	0	0	0	0.5	0
Hoxa1	0	0	0	-0.5	-0.5	0	-0.5	0	0	-0.5	0	0
Hps1	0	0	0	0	0	0	0	0	0	0	0.5	0
Hps4	-0.5	0	0	-0.5	0	0	0	0	0	0	0	0
Hs1bp3	0	0	0	0	0	0	0	0	0	0	0.5	0
Hsf2	-0.5	0	0	-0.5	-0.5	0	0	0	0	0	0	0
Hsp90ab1	0	0	0	0	0	0	0	0	0	0	0.5	0
Hspa12a	0	0	0	0	-0.5	0	0	0	0	0	0	0
Hspa12b	0	0	0	0	-0.5	0	0	0	0	0	0	0
Hspa4l	0	0	0	0	0	0	0	0	0	0	0.5	0
Hspb7	0	0	0	0	-0.5	0	-0.5	0	0	0	-0.5	0
Hspb9	0	0	0	0	0	0	0	0	0	-0.5	0	0
Hspd1	0	0	0	0	0	0	0	0	0	0	0.5	0
Hspe1	0	0	0	0	0	0	0	0	0	0	0.5	0
Hspg2	-0.5	0	0	-0.5	-0.5	-0.5	0	0	0	0	-0.5	0
Htr7	0	0	0	-0.5	-0.5	-0.5	-0.5	0	0	-0.5	-0.5	0
Icam5	0	0	0	0	-0.5	-0.5	-0.5	0	0	-0.5	-0.5	0
Id1	-0.5	0	0	-0.5	0	0	0	0	0	-0.5	0	0
Id2	-0.5	0	0	-0.5	-0.5	0	-0.5	0	0	0	0	0
Id3	-0.5	0	0	-0.5	-0.5	-0.5	-0.5	0	0	0	-0.5	0
Idi1	-0.5	0	0	-0.5	0	0	-0.5	0	0	-0.5	-0.5	0
Idua	0	0	0	0	0	0	0	0	0	0	0.5	0
Ier3	0	0	0	0	-0.5	0	-0.5	0	0	-0.5	-0.5	0
Ier3ip1	-0.5	0	0	0	-0.5	-0.5	0	0	0	0	-0.5	0
Ifi205	0	0	0	0	-0.5	-0.5	-0.5	0	0	0	0	0
Ifitm2	0	0	0	-0.5	-0.5	-0.5	-0.5	0	0	-0.5	-0.5	0
Ifitm6	0	0	0	0	0	0	0	0	1.0	0	0	0
Ifnar1	-0.5	0	0	0	-0.5	0	-0.5	0	0	-0.5	-0.5	0
Ifnar2	-0.5	0	0	-0.5	-0.5	0	-0.5	0	0	0	-0.5	0
Ifrd1	0	0	0	0	0	0	0	0	0	0	0.5	0
Ift57	0	0	0	0	0	0	0	0	0	0	0.5	0
Igdcc3	0	0	0	0	0	0	-0.5	0	0	0	0	0
Igf1r	-0.5	0	0	-0.5	-0.5	0	-0.5	0	0	-0.5	0	0
Igf2r	0	0	0	0	-0.5	-0.5	-0.5	0	0	-0.5	0	0
Igfbp6	-0.5	0	0	-0.5	-0.5	-0.5	0	0	0	0	-0.5	0
Igfbp7	0	0	0	-0.5	-0.5	-0.5	0	0	0	-0.5	0	0
Iglon5	0	0	0	0	-0.5	-0.5	-0.5	0	0	-0.5	-0.5	0
Igsf10	0	0	0	0	0	0	-0.5	0	0	-0.5	0	0
Igtp	0	0	0	0	0	0	0	0	0	0	0.5	0
Ikzf1	0	0	0	0	0	0	0	0	0	0	0.5	0
Il10rb	-0.5	0	0	-0.5	-0.5	0	-0.5	0	0	0	0	0
Il12rb2	0	0	0	0	0	0	-0.5	0	0	0	0	0
Il16	0	0	0	0	0	0	0	0	0	0	0.5	0
Il17rd	0	0	0	-0.5	-0.5	-0.5	0	0	0	0	-0.5	0
Il18r1	0	0	0	0	0	0	-0.5	0	0	-0.5	0	0
Il1r1	-0.5	0	0	0	-0.5	0	-0.5	0	0	-0.5	0	0
Il1rap	-0.5	0	0	0	-0.5	-0.5	-0.5	0	0	-0.5	0	0
Il1rl1	0	0	0	0	0	0	0	0	0	-0.5	0	0
Il2	0	0	0	0	0	0	0	0	0	-0.5	0	0
Il23r	0	0	0	0	0	0	-0.5	0	0	-0.5	0	0
Il27	-0.5	0	0	0	-0.5	0	-0.5	0	0	-0.5	-0.5	0
Il2ra	0	0	0	-0.5	-0.5	0	-0.5	0	0	-0.5	0	0
Il2rg	0	0	0	0	0	0	0	0	0	0	0.5	0
Il6ra	-0.5	0	0	-0.5	-0.5	-0.5	-0.5	0	0	-0.5	0	0
Il7	0	0	0	0	-0.5	0	-0.5	0	0	0	0	0
Il7r	0	0	0	0	0	0	-0.5	0	0	-0.5	0	0
Impact	0	0	0	0	0	0	0	0	0	0	0.5	0
Inf2	-0.5	0	0	-0.5	-0.5	-0.5	-0.5	0	0	-0.5	-0.5	0
Ing1	0	0	0	0	0	0	0	0	0	0	0.5	0
Ing3	0	0	0	0	0	0	0	0	0	0	0.5	0
Ing5	0	0	0	0	0	0	0	0	0	0	0.5	0
Ino80	0	0	0	-0.5	-0.5	-0.5	-0.5	0	0	0	-0.5	0
Inpp5a	-0.5	0	0	-0.5	-0.5	0	-0.5	0	0	-0.5	-0.5	0
Inpp5f	-0.5	0	0	0	-0.5	0	-0.5	0	0	-0.5	-0.5	0
Inppl1	0	0	0	0	0	0	0	0	0	0	0.5	0
Ints6	-0.5	0	0	-0.5	-0.5	0	-0.5	0	0	0	0	0
Ipcef1	-0.5	0	0	-0.5	-0.5	0	-0.5	0	0	-0.5	0	0
Ippk	-0.5	0	0	0	0	0	0	0	0	-0.5	0	0
Iqce	0	0	0	0	0	0	0	0	0	0	0.5	0
Iqgap2	0	1.0	0	0	1.0	0	0	0	1.0	0	0.5	1.0
Iqsec2	0	0	0	0	-0.5	0	-0.5	0	0	-0.5	0	0
Irak2	0	0	0	0	0	0	0	0	0	0	0.5	0
Irak3	-0.5	0	0	-0.5	-0.5	0	-0.5	0	0	-0.5	0	0
Ireb2	-0.5	0	0	-0.5	-0.5	-0.5	-0.5	0	0	0	0	0
Irf1	0	0	0	-0.5	-0.5	-0.5	-0.5	0	0	-0.5	-0.5	0
Irf2bp2	0	0	0	0	0	0	0	0	0	0	0.5	0
Irf4	0	0	0	0	0	0	0	0	0	0	0.5	0
Irs1	-0.5	0	0	0	-0.5	-0.5	-0.5	0	0	0	0	0
Irs2	0	0	0	0	0	0	0	0	0	0	0.5	0
Itga1	0	0	0	-0.5	-0.5	0	-0.5	0	0	-0.5	0	0
Itga3	-0.5	0	0	0	-0.5	0	0	0	0	-0.5	0	0
Itga5	-0.5	0	0	-0.5	-0.5	-0.5	-0.5	0	0	-0.5	-0.5	0
Itga6	-0.5	0	0	-0.5	-0.5	-0.5	-0.5	0	0	-0.5	-0.5	0
Itga9	0	0	0	0	-0.5	-0.5	-0.5	0	0	-0.5	-0.5	0
Itgal	0	0	0	0	-0.5	-0.5	0	0	0	0	0	0
Itgav	-0.5	0	0	-0.5	-0.5	-0.5	-0.5	0	0	-0.5	0	0
Itgb5	-0.5	0	0	0	-0.5	-0.5	-0.5	0	0	-0.5	-0.5	0
Itih5	-0.5	0	0	0	-0.5	0	0	0	0	0	-0.5	0
Itpkb	-0.5	0	-1.0	-0.5	-0.5	-0.5	-0.5	0	0	-0.5	-0.5	0
Itpkc	0	0	0	0	-0.5	0	-0.5	0	0	-0.5	-0.5	0
Itpripl1	-0.5	0	0	-0.5	-0.5	0	-0.5	0	0	-0.5	0	0
Jag2	-0.5	0	0	-0.5	-0.5	-0.5	0	0	0	0	-0.5	0
Jakmip1	0	0	0	0	0	0	0	0	0	0	0.5	0
Jmjd4	0	0	0	0	0	0	0	0	0	0	-0.5	0
Jmy	0	0	0	0	0	0	0	0	0	0	0.5	0
Jtb	-0.5	0	0	0	0	0	0	0	0	0	0	0
Kalrn	-0.5	0	0	-0.5	0	-0.5	-0.5	0	0	-0.5	0	0
Kat2a	0	0	0	0	0	0	0	0	0	0	0.5	0
Kcna3	-0.5	0	0	-0.5	-0.5	0	0	0	0	0	0	0
Kcnd1	0	0	0	0	0	0	0	0	0	0	0.5	0
Kcnd3	0	0	0	0	0	0	-0.5	0	0	-0.5	0	0
Kcnip3	0	0	0	0	0	0	0	0	0	0	0.5	0
Kcnj10	0	0	0	0	0	0	0	0	0	0	0.5	0
Kcnn1	-0.5	0	0	-0.5	-0.5	-0.5	-0.5	0	0	-0.5	-0.5	0
Kcnn3	0	0	0	0	-0.5	-0.5	0	0	0	0	0	0
Kcnn4	0	0	0	-0.5	-0.5	0	-0.5	0	0	-0.5	-0.5	0
Kcnrg	0	0	0	0	0	0	0	0	0	0	0.5	0
Kcp	-0.5	0	0	0	-0.5	-0.5	0	0	0	0	-0.5	0
Kctd11	0	0	0	0	-0.5	0	0	0	0	0	-0.5	0
Kctd12	-0.5	0	0	-0.5	-0.5	-0.5	-0.5	0	0	0	0	0
Kctd21	0	0	0	0	-0.5	0	-0.5	0	0	0	-0.5	0
Kctd6	0	0	0	0	0	0	0	0	0	0	0.5	0
Khnyn	0	0	0	0	-0.5	0	-0.5	0	0	-0.5	-0.5	0
Kif13a	0	0	0	0	0	0	0	0	0	0	0.5	0
Kif16b	0	0	0	0	0	0	0	0	0	0	0.5	0
Kif17	0	1.0	0	0	0	0	0	0	1.0	0	0.5	0
Kif1c	-0.5	0	0	-0.5	-0.5	0	0	0	0	0	-0.5	0
Kif2a	-0.5	0	0	-0.5	-0.5	0	-0.5	0	0	-0.5	-0.5	0
Kif5c	-0.5	0	0	-0.5	-0.5	-0.5	-0.5	0	0	-0.5	-0.5	0
Kif9	0	0	0	0	0	0	0	0	0	0	0.5	0
Klf11	0	0	0	0	0	0	0	0	0	0	0.5	0
Klf2	0	0	0	0	0	0	0	0	0	0	0.5	0
Klf4	0	0	0	0	0	0	0	0	0	0	0.5	0
Klhl11	0	0	0	-0.5	-0.5	0	0	0	0	0	0	0
Klhl18	0	0	0	0	0	0	0	0	0	0	0.5	0
Klhl28	-0.5	0	0	0	-0.5	0	0	0	0	0	-0.5	0
Klhl30	0	0	0	-0.5	-0.5	0	0	0	0	0	0	0
Klhl8	-0.5	0	0	-0.5	-0.5	-0.5	-0.5	0	0	-0.5	-0.5	0
Klk8	0	0	0	0	0	0	0	0	0	0	0.5	0
Klrb1b	-0.5	0	0	-0.5	-0.5	-0.5	0	0	0	-0.5	-0.5	0
Klrb1c	0	0	0	0	0	0	0	0	0	0	0.5	0
Klrg2	0	0	0	0	-0.5	-0.5	0	0	0	0	-0.5	0
Kpna4	0	0	0	0	0	0	0	0	0	0	0.5	0
Kpna6	0	0	0	-0.5	-0.5	-0.5	0	0	0	0	0	0
Kras	-0.5	0	0	-0.5	-0.5	-0.5	-0.5	0	0	0	-0.5	0
Krit1	0	0	0	-0.5	0	-0.5	0	0	0	0	-0.5	0
Ktn1	-0.5	0	0	-0.5	-0.5	0	-0.5	0	0	-0.5	-0.5	0
L1cam	0	0	0	-0.5	-0.5	0	0	0	0	0	-0.5	0
Lama2	0	0	0	0	-0.5	0	-0.5	0	0	-0.5	0	0
Lama3	0	0	0	0	-0.5	0	-0.5	0	0	-0.5	0	0
Lamc1	0	0	0	-0.5	-0.5	-0.5	-0.5	0	0	-0.5	-0.5	0
Lamp2	0	0	0	0	-0.5	0	-0.5	0	0	-0.5	-0.5	0
Lat2	0	0	0	-0.5	0	-0.5	0	0	0	-0.5	-0.5	0
Lats1	0	0	0	-0.5	-0.5	-0.5	0	0	0	0	-0.5	0
Lats2	-0.5	0	0	-0.5	-0.5	0	-0.5	0	0	0	-0.5	0
Lbh	0	0	0	0	0	0	0	0	0	0	0.5	0
Lcat	0	0	0	0	-0.5	-0.5	0	0	0	0	-0.5	0
Lcn2	0	0	0	0	-0.5	-0.5	0	0	0	0	-0.5	0
Lcp2	0	0	0	0	0	0	0	0	1.0	0	0	0
Ldlr	0	0	0	-0.5	-0.5	0	-0.5	0	0	-0.5	-0.5	0
Leprel1	0	0	0	-0.5	-0.5	-0.5	-0.5	0	0	-0.5	0	0
Leprot	0	0	0	0	0	0	0	0	0	0	0.5	0
Lfng	0	0	0	-0.5	0	0	-0.5	0	0	0	-0.5	0
Lgals1	-0.5	0	0	-0.5	-0.5	-0.5	-0.5	0	0	-0.5	-0.5	0
Lgals3	-0.5	0	0	0	-0.5	-0.5	-0.5	0	0	-0.5	-0.5	0
Lhfp	0	0	0	0	-0.5	0	0	0	0	0	0	0
Lhx6	0	0	0	0	0	0	-0.5	0	0	-0.5	0	0
Lif	0	0	0	0	0	0	0	0	0	0	-0.5	0
Lifr	0	0	0	0	0	0	0	0	0	0	0.5	0
Lig4	0	0	0	0	-0.5	-0.5	0	0	0	0	-0.5	0
Lima1	0	0	0	0	0	0	0	0	0	0	0.5	0
Limd2	0	0	0	0	0	0	0	0	0	0	0.5	0
Limk1	0	0	0	0	0	0	0	0	0	0	0.5	0
Lims1	0	0	0	0	0	0	0	0	0	0	0.5	0
Lin37	0	0	0	-0.5	-0.5	0	0	0	0	0	-0.5	0
Lin7c	0	0	0	0	-0.5	0	0	0	0	0	0	0
Lmna	-0.5	0	0	-0.5	-0.5	-0.5	-0.5	0	0	-0.5	-0.5	0
Lmtk2	0	0	0	0	0	0	0	0	0	0	0.5	0
Lnp	-0.5	0	0	-0.5	-0.5	-0.5	0	0	0	0	0	0
Lnx2	-0.5	0	0	0	-0.5	-0.5	-0.5	0	0	-0.5	-0.5	0
Lonrf1	0	0	0	0	0	0	0	0	0	0	0.5	0
Lonrf3	-0.5	0	0	0	0	0	0	0	0	0	0	0
Loxl2	0	0	0	-0.5	-0.5	0	0	0	0	-0.5	0	0
Lpar5	0	0	0	0	-0.5	-0.5	0	0	0	0	0	0
Lphn2	-0.5	0	0	-0.5	-0.5	0	-0.5	0	0	-0.5	-0.5	0
Lpp	0	0	0	0	0	0	0	1.0	1.0	0	0.5	0
Lrp11	0	0	0	-0.5	-0.5	-0.5	0	0	0	0	0	0
Lrp2bp	0	0	0	-0.5	-0.5	-0.5	-0.5	0	0	0	0	0
Lrp8	-0.5	0	0	-0.5	-0.5	-0.5	-0.5	0	0	-0.5	-0.5	0
Lrrc1	0	0	0	0	-0.5	-0.5	-0.5	0	0	-0.5	0	0
Lrrc25	0	0	0	0	1.0	0	0	0	0	0	0.5	0
Lrrc29	-0.5	0	0	0	-0.5	0	0	0	0	-0.5	-0.5	0
Lrrc58	-0.5	0	0	-0.5	-0.5	-0.5	0	0	0	0	0	0
Lrrc61	0	0	0	0	0	0	0	0	0	0	0.5	0
Lrrc8d	-0.5	0	0	-0.5	-0.5	-0.5	-0.5	0	0	-0.5	-0.5	0
Lrrfip1	-0.5	0	0	-0.5	-0.5	-0.5	-0.5	0	0	-0.5	-0.5	0
Lrrfip2	0	0	0	-0.5	-0.5	-0.5	-0.5	0	0	-0.5	-0.5	0
Lsr	-0.5	0	0	-0.5	-0.5	0	-0.5	0	0	0	-0.5	0
Lst1	0	0	0	0	0	0	0	0	0	0	0.5	0
Ltb4r1	0	0	0	-0.5	-0.5	-0.5	-0.5	0	0	0	0	0
Ltbp1	0	0	0	0	0	0	-0.5	0	0	0	0	0
Ltbp3	0	0	0	0	-0.5	0	-0.5	0	0	-0.5	0	0
Ltbp4	0	0	0	-0.5	-0.5	-0.5	-0.5	0	0	0	-0.5	0
Ltc4s	0	0	0	0	0	0	0	0	0	0	0.5	0
Luzp1	-0.5	0	0	-0.5	-0.5	-0.5	-0.5	0	0	-0.5	-0.5	0
Ly6d	0	0	0	0	0	0	0	0	0	0	0.5	0
Ly6i	-0.5	0	0	0	0	0	0	0	0	0	0	0
Lysmd3	-0.5	0	0	-0.5	-0.5	0	-0.5	0	0	0	-0.5	0
Lysmd4	-0.5	0	0	0	-0.5	0	0	0	0	0	-0.5	0
Lyz1	-0.5	0	0	0	0	0	0	0	0	-0.5	0	0
Madd	0	0	0	-0.5	-0.5	-0.5	-0.5	0	0	-0.5	-0.5	0
Maff	0	0	0	0	0	0	0	0	0	0	0.5	0
Mafk	0	0	0	0	0	0	0	0	0	0	0.5	0
Mamld1	-0.5	0	0	0	-0.5	0	0	0	0	0	-0.5	0
Man1c1	0	0	0	0	0	0	0	0	0	0	0.5	0
Man2a1	-0.5	0	0	-0.5	-0.5	-0.5	-0.5	0	0	-0.5	-0.5	0
Mansc1	0	0	0	0	0	0	0	0	0	0	0.5	0
Map2k3	-0.5	0	0	-0.5	-0.5	0	-0.5	0	0	-0.5	-0.5	0
Map2k4	-0.5	0	0	-0.5	-0.5	-0.5	-0.5	0	0	-0.5	-0.5	0
Map2k6	0	0	0	0	0	0	0	0	0	0	0.5	0
Map3k11	-0.5	0	0	-0.5	-0.5	0	0	0	0	0	0	0
Map3k14	-0.5	0	0	-0.5	-0.5	-0.5	-0.5	0	0	-0.5	0	0
Map3k6	0	0	0	0	-0.5	0	0	0	0	0	-0.5	0
Map4k1	0	0	0	0	0	0	0	0	0	0	0.5	0
Map4k2	0	0	0	0	1.0	0	0	0	0	0	0.5	0
Map4k4	-0.5	0	0	-0.5	-0.5	-0.5	-0.5	0	0	-0.5	-0.5	0
Mapk14	0	0	0	0	0	0	0	0	0	0	0.5	0
Mapk6	0	0	0	-0.5	-0.5	-0.5	-0.5	0	0	-0.5	-0.5	0
Mapk8	-0.5	0	0	-0.5	-0.5	0	-0.5	0	0	-0.5	-0.5	0
Mapkbp1	0	0	0	0	0	0	0	0	0	0	0.5	0
March1	0	0	0	0	-0.5	0	-0.5	0	0	-0.5	0	0
March3	-0.5	0	0	-0.5	-0.5	0	-0.5	0	0	0	-0.5	0
March8	-0.5	0	0	0	0	0	-0.5	0	0	0	0	0
Marcks	-0.5	0	0	-0.5	-0.5	-0.5	-0.5	0	0	-0.5	-0.5	0
Marveld1	0	0	0	0	0	0	0	0	0	0	0.5	0
Mast4	0	0	0	0	-0.5	0	-0.5	0	0	-0.5	0	0
Matk	0	0	0	0	0	0	0	0	0	0	0.5	0
Matn2	0	0	0	-0.5	-0.5	0	-0.5	0	0	0	0	0
Mbd5	0	0	0	0	0	0	0	0	0	0	0.5	0
Mbnl2	-0.5	0	0	-0.5	-0.5	-0.5	-0.5	0	0	-0.5	-0.5	0
Mcm7	0	0	0	0	0	0	0	0	0	0	0.5	0
Mcts2	0	0	0	0	0	0	0	0	0	0	-0.5	0
Mdc1	0	0	0	0	0	0	0	0	0	0	0.5	0
Mdh2	0	0	0	0	0	0	0	0	0	0	0.5	0
Med19	-0.5	0	0	0	-0.5	-0.5	-0.5	0	0	-0.5	0	0
Med26	-0.5	0	0	0	-0.5	-0.5	0	0	0	-0.5	-0.5	0
Med27	0	0	0	0	0	0	0	0	0	0	0.5	0
Med29	0	0	0	0	0	0	0	0	0	0	0.5	0
Med31	0	0	0	0	0	0	0	0	0	0	0.5	0
Med4	0	0	0	-0.5	-0.5	0	-0.5	0	0	0	0	0
Mef2c	0	0	0	-0.5	-0.5	0	-0.5	0	0	-0.5	0	0
Met	-0.5	0	0	-0.5	-0.5	-0.5	-0.5	0	0	-0.5	0	0
Metap1	-0.5	0	0	-0.5	-0.5	0	-0.5	0	0	-0.5	-0.5	0
Metrnl	0	0	0	0	-0.5	-0.5	-0.5	0	0	-0.5	-0.5	0
Mettl8	0	0	0	0	0	0	0	0	0	0	0.5	0
Mex3c	-0.5	0	0	-0.5	-0.5	-0.5	-0.5	0	0	0	-0.5	0
Mfap1b	0	0	0	-0.5	0	0	0	0	0	0	0	0
Mfn1	0	0	0	0	-0.5	0	0	0	0	0	0	0
Mfsd2a	0	0	0	-0.5	-0.5	0	-0.5	0	0	-0.5	-0.5	0
Mfsd6	-0.5	0	0	-0.5	-0.5	0	-0.5	0	0	-0.5	0	0
Mfsd6l	0	0	0	0	-0.5	0	0	0	0	-0.5	0	0
Mfsd7a	0	0	0	0	0	0	0	0	0	0	0.5	0
Mgat4a	0	0	0	0	0	0	0	0	0	0	0.5	0
Mgll	-0.5	0	0	-0.5	-0.5	0	-0.5	0	0	0	0	0
Mical2	-0.5	0	0	-0.5	-0.5	-0.5	-0.5	0	0	-0.5	0	0
Mical3	0	0	0	0	0	0	0	0	0	0	0.5	0
Micalcl	0	0	0	0	-0.5	0	0	0	0	0	0	0
Micall1	0	0	0	-0.5	-0.5	0	-0.5	0	0	0	-0.5	0
Micall2	0	0	0	0	0	0	0	0	0	0	0.5	0
Mier1	-0.5	0	0	-0.5	-0.5	0	-0.5	0	0	-0.5	-0.5	0
Mier3	0	0	0	-0.5	-0.5	-0.5	-0.5	0	0	0	0	0
Mir132	0	0	0	0	0	0	0	0	0	0	0.5	0
Mir23a	0	0	0	0	0	0	0	0	0	0	0.5	0
Mitf	0	0	0	0	0	0	0	0	0	0	0.5	0
Mlh3	0	0	0	0	0	0	0	0	0	0	0.5	0
Mllt6	0	0	0	-0.5	-0.5	-0.5	0	0	0	0	-0.5	0
Mmaa	-0.5	0	0	-0.5	-0.5	0	0	0	0	0	0	0
Mmgt1	-0.5	0	0	-0.5	-0.5	-0.5	0	0	0	-0.5	-0.5	0
Mmp13	0	0	0	0	0	0	-0.5	0	0	-0.5	0	0
Mmp14	0	0	0	0	-0.5	-0.5	0	0	0	0	-0.5	0
Mmp19	-0.5	0	0	0	-0.5	-0.5	-0.5	0	0	-0.5	-0.5	0
Mmp2	-0.5	0	0	-0.5	-0.5	0	-0.5	0	0	-0.5	-0.5	0
Mocos	-0.5	0	0	-0.5	-0.5	0	-0.5	0	0	-0.5	-0.5	0
Morn3	-0.5	0	0	0	-0.5	0	0	0	0	0	-0.5	0
Mpp5	-0.5	0	0	0	-0.5	-0.5	-0.5	0	0	-0.5	0	0
Mr1	0	0	0	0	-0.5	0	-0.5	0	0	-0.5	0	0
Mrc1	0	0	0	0	-0.5	0	-0.5	0	0	-0.5	0	0
Mrps22	0	0	0	0	-0.5	0	0	0	0	0	0	0
Ms4a6d	0	0	0	0	-0.5	0	0	0	0	0	0	0
Msr1	0	0	0	0	-0.5	0	-0.5	0	0	-0.5	0	0
Msrb3	-0.5	0	0	-0.5	-0.5	-0.5	-0.5	0	0	-0.5	-0.5	0
Mt1	0	0	0	0	-0.5	-0.5	-0.5	0	0	-0.5	0	0
Mt2	0	0	0	0	-0.5	-0.5	0	0	0	0	0	0
Mtf2	0	0	0	-0.5	-0.5	0	-0.5	0	0	-0.5	-0.5	0
Mtmr2	0	0	0	0	-0.5	0	0	0	0	0	0	0
Mtmr6	0	0	0	0	-0.5	-0.5	0	0	0	0	-0.5	0
Mtrf1	0	0	0	0	0	0	0	0	0	0	0.5	0
Mtrr	-0.5	0	0	-0.5	-0.5	-0.5	0	0	0	-0.5	0	0
Mtss1	-0.5	0	0	-0.5	-0.5	0	-0.5	0	0	-0.5	-0.5	0
Musk	0	0	0	0	0	0	-0.5	0	0	-0.5	0	0
Mvk	0	0	0	0	0	0	0	0	0	0	0.5	0
Mxi1	-0.5	0	0	-0.5	-0.5	0	-0.5	0	0	-0.5	0	0
Mxra8	-0.5	0	0	-0.5	-0.5	0	-0.5	0	0	-0.5	-0.5	0
Mycbp2	0	0	0	0	0	0	0	0	0	0	0.5	0
Myd88	0	0	0	0	-0.5	-0.5	-0.5	0	0	0	0	0
Myh10	0	0	0	0	0	0	0	0	0	0	0.5	0
Mylip	0	0	0	0	0	0	0	0	0	0	0.5	0
Myo10	-0.5	0	0	-0.5	-0.5	-0.5	0	0	0	0	-0.5	0
Myo1b	0	0	0	-0.5	-0.5	-0.5	-0.5	0	0	-0.5	0	0
Myo1c	-0.5	0	0	-0.5	-0.5	0	-0.5	0	0	-0.5	-0.5	0
Myo1e	0	0	0	0	-0.5	0	-0.5	0	0	0	-0.5	0
Myo9b	0	0	0	0	0	0	0	0	0	0	0.5	0
Mysm1	-0.5	0	0	-0.5	-0.5	-0.5	-0.5	0	0	-0.5	0	0
Mzt1	-0.5	0	0	-0.5	-0.5	-0.5	-0.5	0	0	0	-0.5	0
N28178	0	0	0	0	0	0	0	0	0	0	0.5	0
N4bp1	0	0	0	-0.5	-0.5	0	-0.5	0	0	-0.5	-0.5	0
Naa10	0	0	0	0	0	0	0	0	0	0	0.5	0
Naa30	0	0	0	-0.5	-0.5	0	0	0	0	0	-0.5	0
Naalad2	0	0	0	0	0	0	-0.5	0	0	-0.5	0	0
Nab2	-0.5	0	0	-0.5	-0.5	-0.5	-0.5	0	0	0	0	0
Nadsyn1	0	0	0	0	0	0	0	0	0	0	0.5	0
Naga	-0.5	0	0	-0.5	-0.5	-0.5	-0.5	0	0	0	-0.5	0
Naip5	0	0	0	0	0	0	0	0	0	0	0.5	0
Napb	0	0	0	0	-0.5	0	0	0	0	0	0	0
Narf	0	0	0	0	0	0	0	0	0	0	0.5	0
Nat9	0	0	0	0	0	0	0	0	0	0	0.5	0
Nav1	0	0	0	0	0	0	0	0	0	0	0.5	0
Nbeal2	0	0	0	0	0	0	0	0	0	0	0.5	0
Nccrp1	-0.5	0	0	-0.5	-0.5	0	0	0	0	0	-0.5	0
Ncf1	0	0	0	0	0	0	0	0	0	0	0.5	0
Nck1	-0.5	0	0	-0.5	-0.5	-0.5	0	0	0	0	-0.5	0
Nckap1	0	0	0	-0.5	-0.5	-0.5	-0.5	0	0	0	-0.5	0
Nckipsd	-0.5	0	0	-0.5	-0.5	0	-0.5	0	0	0	-0.5	0
Ncoa1	0	0	0	0	0	0	0	0	0	0	0.5	0
Ndfip2	0	0	0	0	-0.5	0	-0.5	0	0	-0.5	0	0
Ndrg1	-0.5	0	0	-0.5	-0.5	0	-0.5	0	0	0	-0.5	0
Ndrg2	-0.5	0	0	0	-0.5	0	0	0	0	0	0	0
Ndst1	0	0	0	0	0	0	0	0	0	0	0.5	0
Ndst2	0	0	0	-0.5	0	0	0	0	0	0	-0.5	0
Ndufv2	0	0	0	0	0	0	0	0	0	0	0.5	0
Neu1	0	0	0	0	0	0	0	0	0	0	0.5	0
Neurl3	0	0	0	0	0	0	0	0	0	0	0.5	0
Nfam1	0	0	0	0	0	0	0	0	0	0	0.5	0
Nfe2l3	-0.5	0	0	0	0	0	0	0	0	0	-0.5	0
Nfia	-0.5	0	0	-0.5	-0.5	-0.5	-0.5	0	0	-0.5	-0.5	0
Nfib	0	0	0	-0.5	0	0	-0.5	0	0	0	-0.5	0
Nfkbid	0	0	0	0	0	0	0	0	0	0	0.5	0
Nfkbiz	0	0	0	0	0	0	0	0	0	0	0.5	0
Nfyb	0	0	0	-0.5	-0.5	0	-0.5	0	0	0	-0.5	0
Nhsl2	-0.5	0	0	0	-0.5	0	-0.5	0	0	-0.5	-0.5	0
Nid1	0	0	0	0	0	0	-0.5	0	0	-0.5	0	0
Nkiras2	-0.5	0	0	0	-0.5	-0.5	-0.5	0	0	0	0	0
Nkrf	-0.5	0	0	-0.5	0	0	0	0	0	-0.5	0	0
Nmral1	0	0	0	0	0	0	0	0	0	0	0.5	0
Nnt	0	0	0	0	0	0	0	0	0	0	0.5	0
Nod2	-0.5	0	0	-0.5	-0.5	-0.5	-0.5	0	0	-0.5	-0.5	0
Nol10	-0.5	0	0	0	-0.5	0	0	0	0	0	0	0
Notch1	0	0	0	-0.5	-0.5	0	0	0	0	-0.5	-0.5	0
Notch3	0	0	0	-0.5	0	0	0	0	0	0	-0.5	0
Npff	-0.5	0	0	0	-0.5	-0.5	-0.5	0	0	0	-0.5	0
Nqo2	0	0	0	0	0	0	0	0	0	0	0.5	0
Nr1d1	-0.5	0	-1.0	-0.5	-0.5	-0.5	-0.5	0	0	-0.5	-0.5	0
Nr2f2	0	0	0	0	-0.5	-0.5	0	0	0	0	0	0
Nr4a1	0	0	0	0	1.0	0	0	0	0	0	0.5	0
Nr6a1	-0.5	0	0	-0.5	-0.5	0	0	0	0	0	0	0
Nrarp	-0.5	0	0	-0.5	-0.5	0	0	0	0	0	-0.5	0
Nrbp2	0	0	0	-0.5	-0.5	0	0	0	0	0	-0.5	0
Nrp2	0	0	0	-0.5	-0.5	0	-0.5	0	0	-0.5	0	0
Nsf	-0.5	0	0	-0.5	-0.5	0	0	0	0	0	0	0
Nt5dc2	0	0	0	0	0	0	0	0	0	0	0.5	0
Nt5dc3	-0.5	0	0	-0.5	-0.5	-0.5	-0.5	0	0	-0.5	-0.5	0
Ntan1	-0.5	0	0	0	-0.5	0	0	0	0	0	-0.5	0
Ntpcr	0	0	0	0	0	0	0	0	0	0	0.5	0
Nudt16	0	0	0	0	0	0	0	0	0	0	0.5	0
Nudt22	0	0	0	0	0	0	0	0	0	0	0.5	0
Nudt8	0	0	0	0	0	0	0	0	0	0	0.5	0
Nufip2	-0.5	0	0	-0.5	-0.5	-0.5	0	0	0	0	-0.5	0
Numbl	-0.5	0	0	-0.5	-0.5	-0.5	-0.5	0	0	0	-0.5	0
Nup210l	0	0	0	0	-0.5	0	0	0	0	0	0	0
Oaf	-0.5	0	0	0	0	0	-0.5	0	0	-0.5	0	0
Oas1b	0	0	0	0	0	0	0	0	0	0	0.5	0
Oas2	0	0	0	0	0	0	0	0	0	0	0.5	0
Oaz2	0	0	0	0	0	0	0	0	0	0	0.5	0
Ocln	0	0	0	-0.5	-0.5	-0.5	0	0	0	-0.5	0	0
Ocrl	0	0	0	-0.5	-0.5	-0.5	-0.5	0	0	-0.5	0	0
Ogfrl1	0	0	0	0	0	0	0	0	0	0	0.5	0
Olfm1	-0.5	0	0	0	-0.5	0	-0.5	0	0	0	0	0
Oma1	0	0	0	0	0	0	0	0	0	0	0.5	0
Opa3	0	0	0	0	0	0	0	0	0	0	0.5	0
Optn	0	0	0	0	0	0	0	0	0	0	0.5	0
Orai1	-0.5	0	0	-0.5	-0.5	0	0	0	0	0	-0.5	0
Osbpl8	-0.5	0	0	-0.5	-0.5	-0.5	-0.5	0	0	-0.5	-0.5	0
Osgep	0	0	0	0	0	0	0	0	0	0	0.5	0
Otud4	-0.5	0	0	-0.5	-0.5	0	-0.5	0	0	0	-0.5	0
Otud7b	0	0	0	-0.5	-0.5	0	-0.5	0	0	-0.5	0	0
Ovca2	0	0	0	0	0	0	0	0	0	0	0.5	0
Oxct1	-0.5	0	0	-0.5	-0.5	0	0	0	0	0	0	0
P2rx4	0	0	0	0	-0.5	0	0	0	0	-0.5	-0.5	0
P2rx7	0	0	0	0	0	0	0	0	0	0	0.5	0
P2ry1	0	0	0	-0.5	-0.5	-0.5	0	0	0	0	0	0
P2ry14	0	0	0	0	0	0	-0.5	0	0	-0.5	-0.5	0
P2ry2	-0.5	0	0	-0.5	-0.5	0	0	0	0	0	-0.5	0
P2ry6	0	0	0	0	-0.5	0	-0.5	0	0	0	0	0
Pacs1	0	0	0	0	0	0	0	0	0	0	0.5	0
Padi2	-0.5	0	0	-0.5	-0.5	-0.5	-0.5	0	0	-0.5	-0.5	0
Pafah1b2	-0.5	0	0	0	-0.5	0	-0.5	0	0	-0.5	0	0
Pag1	0	0	0	-0.5	-0.5	-0.5	-0.5	0	0	-0.5	0	0
Pak1	0	0	0	0	0	0	0	0	0	0	0.5	0
Pak4	0	0	0	-0.5	-0.5	0	0	0	0	0	-0.5	0
Palb2	-0.5	0	0	-0.5	-0.5	0	0	0	0	0	0	0
Pam	0	0	0	-0.5	-0.5	0	-0.5	0	0	-0.5	0	0
Pamr1	0	0	0	0	-0.5	0	0	0	0	0	0	0
Pank3	-0.5	0	0	0	-0.5	-0.5	0	0	0	0	-0.5	0
Paox	0	0	0	0	0	0	0	0	0	0	0.5	0
Papln	0	0	0	0	0	0	0	0	0	-0.5	0	0
Papolg	0	0	0	-0.5	-0.5	0	0	0	0	0	0	0
Paqr3	0	0	0	0	0	0	0	0	0	0	0.5	0
Paqr7	0	0	0	0	0	0	0	0	0	0	0.5	0
Pard6a	0	0	0	0	0	0	0	0	0	0	0.5	0
Parm1	0	0	0	-0.5	0	0	0	0	0	-0.5	0	0
Parn	0	0	0	0	0	0	0	0	0	0	0.5	0
Parp10	0	0	0	0	0	0	0	0	0	0	0.5	0
Parp12	0	0	0	0	0	0	0	0	0	0	0.5	0
Parp2	0	0	0	0	0	0	0	0	0	0	0.5	0
Parp3	0	0	0	0	0	0	0	0	0	0	0.5	0
Parvb	0	0	0	0	-0.5	0	0	0	0	0	0	0
Pbx2	0	0	0	0	0	0	0	0	0	0	0.5	0
Pcdh12	-0.5	0	0	-0.5	0	0	0	0	0	-0.5	0	0
Pcdh17	-0.5	0	0	-0.5	-0.5	-0.5	-0.5	0	0	-0.5	-0.5	0
Pcdh7	0	0	0	0	0	-0.5	-0.5	0	0	-0.5	0	0
Pcdhgc3	0	0	0	-0.5	-0.5	0	0	0	0	0	0	0
Pcgf3	-0.5	0	0	-0.5	-0.5	0	-0.5	0	0	0	0	0
Pcgf5	-0.5	0	0	-0.5	-0.5	-0.5	-0.5	0	0	-0.5	-0.5	0
Pdcd10	0	0	0	-0.5	-0.5	0	-0.5	0	0	-0.5	-0.5	0
Pdcd4	0	0	0	0	0	0	0	0	0	0	0.5	0
Pde10a	0	0	0	0	0	0	-0.5	0	0	0	0	0
Pde1a	0	0	0	0	-0.5	0	0	0	0	-0.5	-0.5	0
Pde2a	0	1.0	0	0	0	0	0	0	1.0	0	0.5	1.0
Pde3b	-0.5	0	0	-0.5	-0.5	0	0	0	0	-0.5	0	0
Pde4d	-0.5	0	0	-0.5	-0.5	-0.5	-0.5	0	0	-0.5	0	0
Pde8a	-0.5	0	0	-0.5	0	0	0	0	0	-0.5	-0.5	0
Pde9a	0	0	0	0	-0.5	0	0	0	0	0	-0.5	0
Pdgfb	0	0	0	0	-0.5	-0.5	-0.5	0	0	0	0	0
Pdgfra	0	0	0	0	0	0	-0.5	0	0	-0.5	0	0
Pdgfrb	0	0	0	0	-0.5	-0.5	-0.5	0	0	-0.5	0	0
Pdik1l	-0.5	0	0	-0.5	-0.5	-0.5	-0.5	0	0	0	-0.5	0
Pdlim1	0	0	0	0	0	0	0	0	0	-0.5	-0.5	0
Pdlim2	0	1.0	0	0	1.0	0	0	1.0	1.0	0	0	1.0
Pdlim3	0	0	0	0	-0.5	0	-0.5	0	0	0	0	0
Pdlim5	-0.5	0	0	-0.5	-0.5	0	-0.5	0	0	-0.5	-0.5	0
Pdp1	-0.5	0	0	-0.5	-0.5	-0.5	-0.5	0	0	0	-0.5	0
Pdpn	-0.5	0	0	0	-0.5	0	-0.5	0	0	-0.5	0	0
Pdxk	0	0	0	0	0	0	0	0	0	0	0.5	0
Pdzrn3	0	0	0	0	0	-0.5	0	0	0	0	0	0
Peg10	-0.5	0	0	0	-0.5	0	0	0	0	0	0	0
Per1	0	0	0	0	1.0	0	0	0	0	0	0.5	0
Perp	0	0	0	0	-0.5	0	0	0	0	0	0	0
Pex10	0	0	0	0	0	0	0	0	0	0	0.5	0
Pfn2	-0.5	0	0	-0.5	-0.5	-0.5	-0.5	0	0	0	0	0
Pgap2	0	0	0	0	0	0	0	0	0	0	0.5	0
Pgm5	0	0	0	0	0	0	-0.5	0	0	-0.5	0	0
Pgrmc1	0	0	0	0	-0.5	0	0	0	0	0	-0.5	0
Pgs1	0	0	0	-0.5	-0.5	0	-0.5	0	0	-0.5	-0.5	0
Phactr1	-0.5	0	0	0	0	0	0	0	0	0	0	0
Phactr4	0	0	0	0	-0.5	-0.5	-0.5	0	0	0	-0.5	0
Phf13	-0.5	0	0	-0.5	-0.5	-0.5	-0.5	0	0	0	-0.5	0
Phlda1	-0.5	0	0	-0.5	-0.5	-0.5	-0.5	0	0	-0.5	-0.5	0
Phldb1	-0.5	0	0	-0.5	-0.5	0	-0.5	0	0	-0.5	-0.5	0
Phlpp1	-0.5	0	0	-0.5	-0.5	0	-0.5	0	0	-0.5	-0.5	0
Pias4	-0.5	0	0	-0.5	-0.5	-0.5	-0.5	0	0	0	0	0
Picalm	-0.5	0	0	-0.5	-0.5	0	-0.5	0	0	-0.5	-0.5	0
Pick1	0	0	0	0	0	0	0	0	0	0	0.5	0
Pid1	0	0	0	-0.5	-0.5	0	-0.5	0	0	0	0	0
Pif1	0	0	0	0	0	0	0	0	0	0	0.5	0
Pik3ap1	0	1.0	0	0	0	0	0	0	1.0	0	0.5	0
Pik3c2a	-0.5	0	0	0	-0.5	-0.5	-0.5	0	0	0	-0.5	0
Pik3cd	0	0	0	0	0	0	0	0	0	0	0.5	0
Pik3cg	0	0	0	0	-0.5	0	-0.5	0	0	-0.5	-0.5	0
Pik3r3	0	0	0	-0.5	-0.5	-0.5	-0.5	0	0	-0.5	0	0
Pik3r5	-0.5	0	0	0	-0.5	-0.5	-0.5	0	0	-0.5	-0.5	0
Pik3r6	0	0	0	0	-0.5	0	0	0	0	-0.5	0	0
Pilra	0	1.0	0	0	0	0	0	0	1.0	0	0	0
Pim3	0	0	0	0	0	0	0	0	0	0	0.5	0
Pip4k2a	0	0	0	0	0	0	0	0	0	0	0.5	0
Pip5k1a	-0.5	0	0	0	-0.5	-0.5	-0.5	0	0	0	-0.5	0
Pir	-0.5	0	0	0	-0.5	0	-0.5	0	0	-0.5	-0.5	0
Pira6	0	0	0	0	0	0	0	0	0	0	-0.5	0
Pkd1l2	0	0	0	0	1.0	0	0	0	1.0	0	0.5	1.0
Pkd1l3	0	0	0	0	-0.5	0	0	0	0	0	0	0
Pkd2	-0.5	0	0	-0.5	-0.5	0	0	0	0	-0.5	0	0
Pkn2	-0.5	0	0	-0.5	-0.5	0	-0.5	0	0	-0.5	-0.5	0
Pkp4	-0.5	0	0	-0.5	-0.5	0	-0.5	0	0	-0.5	0	0
Pla2r1	-0.5	0	0	0	0	-0.5	0	0	0	0	0	0
Plac8	0	0	0	0	0	0	0	0	0	0	0.5	0
Plag1	-0.5	0	0	-0.5	-0.5	0	-0.5	0	0	0	0	0
Plau	0	0	0	0	0	0	0	0	0	0	0.5	0
Plcb3	0	0	0	0	0	0	0	0	0	0	0.5	0
Plcg2	0	0	0	0	0	0	0	0	0	0	0.5	0
Plcxd2	0	0	0	0	0	0	0	0	0	0	0.5	0
Plec	-0.5	0	0	-0.5	-0.5	-0.5	-0.5	0	0	-0.5	-0.5	0
Plekhg1	0	0	0	0	0	0	0	0	0	0	0.5	0
Plekhg2	-0.5	0	0	-0.5	-0.5	-0.5	-0.5	0	0	-0.5	-0.5	0
Plekhg3	0	0	0	-0.5	-0.5	-0.5	0	0	0	0	0	0
Plekhh2	-0.5	0	0	0	-0.5	0	0	0	0	0	0	0
Plin2	0	0	0	0	0	0	0	0	0	0	0.5	0
Plk2	0	0	0	0	0	0	0	0	0	0	0.5	0
Plk3	0	0	0	0	0	0	0	0	0	0	0.5	0
Plp2	-0.5	0	0	-0.5	-0.5	0	-0.5	0	0	-0.5	-0.5	0
Plxdc1	0	0	0	0	0	0	0	0	0	0	0.5	0
Plxna1	0	0	0	-0.5	-0.5	0	0	0	0	0	0	0
Plxna2	0	0	0	0	0	-0.5	-0.5	0	0	-0.5	0	0
Plxnb2	0	0	0	0	0	0	0	0	0	0	0.5	0
Pmaip1	0	0	0	0	0	0	0	0	0	0	0.5	0
Pmepa1	-0.5	0	0	-0.5	-0.5	0	-0.5	0	0	-0.5	0	0
Pole2	0	0	0	0	1.0	0	0	0	0	0	0.5	0
Polr2g	0	0	0	0	0	0	0	0	0	0	0.5	0
Polr3f	0	0	0	0	-0.5	0	-0.5	0	0	0	-0.5	0
Pomt2	-0.5	0	0	-0.5	-0.5	-0.5	-0.5	0	0	0	-0.5	0
Postn	0	0	0	0	-0.5	0	-0.5	0	0	-0.5	0	0
Ppap2b	0	0	0	0	-0.5	0	0	0	0	0	0	0
Pparg	0	0	0	-0.5	0	-0.5	-0.5	0	0	-0.5	0	0
Ppargc1a	-0.5	0	0	0	0	0	0	0	0	0	0	0
Ppargc1b	0	0	0	0	0	0	0	0	0	0	0.5	0
Ppfibp2	-0.5	0	0	0	-0.5	0	-0.5	0	0	-0.5	-0.5	0
Ppif	0	0	0	0	0	0	0	0	0	0	0.5	0
Ppifos	-0.5	0	0	-0.5	-0.5	0	0	0	0	0	-0.5	0
Ppm1h	0	0	0	0	0	0	0	0	0	0	0.5	0
Ppm1k	0	0	0	0	0	0	0	0	0	0	0.5	0
Ppme1	-0.5	0	0	0	-0.5	0	0	0	0	0	-0.5	0
Ppp1r13b	-0.5	0	0	-0.5	-0.5	-0.5	-0.5	0	0	0	-0.5	0
Ppp1r2	0	0	0	-0.5	0	0	-0.5	0	0	0	-0.5	0
Ppp4r1	-0.5	0	0	-0.5	-0.5	0	-0.5	0	0	0	-0.5	0
Ppp4r2	-0.5	0	0	-0.5	-0.5	-0.5	0	0	0	0	-0.5	0
Pqlc3	-0.5	0	0	0	0	0	0	0	0	0	-0.5	0
Pram1	0	0	0	0	0	0	0	0	0	0	0.5	0
Prdm1	-0.5	0	0	-0.5	0	0	-0.5	0	0	-0.5	-0.5	0
Prdm4	-0.5	0	0	-0.5	-0.5	-0.5	-0.5	0	0	0	0	0
Prdx6	0	0	0	0	0	0	0	0	0	0	0.5	0
Preb	0	1.0	0	0	0	0	0	0	0	0	0.5	0
Prelp	0	0	0	0	0	-0.5	0	0	0	0	0	0
Prex1	0	0	0	0	0	0	0	0	0	0	0.5	0
Prex2	0	0	0	0	-0.5	0	0	0	0	0	0	0
Prickle1	0	0	0	-0.5	-0.5	-0.5	0	0	0	0	0	0
Prkaa1	-0.5	0	0	-0.5	-0.5	-0.5	-0.5	0	0	0	-0.5	0
Prkab2	-0.5	0	0	0	-0.5	-0.5	0	0	0	0	-0.5	0
Prkcb	0	0	0	0	0	0	0	0	0	0	0.5	0
Prkcdbp	0	0	0	0	0	0	-0.5	0	0	-0.5	0	0
Prkd2	0	0	0	0	0	0	0	0	0	0	0.5	0
Prkx	0	0	0	0	-0.5	0	-0.5	0	0	-0.5	0	0
Prmt2	0	0	0	0	0	0	0	0	0	0	-0.5	0
Prnp	0	0	0	0	-0.5	0	-0.5	0	0	-0.5	-0.5	0
Prorsd1	0	0	0	-0.5	-0.5	0	-0.5	0	0	0	-0.5	0
Pros1	-0.5	0	0	0	0	0	0	0	0	-0.5	0	0
Prox2	0	0	0	0	-0.5	0	-0.5	0	0	-0.5	0	0
Prpf3	-0.5	0	0	0	-0.5	0	0	0	0	0	0	0
Prpf39	-0.5	0	0	-0.5	-0.5	0	-0.5	0	0	-0.5	-0.5	0
Prr5l	-0.5	0	0	-0.5	-0.5	-0.5	-0.5	0	0	-0.5	-0.5	0
Prss30	0	0	0	0	0	0	0	0	0	0	0.5	0
Prss53	-0.5	0	0	-0.5	-0.5	-0.5	0	0	0	0	-0.5	0
Psd	-0.5	0	0	-0.5	-0.5	-0.5	-0.5	0	0	-0.5	-0.5	0
Psmb9	0	0	0	0	1.0	0	0	1.0	1.0	0	0.5	0
Psmg4	0	0	0	0	0	0	0	0	0	0	0.5	0
Psph	0	0	0	0	0	0	0	0	0	0	0.5	0
Ptger2	-0.5	0	0	0	-0.5	0	-0.5	0	0	-0.5	0	0
Ptger4	0	0	0	0	0	0	0	0	0	0	0.5	0
Ptplad1	-0.5	0	0	-0.5	-0.5	0	0	0	0	0	-0.5	0
Ptpn13	0	0	0	-0.5	0	0	0	0	0	0	0	0
Ptpn2	-0.5	0	0	-0.5	-0.5	-0.5	-0.5	0	0	-0.5	-0.5	0
Ptpn6	0	0	0	0	0	0	0	0	0	0	0.5	0
Ptpra	0	0	0	0	0	0	0	0	0	0	0.5	0
Ptprm	-0.5	0	0	-0.5	0	0	0	0	0	0	0	0
Ptpro	-0.5	0	0	0	-0.5	-0.5	-0.5	0	0	-0.5	-0.5	0
Pum2	0	0	0	-0.5	-0.5	-0.5	0	0	0	0	0	0
Purb	-0.5	0	0	-0.5	-0.5	-0.5	-0.5	0	0	-0.5	-0.5	0
Pus1	0	0	0	0	0	0	0	0	0	0	0.5	0
Pus10	0	0	0	0	0	0	0	0	0	0	0.5	0
Pvt1	0	0	0	0	1.0	0	0	0	0	0	0.5	0
Pwwp2b	-0.5	0	0	-0.5	-0.5	-0.5	-0.5	0	0	0	0	0
Pxk	0	0	0	0	0	0	0	0	0	0	0.5	0
Qdpr	0	0	0	0	0	0	0	0	0	0	0.5	0
Qser1	-0.5	0	0	-0.5	-0.5	-0.5	-0.5	0	0	0	-0.5	0
R74862	-0.5	0	0	-0.5	-0.5	-0.5	-0.5	0	0	0	0	0
Rab12	-0.5	0	0	0	-0.5	0	0	0	0	0	0	0
Rab14	-0.5	0	-1.0	-0.5	-0.5	0	-0.5	0	0	-0.5	-0.5	0
Rab18	0	0	0	0	-0.5	0	0	0	0	0	0	0
Rab20	0	0	0	0	0	0	0	0	0	0	0.5	0
Rab22a	-0.5	0	0	-0.5	-0.5	-0.5	-0.5	0	0	0	-0.5	0
Rab24	0	0	0	0	0	0	0	0	0	0	0.5	0
Rab27a	0	0	0	0	-0.5	-0.5	-0.5	0	0	-0.5	0	0
Rab35	-0.5	0	0	-0.5	-0.5	0	-0.5	0	0	0	-0.5	0
Rab3gap2	-0.5	0	0	0	-0.5	-0.5	-0.5	0	0	-0.5	0	0
Rab8b	0	0	0	-0.5	-0.5	-0.5	-0.5	0	0	-0.5	-0.5	0
Rabgap1l	-0.5	0	0	-0.5	-0.5	-0.5	-0.5	0	0	-0.5	-0.5	0
Rabgef1	0	0	0	0	0	0	0	0	0	0	0.5	0
Rabif	0	0	0	0	-0.5	-0.5	0	0	0	0	-0.5	0
Rac2	0	0	0	0	0	0	0	0	0	0	0.5	0
Rad52	-0.5	0	0	0	-0.5	0	-0.5	0	0	0	0	0
Rad9b	0	0	0	0	0	0	0	0	0	0	0.5	0
Rai14	-0.5	0	0	-0.5	-0.5	0	-0.5	0	0	0	0	0
Rala	-0.5	0	0	-0.5	-0.5	0	-0.5	0	0	-0.5	-0.5	0
Ramp3	-0.5	0	0	0	-0.5	-0.5	0	0	0	0	-0.5	0
Ranbp10	-0.5	0	0	-0.5	-0.5	0	-0.5	0	0	0	-0.5	0
Rap1gap2	0	0	0	0	0	0	0	1.0	0	0	0.5	0
Rap2b	0	0	0	0	-0.5	-0.5	0	0	0	0	-0.5	0
Rapgef1	0	0	0	0	1.0	0	0	1.0	0	0	0.5	1.0
Rapgef2	0	0	0	0	-0.5	0	-0.5	0	0	-0.5	-0.5	0
Rara	-0.5	0	0	-0.5	-0.5	-0.5	-0.5	0	0	-0.5	-0.5	0
Rasa1	-0.5	0	0	-0.5	-0.5	-0.5	0	0	0	0	-0.5	0
Rasa2	-0.5	0	0	-0.5	-0.5	-0.5	-0.5	0	0	-0.5	-0.5	0
Rasa4	0	0	0	0	0	0	0	0	0	0	0.5	0
Rasal3	0	0	0	0	0	0	0	0	0	0	0.5	0
Rasd2	0	0	0	0	0	0	0	0	0	0	0.5	0
Rasgef1b	0	0	0	0	0	0	0	0	0	0	0.5	0
Rassf5	0	0	0	0	0	0	0	0	0	0	0.5	0
Rb1cc1	0	0	0	-0.5	-0.5	0	-0.5	0	0	-0.5	-0.5	0
Rbm12	0	0	0	-0.5	-0.5	0	0	0	0	0	-0.5	0
Rbm18	-0.5	0	0	-0.5	-0.5	-0.5	-0.5	0	0	-0.5	-0.5	0
Rbm27	0	0	0	-0.5	0	0	-0.5	0	0	-0.5	0	0
Rbm38	0	0	0	0	0	0	0	0	0	0	0.5	0
Rbm4b	-0.5	0	0	-0.5	-0.5	-0.5	-0.5	0	0	-0.5	0	0
Rbm5	0	0	0	0	-0.5	0	0	0	0	0	0	0
Rc3h1	0	0	0	-0.5	-0.5	0	0	0	0	0	-0.5	0
Rc3h2	-0.5	0	0	0	-0.5	-0.5	0	0	0	0	0	0
Rcan1	-0.5	0	0	-0.5	-0.5	0	-0.5	0	0	-0.5	0	0
Rcor3	-0.5	0	0	-0.5	-0.5	-0.5	0	0	0	0	-0.5	0
Rcsd1	0	0	0	0	0	0	0	0	0	0	0.5	0
Reck	-0.5	0	0	-0.5	-0.5	0	-0.5	0	0	0	-0.5	0
Reep3	-0.5	0	0	-0.5	-0.5	-0.5	-0.5	0	0	-0.5	-0.5	0
Reep6	0	0	0	0	0	0	0	0	0	0	0.5	0
Rell1	-0.5	0	0	-0.5	-0.5	0	-0.5	0	0	-0.5	-0.5	0
Reps1	0	0	0	0	0	0	0	0	0	0	0.5	0
Rfc2	0	0	0	0	0	0	0	0	0	0	0.5	0
Rftn1	-0.5	0	0	-0.5	-0.5	-0.5	-0.5	0	0	-0.5	-0.5	0
Rfx5	0	0	0	0	0	0	0	0	0	0	0.5	0
Rgag4	-0.5	0	0	0	0	0	0	0	0	-0.5	-0.5	0
Rgl1	0	1.0	0	0	0	0	0	0	1.0	0	0.5	0
Rgp1	0	0	0	0	0	0	0	0	0	0	0.5	0
Rgs12	0	0	0	0	0	0	0	0	0	0	0.5	0
Rgs16	-0.5	0	0	0	-0.5	-0.5	-0.5	0	0	-0.5	-0.5	0
Rgs17	-0.5	0	0	-0.5	-0.5	-0.5	-0.5	0	0	0	-0.5	0
Rgs19	0	0	0	0	0	0	0	0	0	0	0.5	0
Rgs9	0	0	0	0	-0.5	-0.5	-0.5	0	0	-0.5	-0.5	0
Rgs9bp	0	0	0	0	0	0	0	0	0	0	0.5	0
Rhbdf2	-0.5	0	0	-0.5	-0.5	-0.5	0	0	0	0	-0.5	0
Rhoc	-0.5	0	0	0	-0.5	-0.5	0	0	0	0	-0.5	0
Rhof	0	0	0	0	-0.5	-0.5	-0.5	0	0	-0.5	-0.5	0
Rhoj	-0.5	0	0	-0.5	0	0	-0.5	0	0	-0.5	0	0
Rhoq	-0.5	0	0	-0.5	-0.5	0	-0.5	0	0	-0.5	-0.5	0
Rhov	0	0	0	-0.5	-0.5	0	-0.5	0	0	0	-0.5	0
Ric8	-0.5	0	0	-0.5	-0.5	0	0	0	0	-0.5	-0.5	0
Ric8b	-0.5	0	0	-0.5	-0.5	0	0	0	0	-0.5	0	0
Rin1	0	0	0	0	0	0	0	0	0	0	0.5	0
Rinl	0	0	0	0	0	0	0	0	0	0	0.5	0
Riok3	-0.5	0	0	-0.5	-0.5	0	-0.5	0	0	-0.5	0	0
Ripk1	0	0	0	0	-0.5	0	-0.5	0	0	0	-0.5	0
Rit1	-0.5	0	0	0	-0.5	-0.5	-0.5	0	0	-0.5	-0.5	0
Rnase4	0	0	0	0	-0.5	-0.5	0	0	0	0	0	0
Rnasel	-0.5	0	0	0	-0.5	-0.5	-0.5	0	0	-0.5	-0.5	0
Rnf113a2	0	0	0	0	0	0	0	0	0	0	0.5	0
Rnf157	-0.5	0	0	-0.5	-0.5	-0.5	-0.5	0	0	-0.5	-0.5	0
Rnf169	-0.5	0	0	-0.5	-0.5	-0.5	-0.5	0	0	-0.5	-0.5	0
Rnf19b	0	0	0	0	1.0	0	0	0	0	0	0.5	0
Rnf217	0	0	0	0	-0.5	-0.5	-0.5	0	0	-0.5	0	0
Rnf219	-0.5	0	0	0	-0.5	0	0	0	0	0	0	0
Rnf24	-0.5	0	0	-0.5	-0.5	-0.5	0	0	0	0	0	0
Rnf34	0	0	0	0	0	0	0	0	0	0	0.5	0
Rnh1	-0.5	0	0	0	-0.5	-0.5	-0.5	0	0	-0.5	-0.5	0
Rnpep	0	0	0	0	0	0	0	0	0	0	0.5	0
Robo4	0	0	0	0	-0.5	-0.5	0	0	0	0	-0.5	0
Ropn1l	0	0	0	0	-0.5	-0.5	0	0	0	0	0	0
Rpa1	0	0	0	0	0	0	0	0	0	0	0.5	0
Rpia	0	0	0	0	0	0	0	0	0	0	0.5	0
Rprd2	0	0	0	-0.5	-0.5	0	-0.5	0	0	-0.5	-0.5	0
Rps27l	-0.5	0	0	-0.5	-0.5	0	0	0	0	-0.5	0	0
Rps6ka1	0	0	0	0	0	0	0	0	0	0	0.5	0
Rps6ka5	0	0	0	0	0	0	0	0	0	0	0.5	0
Rras2	0	0	0	0	0	0	0	0	0	0	0.5	0
Rrbp1	0	0	0	0	0	0	0	0	0	0	0.5	0
Rreb1	0	0	0	0	0	0	0	0	0	0	0.5	0
Rrs1	0	0	0	0	-0.5	0	0	0	0	0	0	0
Rsad2	0	0	0	0	0	0	0	0	0	0	0.5	0
Rsbn1l	-0.5	0	0	-0.5	-0.5	0	-0.5	0	0	-0.5	0	0
Rsl1	0	0	0	0	-0.5	0	0	0	0	0	0	0
Rtn4	-0.5	0	0	-0.5	-0.5	0	-0.5	0	0	-0.5	-0.5	0
Rusc2	0	0	0	0	-0.5	-0.5	0	0	0	0	-0.5	0
Rwdd1	0	0	0	-0.5	-0.5	0	-0.5	0	0	-0.5	-0.5	0
Rxrb	0	0	0	0	0	0	0	0	0	0	0.5	0
Rybp	-0.5	0	0	-0.5	-0.5	-0.5	-0.5	0	0	0	-0.5	0
Ryr1	0	0	0	0	0	0	0	0	0	0	0.5	0
S100a1	0	0	0	-0.5	-0.5	-0.5	0	0	0	0	-0.5	0
S100a10	0	0	0	0	-0.5	-0.5	-0.5	0	0	-0.5	-0.5	0
S100a4	0	0	0	0	-0.5	0	-0.5	0	0	0	0	0
S1pr3	-0.5	0	0	0	-0.5	0	0	0	0	0	0	0
Sacm1l	-0.5	0	0	0	-0.5	0	0	0	0	0	-0.5	0
Samd1	0	0	0	0	0	0	0	0	0	0	0.5	0
Samd4	-0.5	0	0	0	0	0	-0.5	0	0	-0.5	0	0
Sarnp	0	0	0	-0.5	-0.5	0	0	0	0	0	0	0
Sash1	0	0	0	0	0	0	0	0	0	0	0.5	0
Sbk1	-0.5	0	0	-0.5	-0.5	0	-0.5	0	0	0	0	0
Sbno2	-0.5	0	0	-0.5	-0.5	0	-0.5	0	0	-0.5	-0.5	0
Scd1	0	0	0	0	0	0	-0.5	0	0	-0.5	-0.5	0
Scin	-0.5	0	0	0	-0.5	0	-0.5	0	0	-0.5	0	0
Scn2b	0	0	0	0	0	0	0	0	1.0	0	0	0
Scoc	0	0	0	-0.5	-0.5	0	-0.5	0	0	0	-0.5	0
Scube2	0	0	0	0	-0.5	0	0	0	0	0	0	0
Sdc4	-0.5	0	0	-0.5	-0.5	0	0	0	0	-0.5	-0.5	0
Sdcbp2	-0.5	0	0	-0.5	0	0	0	0	0	-0.5	-0.5	0
Sdccag8	0	0	0	0	0	0	0	0	0	0	0.5	0
Sec23a	-0.5	0	0	-0.5	-0.5	0	-0.5	0	0	0	-0.5	0
Sec24a	-0.5	0	0	-0.5	-0.5	-0.5	0	0	0	0	0	0
Sele	0	0	0	-0.5	0	0	-0.5	0	0	-0.5	0	0
Selenbp1	0	0	0	0	0	0	0	0	0	0	0.5	0
Selp	0	0	0	0	0	0	-0.5	0	0	0	0	0
Sema4a	0	0	0	0	-0.5	-0.5	-0.5	0	0	-0.5	-0.5	0
Sema4d	0	0	0	0	0	0	0	0	0	0	0.5	0
Sema4f	0	0	0	0	-0.5	-0.5	-0.5	0	0	-0.5	0	0
Sema6b	-0.5	0	0	-0.5	-0.5	0	-0.5	0	0	-0.5	-0.5	0
Sema6d	-0.5	0	0	0	-0.5	-0.5	-0.5	0	0	-0.5	-0.5	0
Senp8	-0.5	0	0	-0.5	-0.5	0	-0.5	0	0	0	-0.5	0
Sepsecs	0	0	0	0	0	0	0	0	0	0	0.5	0
Sept9	0	0	0	0	0	0	0	0	0	0	0.5	0
Serpina3n	0	0	0	0	0	0	-0.5	0	0	-0.5	-0.5	0
Serpinb1b	0	0	0	0	0	0	0	0	0	0	0.5	0
Serpinb9	-0.5	0	0	0	-0.5	0	-0.5	0	0	-0.5	0	0
Serpinf1	0	0	0	0	-0.5	0	0	0	0	0	0	0
Sertad2	-0.5	0	0	-0.5	-0.5	-0.5	-0.5	0	0	-0.5	-0.5	0
Sestd1	-0.5	0	0	-0.5	-0.5	-0.5	-0.5	0	0	-0.5	-0.5	0
Setd4	0	0	0	0	0	0	0	0	0	0	0.5	0
Sfmbt1	-0.5	0	0	-0.5	-0.5	0	-0.5	0	0	0	-0.5	0
Sgcd	0	0	0	0	-0.5	0	0	0	0	0	0	0
Sgms2	0	0	0	0	0	0	0	0	0	-0.5	0	0
Sgol1	-0.5	0	0	-0.5	-0.5	0	0	0	0	0	0	0
Sgtb	-0.5	0	0	0	-0.5	-0.5	0	0	0	0	-0.5	0
Sh2b2	0	0	0	0	0	0	0	0	0	0	0.5	0
Sh2d3c	0	0	0	0	0	0	0	0	0	0	0.5	0
Sh3bgrl	0	0	0	0	-0.5	0	0	0	0	0	0	0
Sh3bp2	0	0	0	-0.5	-0.5	-0.5	-0.5	0	0	-0.5	-0.5	0
Sh3bp5	0	0	0	0	-0.5	0	0	0	0	-0.5	-0.5	0
Sh3bp5l	-0.5	0	0	-0.5	-0.5	0	-0.5	0	0	0	-0.5	0
Sh3pxd2b	-0.5	0	0	-0.5	-0.5	-0.5	-0.5	0	0	0	-0.5	0
Sh3tc1	0	0	0	0	-0.5	0	-0.5	0	0	-0.5	-0.5	0
Shank1	0	0	0	0	0	0	0	0	0	0	0.5	0
She	0	0	0	0	0	0	-0.5	0	0	-0.5	0	0
Shmt1	0	0	0	0	0	0	0	0	0	0	0.5	0
Siae	0	0	0	0	0	0	0	0	0	0	0.5	0
Sik1	0	0	0	0	0	0	0	0	0	0	0.5	0
Sik3	-0.5	0	0	-0.5	-0.5	-0.5	-0.5	0	0	-0.5	-0.5	0
Sipa1	0	0	0	0	0	0	0	0	0	0	0.5	0
Sipa1l1	-0.5	0	0	-0.5	0	0	0	0	0	-0.5	0	0
Sipa1l2	-0.5	0	0	-0.5	-0.5	-0.5	-0.5	0	0	-0.5	-0.5	0
Sirpa	0	0	0	0	0	0	0	0	0	0	0.5	0
Sirt1	-0.5	0	0	-0.5	-0.5	0	-0.5	0	0	0	-0.5	0
Sirt5	0	0	0	0	0	0	0	0	0	0	0.5	0
Skp2	-0.5	0	0	-0.5	-0.5	0	-0.5	0	0	-0.5	0	0
Slamf1	0	0	0	0	0	0	-0.5	0	0	0	0	0
Slc10a1	-0.5	0	0	-0.5	-0.5	0	0	0	0	0	-0.5	0
Slc11a2	-0.5	0	0	-0.5	-0.5	-0.5	-0.5	0	0	0	-0.5	0
Slc12a2	0	0	0	-0.5	-0.5	0	0	0	0	0	0	0
Slc12a3	0	0	0	0	0	0	0	0	0	0	0.5	0
Slc12a5	0	0	0	-0.5	0	0	0	0	0	0	0	0
Slc12a6	0	0	0	0	0	0	0	0	0	0	0.5	0
Slc12a7	0	0	0	-0.5	-0.5	-0.5	-0.5	0	0	-0.5	-0.5	0
Slc16a1	-0.5	0	0	0	-0.5	-0.5	0	0	0	0	0	0
Slc16a3	-0.5	0	0	-0.5	0	0	0	0	0	0	-0.5	0
Slc22a15	-0.5	0	0	-0.5	-0.5	-0.5	-0.5	0	0	-0.5	0	0
Slc22a18	0	0	0	0	0	0	-0.5	0	0	-0.5	-0.5	0
Slc22a21	-0.5	0	0	0	-0.5	0	0	0	0	0	-0.5	0
Slc24a1	0	0	0	0	0	0	0	0	0	0	0.5	0
Slc24a3	0	0	0	-0.5	-0.5	0	-0.5	0	0	-0.5	0	0
Slc25a11	0	0	0	0	0	0	0	0	0	0	0.5	0
Slc25a22	0	0	0	0	0	0	0	0	0	0	0.5	0
Slc25a24	0	0	0	0	0	0	-0.5	0	0	-0.5	-0.5	0
Slc25a33	0	0	0	0	1.0	0	0	0	0	0	0.5	0
Slc25a37	-0.5	0	0	-0.5	-0.5	0	-0.5	0	0	-0.5	-0.5	0
Slc25a45	0	0	0	0	0	0	0	0	0	0	0.5	0
Slc26a2	-0.5	0	0	0	-0.5	0	-0.5	0	0	-0.5	-0.5	0
Slc27a1	0	0	0	0	0	0	0	0	0	0	0.5	0
Slc27a3	0	0	0	0	0	-0.5	0	0	0	0	0	0
Slc29a1	0	0	0	0	0	0	0	0	0	0	0.5	0
Slc30a1	-0.5	0	0	-0.5	-0.5	0	-0.5	0	0	0	-0.5	0
Slc30a7	-0.5	0	0	0	-0.5	-0.5	-0.5	0	0	-0.5	0	0
Slc31a2	-0.5	0	0	-0.5	-0.5	-0.5	0	0	0	-0.5	0	0
Slc32a1	-0.5	0	0	-0.5	-0.5	-0.5	0	0	0	0	-0.5	0
Slc33a1	0	0	0	-0.5	-0.5	0	-0.5	0	0	0	0	0
Slc35d1	-0.5	0	0	-0.5	-0.5	-0.5	0	0	0	0	0	0
Slc35f5	-0.5	0	0	-0.5	-0.5	0	-0.5	0	0	0	-0.5	0
Slc36a3	0	0	0	0	0	0	0	0	0	0	0.5	0
Slc37a3	-0.5	0	0	0	-0.5	-0.5	-0.5	0	0	-0.5	0	0
Slc39a1	0	0	0	-0.5	-0.5	-0.5	-0.5	0	0	-0.5	0	0
Slc39a14	-0.5	0	0	0	-0.5	-0.5	-0.5	0	0	-0.5	-0.5	0
Slc41a2	0	0	0	0	-0.5	0	-0.5	0	0	0	0	0
Slc44a2	0	0	0	0	0	0	0	0	0	0	0.5	0
Slc4a11	0	0	0	0	-0.5	-0.5	0	0	0	0	-0.5	0
Slc6a6	-0.5	0	0	-0.5	-0.5	-0.5	-0.5	0	0	-0.5	-0.5	0
Slc9a6	0	0	0	-0.5	-0.5	-0.5	0	0	0	0	-0.5	0
Slfn10-ps	0	0	0	0	-0.5	0	-0.5	0	0	-0.5	0	0
Slfn2	-0.5	0	0	0	-0.5	-0.5	-0.5	0	0	-0.5	0	0
Slfnl1	0	0	0	0	0	0	-0.5	0	0	-0.5	0	0
Slit3	0	0	0	0	-0.5	0	0	0	0	0	0	0
Smad3	-0.5	0	-1.0	-0.5	-0.5	-0.5	-0.5	0	0	-0.5	0	0
Smchd1	-0.5	0	0	-0.5	-0.5	0	-0.5	0	0	0	-0.5	0
Smek1	-0.5	0	0	-0.5	-0.5	-0.5	0	0	0	0	0	0
Smek2	0	0	0	-0.5	-0.5	0	0	0	0	-0.5	0	0
Smg6	0	0	0	0	0	0	0	0	0	0	0.5	0
Smndc1	-0.5	0	0	0	-0.5	0	0	0	0	0	-0.5	0
Smox	-0.5	0	0	-0.5	-0.5	0	0	0	0	0	0	0
Smpd2	0	0	0	0	0	0	0	0	0	0	0.5	0
Smpdl3a	0	0	0	0	0	0	0	0	0	0	0.5	0
Smpdl3b	0	0	0	0	0	0	0	0	0	0	0.5	0
Smyd1	0	0	0	0	0	0	0	0	0	0	0.5	0
Snora52	0	0	0	0	0	0	0	0	0	0	0.5	0
Snord2	0	0	0	-0.5	0	0	0	0	0	0	0	0
Snord58b	-0.5	0	0	0	-0.5	-0.5	-0.5	0	0	-0.5	0	0
Snord72	0	0	0	0	-0.5	0	0	0	0	0	0	0
Snph	-0.5	0	0	0	0	0	0	0	0	-0.5	0	0
Snrnp27	0	0	0	0	0	0	0	0	0	0	0.5	0
Sntb2	-0.5	0	0	-0.5	0	0	-0.5	0	0	-0.5	-0.5	0
Snx14	-0.5	0	0	-0.5	-0.5	0	-0.5	0	0	-0.5	-0.5	0
Snx22	0	0	0	0	0	0	0	0	0	0	0.5	0
Snx24	-0.5	0	0	-0.5	-0.5	0	-0.5	0	0	-0.5	0	0
Snx8	-0.5	0	0	-0.5	-0.5	-0.5	0	0	0	-0.5	-0.5	0
Soat1	0	0	0	0	0	0	0	0	0	0	0.5	0
Socs1	-0.5	0	0	-0.5	-0.5	0	0	0	0	-0.5	-0.5	0
Socs2	-0.5	0	0	-0.5	-0.5	0	0	0	0	0	-0.5	0
Socs3	-0.5	0	0	-0.5	-0.5	-0.5	-0.5	0	0	0	-0.5	0
Socs6	-0.5	0	0	-0.5	-0.5	0	0	0	0	0	-0.5	0
Socs7	-0.5	0	0	-0.5	-0.5	-0.5	-0.5	0	0	0	-0.5	0
Sorbs3	0	0	0	0	-0.5	-0.5	0	0	0	-0.5	0	0
Sox15	0	0	0	0	0	0	0	0	0	0	0.5	0
Sox8	0	0	0	0	0	0	0	0	0	0	0.5	0
Sp140	0	0	0	0	-0.5	-0.5	-0.5	0	0	-0.5	0	0
Sp3	-0.5	0	0	-0.5	-0.5	-0.5	-0.5	0	0	0	0	0
Spag9	-0.5	0	0	-0.5	-0.5	-0.5	-0.5	0	0	-0.5	-0.5	0
Spata13	-0.5	0	0	-0.5	-0.5	0	-0.5	0	0	0	-0.5	0
Spata6	-0.5	0	0	-0.5	-0.5	0	0	0	0	-0.5	-0.5	0
Specc1	-0.5	0	0	-0.5	-0.5	-0.5	-0.5	0	0	-0.5	-0.5	0
Sphk1	-0.5	0	0	0	-0.5	0	-0.5	0	0	-0.5	-0.5	0
Spint2	0	0	0	0	0	0	0	0	0	0	0.5	0
Spire1	0	0	0	0	0	0	0	0	0	0	0.5	0
Spn	0	0	0	0	0	0	0	0	0	-0.5	0	0
Spns3	0	0	0	0	0	0	0	0	0	0	0.5	0
Spred1	-0.5	0	0	-0.5	-0.5	-0.5	-0.5	0	0	-0.5	0	0
Spry2	0	0	0	-0.5	-0.5	0	0	0	0	0	0	0
Spry4	-0.5	0	0	0	-0.5	0	-0.5	0	0	0	0	0
Spryd3	-0.5	0	0	-0.5	-0.5	-0.5	0	0	0	0	-0.5	0
Srbd1	0	0	0	0	0	0	0	0	0	0	0.5	0
Srsf2	-0.5	0	0	-0.5	-0.5	0	-0.5	0	0	0	-0.5	0
Srxn1	-0.5	0	0	-0.5	-0.5	0	-0.5	0	0	0	-0.5	0
Ss18l1	0	0	0	0	0	0	0	0	0	0	0.5	0
Ssbp2	-0.5	0	0	-0.5	-0.5	0	-0.5	0	0	-0.5	-0.5	0
Ssh1	-0.5	0	0	-0.5	-0.5	0	-0.5	0	0	0	-0.5	0
Sstr4	0	0	0	0	0	0	0	0	0	-0.5	0	0
St3gal6	0	0	0	0	0	0	-0.5	0	0	-0.5	0	0
St6gal1	-0.5	0	0	-0.5	-0.5	-0.5	-0.5	0	0	-0.5	0	0
Stam	0	0	0	-0.5	-0.5	0	0	0	0	0	0	0
Stam2	0	0	0	-0.5	-0.5	0	0	0	0	0	0	0
Stard13	-0.5	0	0	0	-0.5	0	-0.5	0	0	-0.5	0	0
Stat3	-0.5	0	0	-0.5	-0.5	0	-0.5	0	0	0	-0.5	0
Stat4	-0.5	0	0	0	-0.5	0	-0.5	0	0	0	-0.5	0
Stat5a	-0.5	0	0	-0.5	-0.5	0	-0.5	0	0	-0.5	0	0
Steap3	0	0	0	0	-0.5	0	-0.5	0	0	0	0	0
Stim2	-0.5	0	0	-0.5	-0.5	-0.5	-0.5	0	0	-0.5	-0.5	0
Stk40	-0.5	0	0	-0.5	-0.5	-0.5	-0.5	0	0	-0.5	-0.5	0
Stoml2	0	0	0	0	0	0	0	0	0	0	0.5	0
Ston2	-0.5	0	0	0	-0.5	-0.5	-0.5	0	0	-0.5	0	0
Stox2	-0.5	0	0	0	-0.5	0	0	0	0	-0.5	0	0
Strbp	0	0	0	0	0	0	0	0	0	0	0.5	0
Stx11	0	0	0	-0.5	-0.5	-0.5	-0.5	0	0	-0.5	-0.5	0
Stx12	-0.5	0	0	-0.5	-0.5	-0.5	0	0	0	0	0	0
Stx2	0	0	0	0	0	0	0	0	0	0	0.5	0
Stxbp1	0	0	0	-0.5	-0.5	0	-0.5	0	0	0	-0.5	0
Stxbp6	0	0	0	-0.5	-0.5	-0.5	0	0	0	-0.5	0	0
Sub1	0	0	0	-0.5	0	0	-0.5	0	0	0	-0.5	0
Suclg2	0	0	0	0	0	0	0	0	0	0	0.5	0
Sulf1	0	0	0	0	0	0	-0.5	0	0	-0.5	0	0
Sulf2	0	0	0	0	0	0	0	0	0	0	0.5	0
Sun1	-0.5	0	0	-0.5	-0.5	-0.5	-0.5	0	0	0	-0.5	0
Sv2b	0	0	0	0	-0.5	0	-0.5	0	0	-0.5	0	0
Svep1	0	0	0	0	0	0	-0.5	0	0	-0.5	0	0
Syn1	-0.5	0	0	-0.5	0	0	-0.5	0	0	-0.5	0	0
Syncrip	-0.5	0	0	-0.5	-0.5	-0.5	-0.5	0	0	0	-0.5	0
Synj2	0	0	0	-0.5	-0.5	0	-0.5	0	0	-0.5	0	0
Synpo2	0	0	0	0	-0.5	-0.5	0	0	0	0	0	0
Sypl	0	0	0	0	-0.5	-0.5	-0.5	0	0	0	0	0
Syt7	0	0	0	-0.5	-0.5	0	0	0	0	0	0	0
Tab3	-0.5	0	0	-0.5	-0.5	-0.5	0	0	0	0	-0.5	0
Tada1	-0.5	0	0	-0.5	-0.5	0	-0.5	0	0	0	-0.5	0
Taf4b	-0.5	0	0	-0.5	-0.5	0	-0.5	0	0	0	-0.5	0
Taf6	0	0	0	0	0	0	0	0	0	0	0.5	0
Taf6l	0	0	0	0	0	0	0	0	0	0	0.5	0
Tal1	-0.5	0	0	0	-0.5	0	0	0	0	0	0	0
Taldo1	0	0	0	0	0	0	0	0	0	0	0.5	0
Taok1	-0.5	0	0	-0.5	-0.5	0	-0.5	0	0	0	0	0
Taok3	0	0	0	0	0	0	0	0	0	0	0.5	0
Tatdn3	0	0	0	0	0	0	0	0	0	0	0.5	0
Tax1bp3	0	0	0	0	1.0	0	0	0	0	0	0.5	0
Tbc1d12	0	0	0	-0.5	-0.5	0	-0.5	0	0	0	0	0
Tbc1d13	0	0	0	0	0	0	0	0	0	0	0.5	0
Tbc1d14	-0.5	0	0	-0.5	-0.5	-0.5	-0.5	0	0	-0.5	-0.5	0
Tbc1d22a	0	0	0	0	0	0	0	0	0	0	0.5	0
Tbc1d25	-0.5	0	0	-0.5	-0.5	0	-0.5	0	0	0	0	0
Tbc1d2b	-0.5	0	0	-0.5	-0.5	-0.5	-0.5	0	0	-0.5	0	0
Tbc1d30	0	0	0	0	0	0	0	0	0	0	0.5	0
Tbc1d4	-0.5	0	0	-0.5	-0.5	0	-0.5	0	0	-0.5	0	0
Tbp	-0.5	0	0	-0.5	-0.5	0	-0.5	0	0	0	-0.5	0
Tcf7l2	-0.5	0	0	-0.5	-0.5	-0.5	-0.5	0	0	-0.5	-0.5	0
Tcirg1	0	0	0	0	0	0	0	0	0	0	0.5	0
Tctex1d4	0	0	0	0	0	0	0	0	0	0	0.5	0
Tctn3	0	0	0	0	0	0	0	0	0	0	0.5	0
Tdp2	0	0	0	-0.5	-0.5	0	0	0	0	0	0	0
Tead1	0	0	0	0	-0.5	0	-0.5	0	0	-0.5	0	0
Tenc1	-0.5	0	0	-0.5	-0.5	0	-0.5	0	0	-0.5	0	0
Tes	-0.5	0	0	-0.5	0	0	-0.5	0	0	-0.5	-0.5	0
Tet2	-0.5	0	0	-0.5	-0.5	-0.5	-0.5	0	0	-0.5	0	0
Tfip11	-0.5	0	0	-0.5	-0.5	0	-0.5	0	0	-0.5	-0.5	0
Tgfb1i1	0	0	0	-0.5	-0.5	0	0	0	0	0	-0.5	0
Tgfbi	0	0	0	-0.5	-0.5	0	-0.5	0	0	-0.5	-0.5	0
Tgfbr3	-0.5	0	0	0	0	0	0	0	0	0	0	0
Tgif2	0	0	0	0	0	0	0	0	0	0	0.5	0
Tgm2	0	0	0	0	0	0	0	0	0	0	0.5	0
Tgm3	0	0	0	0	0	0	-0.5	0	0	-0.5	0	0
Tgm4	0	0	-1.0	0	0	0	0	0	0	0	0	0
Thap3	0	0	0	0	0	0	0	0	0	0	0.5	0
Thbs1	0	0	0	0	-0.5	-0.5	-0.5	0	0	0	0	0
Thbs3	0	0	0	-0.5	-0.5	0	0	0	0	0	0	0
Thy1	0	0	0	0	0	0	0	0	0	0	0.5	0
Tiam1	-0.5	0	0	-0.5	-0.5	-0.5	-0.5	0	0	-0.5	-0.5	0
Tiam2	0	0	0	0	-0.5	0	-0.5	0	0	0	0	0
Tigit	0	0	0	0	-0.5	0	-0.5	0	0	-0.5	0	0
Timm10	0	0	0	0	0	0	0	0	0	0	0.5	0
Timm22	0	0	0	-0.5	-0.5	0	-0.5	0	0	0	-0.5	0
Timp1	0	0	0	0	0	0	-0.5	0	0	-0.5	0	0
Timp2	0	0	0	-0.5	-0.5	0	0	0	0	-0.5	0	0
Tirap	-0.5	0	0	-0.5	-0.5	-0.5	-0.5	0	0	-0.5	0	0
Tjp2	-0.5	0	0	-0.5	-0.5	-0.5	-0.5	0	0	-0.5	0	0
Tk2	0	0	0	0	0	0	0	0	0	0	0.5	0
Tle1	-0.5	0	0	-0.5	-0.5	-0.5	-0.5	0	0	-0.5	-0.5	0
Tle3	-0.5	0	0	-0.5	-0.5	0	-0.5	0	0	0	-0.5	0
Tlk2	0	0	0	0	-0.5	0	0	0	0	0	0	0
Tln2	0	0	0	0	0	0	0	0	0	-0.5	0	0
Tlr4	0	0	0	0	-0.5	0	-0.5	0	0	-0.5	0	0
Tm4sf19	0	0	0	0	-0.5	0	0	0	0	0	0	0
Tmc6	-0.5	0	0	-0.5	-0.5	-0.5	0	0	0	0	0	0
Tmc8	-0.5	0	0	-0.5	-0.5	-0.5	0	0	0	0	-0.5	0
Tmed5	-0.5	0	0	-0.5	-0.5	0	0	0	0	0	-0.5	0
Tmem106a	0	0	0	0	0	0	0	0	0	0	0.5	0
Tmem119	0	0	0	0	0	0	-0.5	0	0	-0.5	0	0
Tmem127	-0.5	0	0	-0.5	-0.5	0	-0.5	0	0	0	0	0
Tmem131	-0.5	0	0	-0.5	-0.5	-0.5	-0.5	0	0	-0.5	-0.5	0
Tmem134	0	0	0	0	0	0	0	0	0	0	0.5	0
Tmem150a	-0.5	0	0	-0.5	-0.5	0	-0.5	0	0	0	-0.5	0
Tmem164	0	0	0	0	0	0	0	0	0	0	0.5	0
Tmem167	0	0	0	-0.5	-0.5	0	0	0	0	0	0	0
Tmem168	0	0	0	-0.5	-0.5	0	0	0	0	0	-0.5	0
Tmem194	-0.5	0	0	-0.5	-0.5	-0.5	-0.5	0	0	0	0	0
Tmem2	-0.5	0	0	-0.5	-0.5	-0.5	-0.5	0	0	-0.5	-0.5	0
Tmem231	0	0	0	0	0	0	0	0	0	0	0.5	0
Tmem38b	0	0	0	0	0	0	0	0	0	0	0.5	0
Tmem50b	0	0	0	-0.5	-0.5	-0.5	-0.5	0	0	-0.5	-0.5	0
Tmem62	0	0	0	0	-0.5	-0.5	-0.5	0	0	0	0	0
Tmem65	-0.5	0	0	-0.5	-0.5	-0.5	-0.5	0	0	-0.5	-0.5	0
Tmem80	0	0	0	0	0	0	0	0	0	0	0.5	0
Tmem88b	0	0	0	-0.5	0	-0.5	0	0	0	-0.5	-0.5	0
Tmem95	0	0	0	0	-0.5	0	0	0	0	0	-0.5	0
Tmtc1	0	0	0	0	-0.5	0	0	0	0	0	0	0
Tmtc3	-0.5	0	0	-0.5	-0.5	0	-0.5	0	0	0	0	0
Tnfaip1	-0.5	0	0	-0.5	-0.5	-0.5	0	0	0	-0.5	0	0
Tnfaip2	0	0	0	0	0	0	0	0	0	0	0.5	0
Tnfaip3	0	0	0	0	0	0	0	0	0	0	0.5	0
Tnfaip6	0	0	0	0	0	0	-0.5	0	0	0	0	0
Tnfaip8	-0.5	0	0	-0.5	-0.5	0	-0.5	0	0	-0.5	-0.5	0
Tnfaip8l2	0	0	0	-0.5	0	0	0	0	0	0	-0.5	0
Tnfrsf26	0	0	0	-0.5	-0.5	-0.5	-0.5	0	0	-0.5	-0.5	0
Tnfrsf9	0	0	0	0	-0.5	0	-0.5	0	0	-0.5	0	0
Tnfsf14	0	0	0	0	0	0	-0.5	0	0	-0.5	0	0
Tnip2	0	0	0	-0.5	-0.5	-0.5	-0.5	0	0	0	-0.5	0
Tnip3	0	0	0	0	0	0	-0.5	0	0	-0.5	0	0
Tnpo2	0	0	0	0	0	0	0	0	0	0	0.5	0
Tnrc6a	0	0	0	-0.5	-0.5	0	-0.5	0	0	-0.5	-0.5	0
Tns1	-0.5	0	0	0	-0.5	0	-0.5	0	0	-0.5	0	0
Tnxb	0	0	0	0	0	0	-0.5	0	0	0	0	0
Tom1	0	0	0	0	0	0	0	0	0	0	0.5	0
Tom1l2	-0.5	0	0	-0.5	-0.5	-0.5	0	0	0	0	-0.5	0
Top1	-0.5	0	0	0	-0.5	-0.5	-0.5	0	0	-0.5	-0.5	0
Tox	0	0	0	0	-0.5	0	0	0	0	0	0	0
Tox2	0	0	0	0	-0.5	0	-0.5	0	0	-0.5	0	0
Tpbg	0	0	0	0	0	0	-0.5	0	0	-0.5	0	0
Tpcn1	0	0	0	0	0	0	0	0	0	0	0.5	0
Tpmt	0	0	0	0	0	0	0	0	0	0	0.5	0
Tpp1	0	0	0	0	0	0	0	0	0	0	0.5	0
Tppp	0	0	0	-0.5	-0.5	0	0	0	0	0	-0.5	0
Tppp3	0	0	0	0	-0.5	0	0	0	0	0	-0.5	0
Tpst1	0	0	0	-0.5	-0.5	-0.5	-0.5	0	0	-0.5	0	0
Tpx2	0	1.0	0	0	0	0	0	1.0	1.0	0	0	1.0
Traf1	-0.5	0	0	0	-0.5	-0.5	-0.5	0	0	-0.5	-0.5	0
Trak2	0	0	0	-0.5	-0.5	0	0	0	0	0	-0.5	0
Tram1	-0.5	0	0	-0.5	-0.5	-0.5	0	0	0	0	0	0
Trappc5	0	0	0	0	0	0	0	0	0	0	0.5	0
Treh	0	0	0	0	-0.5	0	0	0	0	0	-0.5	0
Trex1	0	0	0	-0.5	-0.5	0	0	0	0	0	0	0
Trib3	0	0	0	0	0	0	0	0	0	0	0.5	0
Trim14	0	0	0	0	0	0	0	0	0	0	0.5	0
Trim23	0	0	0	0	-0.5	-0.5	0	0	0	0	0	0
Trim35	0	0	0	0	-0.5	0	0	0	0	0	0	0
Trim46	0	0	0	-0.5	-0.5	0	0	0	0	0	0	0
Trim47	0	0	0	-0.5	-0.5	-0.5	0	0	0	0	-0.5	0
Trim8	-0.5	0	0	-0.5	-0.5	0	-0.5	0	0	-0.5	-0.5	0
Trio	-0.5	0	0	-0.5	-0.5	0	-0.5	0	0	-0.5	-0.5	0
Trip13	0	0	0	0	0	0	0	0	0	0	0.5	0
Trmt11	-0.5	0	0	-0.5	-0.5	-0.5	-0.5	0	0	-0.5	0	0
Trpm2	0	0	0	0	0	0	0	0	0	0	0.5	0
Trps1	-0.5	0	0	-0.5	-0.5	-0.5	-0.5	0	0	-0.5	0	0
Trpv2	0	0	0	-0.5	-0.5	-0.5	-0.5	0	0	-0.5	-0.5	0
Tsc1	-0.5	0	0	-0.5	-0.5	0	0	0	0	0	0	0
Tsga10	0	0	0	-0.5	-0.5	0	0	0	0	-0.5	-0.5	0
Tssc4	0	0	0	0	-0.5	0	0	0	0	0	0	0
Ttbk2	0	0	0	-0.5	0	-0.5	0	0	0	0	-0.5	0
Ttc21b	0	0	0	0	0	0	0	0	0	0	0.5	0
Ttc39b	-0.5	0	0	-0.5	-0.5	0	-0.5	0	0	-0.5	-0.5	0
Ttc39c	-0.5	0	0	-0.5	-0.5	-0.5	-0.5	0	0	-0.5	-0.5	0
Ttf2	0	0	0	0	0	0	0	0	0	0	0.5	0
Ttl	-0.5	0	0	-0.5	-0.5	0	0	0	0	0	-0.5	0
Tubb5	0	0	0	0	0	0	0	0	0	0	0.5	0
Tulp3	-0.5	0	0	-0.5	-0.5	0	-0.5	0	0	-0.5	-0.5	0
Tulp4	-0.5	0	0	-0.5	-0.5	0	-0.5	0	0	-0.5	0	0
Twf1	-0.5	0	0	0	-0.5	0	0	0	0	0	-0.5	0
Twsg1	-0.5	0	0	-0.5	-0.5	0	0	0	0	0	-0.5	0
Txnrd1	-0.5	0	0	-0.5	-0.5	0	-0.5	0	0	-0.5	-0.5	0
Tymp	0	0	0	0	-0.5	0	-0.5	0	0	0	0	0
Uap1	0	0	0	-0.5	-0.5	0	-0.5	0	0	0	-0.5	0
Uba3	-0.5	0	0	0	-0.5	0	-0.5	0	0	0	-0.5	0
Uba6	-0.5	0	0	0	-0.5	-0.5	-0.5	0	0	-0.5	-0.5	0
Uba7	0	0	0	0	0	0	0	0	0	0	0.5	0
Ube2g1	-0.5	0	0	0	-0.5	0	0	0	0	0	0	0
Ube2q2	-0.5	0	0	-0.5	-0.5	-0.5	-0.5	0	0	-0.5	0	0
Ube2w	-0.5	0	0	-0.5	-0.5	0	-0.5	0	0	0	-0.5	0
Ube2z	-0.5	0	0	-0.5	-0.5	0	-0.5	0	0	0	0	0
Ubr1	0	0	0	-0.5	-0.5	0	-0.5	0	0	0	0	0
Ubtd2	-0.5	0	0	-0.5	-0.5	-0.5	-0.5	0	0	-0.5	-0.5	0
Ubxn7	0	0	0	-0.5	-0.5	0	0	0	0	0	0	0
Uck2	-0.5	0	0	-0.5	-0.5	-0.5	-0.5	0	0	-0.5	0	0
Uevld	0	0	0	0	0	0	0	0	0	0	0.5	0
Ugcg	-0.5	0	0	-0.5	-0.5	-0.5	-0.5	0	0	-0.5	-0.5	0
Ugdh	0	0	0	0	-0.5	-0.5	0	0	0	0	-0.5	0
Uhrf1bp1	0	0	0	0	0	0	0	0	0	0	0.5	0
Uimc1	0	0	0	0	0	0	0	0	0	0	0.5	0
Ulk1	0	0	0	-0.5	0	0	-0.5	0	0	0	-0.5	0
Unc119	0	0	0	0	0	0	0	0	0	0	0.5	0
Unc13d	0	0	0	0	1.0	0	0	0	0	0	0.5	0
Unc5b	-0.5	0	0	-0.5	-0.5	-0.5	0	0	0	-0.5	-0.5	0
Unc80	0	0	0	0	-0.5	-0.5	-0.5	0	0	-0.5	0	0
Ung	0	0	0	0	0	0	0	0	0	0	0.5	0
Uqcrb	0	0	0	0	0	0	-0.5	0	0	0	0	0
Usf2	0	0	0	0	0	0	0	0	0	0	0.5	0
Ushbp1	-0.5	0	0	-0.5	-0.5	-0.5	-0.5	0	0	0	-0.5	0
Usp10	-0.5	0	0	0	-0.5	0	-0.5	0	0	-0.5	0	0
Usp18	0	0	0	0	0	0	0	0	0	0	0.5	0
Usp20	-0.5	0	0	0	-0.5	-0.5	-0.5	0	0	-0.5	-0.5	0
Usp3	0	0	0	0	0	0	0	0	0	0	0.5	0
Usp31	-0.5	0	0	-0.5	-0.5	0	-0.5	0	0	-0.5	-0.5	0
Usp35	0	0	0	0	-0.5	0	-0.5	0	0	0	-0.5	0
Usp53	-0.5	0	0	-0.5	-0.5	-0.5	-0.5	0	0	0	-0.5	0
Utp14a	0	0	0	0	0	0	0	0	0	0	0.5	0
Utp23	0	0	0	0	-0.5	0	-0.5	0	0	0	0	0
Uxs1	-0.5	0	0	-0.5	-0.5	-0.5	-0.5	0	0	-0.5	-0.5	0
Vapa	-0.5	0	0	-0.5	-0.5	-0.5	-0.5	0	0	0	-0.5	0
Vasn	0	0	0	0	-0.5	0	0	0	0	0	-0.5	0
Vat1	0	0	0	-0.5	-0.5	0	-0.5	0	0	0	-0.5	0
Vav1	0	0	0	0	0	0	0	0	0	0	0.5	0
Vav3	-0.5	0	0	-0.5	-0.5	0	-0.5	0	0	-0.5	-0.5	0
Vcan	0	0	0	0	-0.5	-0.5	-0.5	0	0	0	-0.5	0
Vcl	-0.5	0	0	-0.5	-0.5	0	-0.5	0	0	-0.5	-0.5	0
Vcpip1	0	0	0	-0.5	-0.5	0	-0.5	0	0	-0.5	0	0
Vdr	-0.5	0	0	-0.5	-0.5	-0.5	-0.5	0	0	-0.5	-0.5	0
Vezt	-0.5	0	0	-0.5	-0.5	0	0	0	0	0	-0.5	0
Vim	0	0	0	0	-0.5	-0.5	-0.5	0	0	-0.5	-0.5	0
Vkorc1l1	-0.5	0	0	-0.5	-0.5	-0.5	0	0	0	0	-0.5	0
Vmac	-0.5	0	0	-0.5	-0.5	0	0	0	0	0	-0.5	0
Vps13c	0	0	0	0	0	0	0	0	0	0	0.5	0
Vps18	0	0	0	0	0	0	0	0	0	0	0.5	0
Vps37b	0	0	0	0	0	0	0	0	0	0	0.5	0
Vps37c	-0.5	0	0	-0.5	-0.5	-0.5	-0.5	0	0	-0.5	-0.5	0
Vps4a	-0.5	0	0	-0.5	-0.5	0	0	0	0	0	-0.5	0
Vps54	-0.5	0	0	-0.5	-0.5	0	0	0	0	0	0	0
Wdhd1	-0.5	0	0	-0.5	-0.5	0	0	0	0	0	0	0
Wdr26	-0.5	0	0	-0.5	-0.5	-0.5	0	0	0	0	-0.5	0
Wdr37	-0.5	0	0	0	-0.5	0	-0.5	0	0	-0.5	0	0
Wdr41	0	0	0	0	0	0	0	0	0	0	0.5	0
Wdr45	-0.5	0	0	-0.5	-0.5	0	-0.5	0	0	-0.5	-0.5	0
Whamm	-0.5	0	0	-0.5	-0.5	-0.5	0	0	0	0	0	0
Wipf1	0	0	0	0	0	0	0	0	0	0	0.5	0
Wipf2	0	0	0	-0.5	-0.5	-0.5	0	0	0	0	0	0
Wipi1	-0.5	0	0	-0.5	-0.5	-0.5	0	0	0	-0.5	-0.5	0
Wipi2	0	0	0	-0.5	-0.5	-0.5	0	0	0	0	0	0
Wnt2b	0	0	0	-0.5	0	0	-0.5	0	0	-0.5	-0.5	0
Wrnip1	0	0	0	-0.5	-0.5	-0.5	-0.5	0	0	0	0	0
Wsb1	-0.5	0	0	-0.5	-0.5	0	-0.5	0	0	-0.5	-0.5	0
Wsb2	0	0	0	0	0	0	0	0	0	0	0.5	0
Xbp1	-0.5	0	0	0	-0.5	0	-0.5	0	0	-0.5	-0.5	0
Xpc	0	0	0	0	0	0	0	0	0	0	0.5	0
Xrcc6	0	0	0	0	0	0	0	0	0	0	0.5	0
Xrcc6bp1	0	0	0	0	0	0	0	0	0	0	0.5	0
Xylb	0	0	0	0	0	0	0	0	0	0	0.5	0
Xylt1	-0.5	0	0	-0.5	-0.5	-0.5	-0.5	0	0	-0.5	-0.5	0
Yes1	0	0	0	0	-0.5	0	0	0	0	0	0	0
Yod1	-0.5	0	0	-0.5	-0.5	-0.5	-0.5	0	0	0	-0.5	0
Ythdf2	-0.5	0	0	-0.5	-0.5	-0.5	0	0	0	0	0	0
Zbtb1	-0.5	0	0	-0.5	-0.5	-0.5	-0.5	0	0	-0.5	-0.5	0
Zbtb12	0	0	0	0	0	0	0	0	0	0	0.5	0
Zbtb16	-0.5	0	0	-0.5	-0.5	0	-0.5	0	0	-0.5	0	0
Zbtb32	-0.5	0	0	-0.5	-0.5	-0.5	-0.5	0	0	-0.5	0	0
Zbtb33	0	0	0	-0.5	-0.5	-0.5	0	0	0	0	0	0
Zbtb34	-0.5	0	0	-0.5	-0.5	0	0	0	0	-0.5	-0.5	0
Zbtb39	0	0	0	0	-0.5	-0.5	0	0	0	0	0	0
Zbtb41	-0.5	0	0	-0.5	-0.5	-0.5	-0.5	0	0	0	0	0
Zbtb42	-0.5	0	0	-0.5	-0.5	-0.5	-0.5	0	0	0	-0.5	0
Zbtb43	0	0	0	-0.5	-0.5	-0.5	-0.5	0	0	-0.5	0	0
Zbtb49	0	0	0	0	-0.5	-0.5	0	0	0	0	-0.5	0
Zbtb6	-0.5	0	0	0	-0.5	-0.5	-0.5	0	0	0	-0.5	0
Zbtb7a	-0.5	0	0	-0.5	-0.5	-0.5	-0.5	0	0	0	-0.5	0
Zc3h10	0	0	0	0	0	0	0	0	0	0	0.5	0
Zc3h11a	-0.5	0	0	-0.5	-0.5	-0.5	0	0	0	0	0	0
Zc3h12c	0	0	0	0	0	0	0	0	0	0	0.5	0
Zc3h7a	-0.5	0	0	-0.5	-0.5	0	0	0	0	0	-0.5	0
Zcchc10	0	0	0	0	0	0	0	0	0	0	-0.5	0
Zcchc11	-0.5	0	0	-0.5	-0.5	0	-0.5	0	0	0	0	0
Zcchc14	-0.5	0	0	0	-0.5	-0.5	0	0	0	0	-0.5	0
Zcchc24	-0.5	0	0	-0.5	-0.5	-0.5	-0.5	0	0	0	-0.5	0
Zcchc3	-0.5	0	0	-0.5	-0.5	-0.5	0	0	0	0	0	0
Zcchc4	0	0	0	0	0	0	0	0	0	0	0.5	0
Zdhhc20	-0.5	0	0	-0.5	-0.5	-0.5	0	0	0	0	-0.5	0
Zdhhc9	-0.5	0	0	0	-0.5	0	-0.5	0	0	0	0	0
Zfhx3	0	0	0	0	0	0	0	0	0	0	0.5	0
Zfp111	0	0	0	0	-0.5	0	0	0	0	0	0	0
Zfp112	0	0	0	0	-0.5	0	0	0	0	0	0	0
Zfp142	-0.5	0	0	-0.5	-0.5	0	0	0	0	0	-0.5	0
Zfp160	0	0	0	-0.5	-0.5	0	0	0	0	0	0	0
Zfp180	0	0	0	0	-0.5	-0.5	-0.5	0	0	-0.5	0	0
Zfp191	0	0	0	-0.5	-0.5	0	-0.5	0	0	0	0	0
Zfp217	-0.5	0	0	-0.5	-0.5	-0.5	-0.5	0	0	-0.5	-0.5	0
Zfp26	-0.5	0	0	0	-0.5	0	0	0	0	0	-0.5	0
Zfp260	0	0	0	0	-0.5	-0.5	0	0	0	0	-0.5	0
Zfp263	0	0	0	0	-0.5	0	0	0	0	0	-0.5	0
Zfp27	0	0	0	-0.5	-0.5	0	0	0	0	0	0	0
Zfp273	-0.5	0	0	-0.5	-0.5	0	0	0	0	-0.5	0	0
Zfp28	0	0	0	0	-0.5	-0.5	0	0	0	0	-0.5	0
Zfp282	-0.5	0	0	-0.5	-0.5	0	-0.5	0	0	0	-0.5	0
Zfp292	-0.5	0	0	-0.5	-0.5	0	0	0	0	0	0	0
Zfp318	-0.5	0	0	-0.5	-0.5	-0.5	0	0	0	0	-0.5	0
Zfp319	0	0	0	-0.5	-0.5	0	-0.5	0	0	0	-0.5	0
Zfp322a	0	0	0	0	-0.5	0	0	0	0	0	0	0
Zfp36l2	0	0	0	0	0	0	0	0	0	0	0.5	0
Zfp382	0	0	0	-0.5	-0.5	0	0	0	0	0	0	0
Zfp385a	0	0	0	0	0	0	0	0	0	0	0.5	0
Zfp398	-0.5	0	0	-0.5	-0.5	-0.5	-0.5	0	0	0	-0.5	0
Zfp40	0	0	0	-0.5	0	0	0	0	0	0	0	0
Zfp410	-0.5	0	0	-0.5	-0.5	0	-0.5	0	0	-0.5	0	0
Zfp420	-0.5	0	0	0	-0.5	0	0	0	0	0	0	0
Zfp423	0	0	0	0	-0.5	0	0	0	0	0	0	0
Zfp429	0	0	0	0	-0.5	0	0	0	0	0	0	0
Zfp451	0	0	0	-0.5	-0.5	-0.5	-0.5	0	0	-0.5	0	0
Zfp455	0	0	0	0	-0.5	0	0	0	0	0	0	0
Zfp456	-0.5	0	0	-0.5	-0.5	0	0	0	0	-0.5	0	0
Zfp46	-0.5	0	0	0	-0.5	0	-0.5	0	0	0	-0.5	0
Zfp467	0	0	0	0	0	0	0	0	0	0	0.5	0
Zfp472	0	0	0	0	0	0	0	0	0	-0.5	0	0
Zfp503	0	0	0	0	0	0	0	0	0	0	0.5	0
Zfp516	-0.5	0	0	-0.5	-0.5	-0.5	-0.5	0	0	-0.5	-0.5	0
Zfp52	0	0	0	0	-0.5	0	-0.5	0	0	0	0	0
Zfp521	0	0	0	0	0	0	0	0	0	0	0.5	0
Zfp553	-0.5	0	0	-0.5	-0.5	-0.5	-0.5	0	0	-0.5	-0.5	0
Zfp558	0	0	0	0	-0.5	-0.5	0	0	0	0	0	0
Zfp568	-0.5	0	0	-0.5	-0.5	0	-0.5	0	0	0	0	0
Zfp574	0	0	0	-0.5	0	0	0	0	0	0	-0.5	0
Zfp58	-0.5	0	0	-0.5	-0.5	0	0	0	0	-0.5	0	0
Zfp595	-0.5	0	0	-0.5	-0.5	0	-0.5	0	0	-0.5	0	0
Zfp606	0	0	0	0	-0.5	0	0	0	0	0	0	0
Zfp608	0	0	0	0	0	0	0	0	0	0	0.5	0
Zfp61	-0.5	0	0	0	-0.5	0	0	0	0	0	-0.5	0
Zfp64	-0.5	0	0	0	-0.5	0	0	0	0	-0.5	-0.5	0
Zfp651	-0.5	0	0	0	-0.5	0	-0.5	0	0	0	-0.5	0
Zfp672	-0.5	0	0	-0.5	-0.5	0	-0.5	0	0	0	-0.5	0
Zfp7	-0.5	0	0	-0.5	-0.5	-0.5	-0.5	0	0	-0.5	-0.5	0
Zfp704	0	0	0	-0.5	-0.5	-0.5	-0.5	0	0	-0.5	-0.5	0
Zfp708	0	0	0	-0.5	-0.5	-0.5	-0.5	0	0	-0.5	-0.5	0
Zfp710	-0.5	0	0	0	-0.5	-0.5	-0.5	0	0	-0.5	-0.5	0
Zfp715	0	0	0	-0.5	-0.5	0	-0.5	0	0	-0.5	0	0
Zfp738	-0.5	0	0	0	-0.5	0	0	0	0	0	0	0
Zfp747	-0.5	0	0	0	0	0	0	0	0	0	0	0
Zfp748	0	0	0	0	-0.5	0	0	0	0	0	0	0
Zfp764	-0.5	0	0	0	0	0	-0.5	0	0	-0.5	0	0
Zfp768	-0.5	0	0	-0.5	-0.5	-0.5	-0.5	0	0	0	-0.5	0
Zfp770	-0.5	0	0	0	0	0	0	0	0	0	0	0
Zfp777	-0.5	0	0	-0.5	-0.5	-0.5	-0.5	0	0	0	0	0
Zfp780b	0	0	0	0	-0.5	-0.5	0	0	0	0	0	0
Zfp790	0	0	0	0	-0.5	0	-0.5	0	0	-0.5	0	0
Zfp800	-0.5	0	0	-0.5	-0.5	-0.5	-0.5	0	0	-0.5	0	0
Zfp821	-0.5	0	0	-0.5	-0.5	0	0	0	0	0	-0.5	0
Zfp830	0	0	0	-0.5	-0.5	-0.5	0	0	0	0	-0.5	0
Zfp84	0	0	0	0	-0.5	0	0	0	0	0	0	0
Zfp867	0	0	0	0	0	0	0	0	0	0	-0.5	0
Zfp9	0	0	0	0	-0.5	0	0	0	0	0	0	0
Zfp91	-0.5	0	0	-0.5	-0.5	-0.5	-0.5	0	0	0	0	0
Zfp933	0	0	0	0	-0.5	0	0	0	0	0	0	0
Zfp948	0	0	0	0	-0.5	0	-0.5	0	0	0	0	0
Zfp949	0	0	0	0	-0.5	-0.5	0	0	0	0	0	0
Zfp951	0	0	0	0	-0.5	0	-0.5	0	0	0	0	0
Zfp953	-0.5	0	0	-0.5	-0.5	0	-0.5	0	0	-0.5	0	0
Zfyve20	-0.5	0	0	0	-0.5	0	0	0	0	0	0	0
Zfyve28	0	0	0	0	0	0	0	0	0	0	0.5	0
Zhx2	-0.5	0	0	-0.5	-0.5	0	0	0	0	0	-0.5	0
Zkscan6	0	0	0	0	0	0	0	0	0	0	0.5	0
Zmym1	0	0	0	0	-0.5	0	-0.5	0	0	-0.5	0	0
Zmym2	-0.5	0	0	0	-0.5	-0.5	-0.5	0	0	0	-0.5	0
Zmym5	-0.5	0	0	0	-0.5	-0.5	-0.5	0	0	-0.5	-0.5	0
Zmynd15	-0.5	0	0	-0.5	-0.5	-0.5	-0.5	0	0	-0.5	-0.5	0
Znrf3	-0.5	0	0	-0.5	-0.5	-0.5	-0.5	0	0	-0.5	-0.5	0
Zranb2	0	0	0	0	0	0	0	0	0	0	0.5	0
Zscan29	0	0	0	-0.5	-0.5	0	-0.5	0	0	0	0	0
Zswim6	-0.5	0	0	-0.5	-0.5	-0.5	-0.5	0	0	-0.5	-0.5	0
Zyg11b	-0.5	0	0	0	-0.5	-0.5	-0.5	0	0	0	-0.5	0
