	Atf3	Bcl6	E2f1	Egr1	Egr2	Fos	Jun	Klf4
1110006o24rik	-0.5	0	-0.5	-0.5	0	-0.5	0	-0.5
1110032f04rik	0	0	-0.5	-0.5	0	0	0	0
1110051m20rik	0	0	0	0	0	0	0	0.5
1300002k09rik	0	0	0	0	0	0	0	0.5
1500012f01rik	0	0	0	0	0	0	0	0.5
1600002k03rik	0	0	0	0	0	0	0	0.5
1600012h06rik	-0.5	0	-0.5	-0.5	0	0	0	-0.5
1700020i14rik	0	0	-0.5	-0.5	0	0	0	0
1700025g04rik	0	0	0	0	0	0	0	0.5
1700029h14rik	0	0	0	0	-0.5	0	0	0
1700034h15rik	0	0	0	0	0	0	0	0.5
1700052k11rik	0	0	0	-0.5	0	0	0	0
1700061g19rik	0	0	0	0	0	0	0	-0.5
1700092m07rik	0	0	0	0	0	0	0	0.5
1700096k18rik	0	0	0	0	0	0	0	0.5
2010107g12rik	0	0	0	-0.5	-0.5	-0.5	-0.5	0
2010111i01rik	-0.5	0	-0.5	-0.5	-0.5	-0.5	-0.5	-0.5
2210417a02rik	0	0	0	0	0	0	0	0.5
2310003h01rik	0	0	-0.5	-0.5	0	0	0	0
2310022a10rik	0	0	-0.5	-0.5	-0.5	-0.5	0	-0.5
2310022b05rik	-0.5	0	-0.5	-0.5	-0.5	0	0	-0.5
2310057m21rik	-0.5	0	0	-0.5	-0.5	0	0	0
2410004b18rik	-0.5	0	0	-0.5	0	-0.5	-0.5	0
2610008e11rik	0	0	0	-0.5	0	0	0	0
2610035d17rik	-0.5	0	0	-0.5	-0.5	-0.5	-0.5	0
2810408a11rik	0	0	0	0	0	0	0	0.5
2810442i21rik	-0.5	0	-0.5	-0.5	-0.5	-0.5	-0.5	0
2810474o19rik	-0.5	0	-0.5	0	0	0	0	0
2900026a02rik	0	0	0	0	0	0	0	0.5
3110002h16rik	-0.5	0	0	-0.5	-0.5	0	-0.5	-0.5
3110043o21rik	-0.5	0	-0.5	-0.5	-0.5	0	-0.5	-0.5
4632428n05rik	0	0	0	0	0	0	0	0.5
4831440e17rik	-0.5	0	-0.5	-0.5	-0.5	-0.5	0	-0.5
4930481a15rik	0	0	0	0	0	0	0	0.5
4931406p16rik	-0.5	0	-0.5	-0.5	-0.5	-0.5	-0.5	-0.5
4932438a13rik	-0.5	0	0	-0.5	0	0	0	-0.5
4933426m11rik	0	0	0	0	0	0	0	0.5
5031414d18rik	-0.5	0	0	-0.5	0	-0.5	-0.5	0
5430405h02rik	0	0	0	0	0	0	0	0.5
5430417l22rik	0	0	0	0	0	0	0	0.5
5430435g22rik	-0.5	0	-0.5	-0.5	-0.5	-0.5	-0.5	-0.5
6230400d17rik	-0.5	0	-0.5	-0.5	-0.5	-0.5	0	-0.5
6330549d23rik	0	0	0	0	-0.5	-0.5	-0.5	-0.5
6430548m08rik	-0.5	0	-0.5	-0.5	0	-0.5	-0.5	-0.5
8030462n17rik	-0.5	0	-0.5	-0.5	0	-0.5	-0.5	0
8430419l09rik	0	0	0	0	0	0	0	0.5
8430427h17rik	-0.5	0	-0.5	-0.5	-0.5	-0.5	0	-0.5
9030617o03rik	-0.5	0	0	-0.5	0	-0.5	-0.5	-0.5
9130019o22rik	-0.5	0	0	-0.5	0	-0.5	-0.5	0
9330133o14rik	0	0	0	0	0	0	0	0.5
9330175e14rik	0	0	0	-0.5	0	0	0	0
9430015g10rik	0	0	0	0	0	0	0	0.5
9430076c15rik	-0.5	0	0	-0.5	0	0	-0.5	-0.5
A430078g23rik	0	0	0	0	0	0	0	0.5
A630072m18rik	-0.5	0	-0.5	-0.5	0	-0.5	-0.5	0
Aa987161	-0.5	0	0	-0.5	0	-0.5	-0.5	0
Aatf	0	0	0	0	0	0	0	0.5
Ab124611	-0.5	0	-0.5	-0.5	0	0	0	-0.5
Abca1	-0.5	0	0	-0.5	0	-0.5	0	-0.5
Abca2	0	0	0	0	0	0	0	0.5
Abcd1	0	0	0	0	0	0	0	0.5
Abcg3	0	0	0	0	0	0	0	0.5
Abhd13	0	0	0	-0.5	-0.5	0	0	-0.5
Abl1	0	0	0	0	0	0	0	0.5
Abl2	-0.5	0	-0.5	-0.5	0	-0.5	-0.5	-0.5
Ablim3	-0.5	0	0	0	0	0	0	0
Abr	0	0	0	0	0	0	0	0.5
Abtb2	0	0	-0.5	-0.5	0	-0.5	-0.5	0
Acaa2	0	0	0	0	0	0	0	0.5
Acbd3	-0.5	0	-0.5	-0.5	0	0	0	-0.5
Acer2	-0.5	0	0	-0.5	0	-0.5	0	-0.5
Aco1	0	0	0	0	0	0	0	0.5
Acot11	0	0	0	0	0	0	0	0.5
Acot9	-0.5	0	0	0	0	-0.5	-0.5	-0.5
Acsf2	0	0	0	0	0	0	0	0.5
Acsl1	0	0	0	0	0	0	0	0.5
Acta2	0	0	0	0	0	-0.5	0	0
Actr5	0	0	0	0	0	0	0	0.5
Acvr2a	-0.5	0	-0.5	-0.5	-0.5	0	0	-0.5
Adam8	0	0	0	-0.5	-0.5	0	-0.5	-0.5
Adam9	0	0	-0.5	-0.5	0	-0.5	-0.5	-0.5
Adamts2	-0.5	0	0	0	0	0	0	0
Adamts4	-0.5	0	-0.5	0	0	0	-0.5	0
Adap1	0	0	0	0	0	0	0	0.5
Adap2	0	0	-0.5	-0.5	-0.5	0	0	-0.5
Adarb1	0	0	-0.5	-0.5	0	0	-0.5	-0.5
Adc	0	0	0	0	0	0	0	0.5
Adck1	0	0	0	0	0	0	0	0.5
Adcy4	0	0	-0.5	-0.5	-0.5	-0.5	0	0
Adcy9	-0.5	0	-0.5	-0.5	0	-0.5	0	-0.5
Adhfe1	0	0	0	-0.5	0	0	0	0
Adnp2	0	0	0	0	0	0	0	0.5
Adora2a	0	0	0	0	0	0	0	0.5
Adora2b	-0.5	0	0	-0.5	-0.5	0	0	0
Adora3	-0.5	0	0	-0.5	0	-0.5	-0.5	-0.5
Adra2b	0	0	0	0	-0.5	0	0	0
Adss	-0.5	0	-0.5	-0.5	-0.5	-0.5	-0.5	-0.5
Aebp1	0	0	-0.5	0	0	0	0	0
Afap1	-0.5	0	-0.5	-0.5	-0.5	0	0	-0.5
Afap1l2	0	0	0	0	0	0	-0.5	0
Aff1	-0.5	0	-0.5	-0.5	0	-0.5	-0.5	-0.5
Aftph	-0.5	0	0	-0.5	-0.5	0	-0.5	0
Agap1	-0.5	0	-0.5	-0.5	-0.5	-0.5	-0.5	-0.5
Agfg2	0	0	0	0	0	0	0	0.5
Agpat2	-0.5	0	-0.5	-0.5	0	-0.5	0	-0.5
Agpat4	0	0	-0.5	-0.5	0	-0.5	-0.5	-0.5
Agpat9	0	0	0	0	-0.5	-0.5	-0.5	-0.5
Agrn	-0.5	0	-0.5	-0.5	-0.5	-0.5	-0.5	-0.5
Ahnak	-0.5	0	0	-0.5	-0.5	-0.5	-0.5	-0.5
Ahsa2	0	0	0	0	0	0	0	0.5
Ai467606	0	0	0	0	0	0	0	0.5
Ai504432	-0.5	0	-0.5	-0.5	0	-0.5	-0.5	0
Ai661453	-0.5	0	-0.5	0	0	0	-0.5	0
Aim1	0	0	-0.5	-0.5	0	0	0	-0.5
Aip	0	0	0	0	0	0	0	0.5
Airn	0	0	-0.5	-0.5	-0.5	-0.5	-0.5	0
Ak129341	0	0	0	-0.5	-0.5	-0.5	0	-0.5
Akap12	-0.5	0	0	-0.5	-0.5	0	-0.5	-0.5
Akap5	-0.5	0	-0.5	-0.5	0	0	0	-0.5
Alcam	-0.5	0	-0.5	-0.5	0	-0.5	-0.5	-0.5
Aldh3b1	-0.5	0	-0.5	-0.5	-0.5	-0.5	0	-0.5
Alkbh4	0	0	0	-0.5	0	0	0	0
Alox5ap	-0.5	0	-0.5	-0.5	0	-0.5	-0.5	-0.5
Aloxe3	-0.5	0	-0.5	-0.5	-0.5	0	-0.5	0
Als2	0	0	0	0	0	0	0	0.5
Ammecr1l	-0.5	0	0	-0.5	-0.5	0	0	-0.5
Amotl1	0	0	0	-0.5	0	0	0	0
Amotl2	0	0	-0.5	-0.5	0	0	0	0
Ampd2	0	0	0	0	0	0	0	0.5
Ampd3	0	0	0	0	0	0	0	0.5
Ang	-0.5	0	0	-0.5	-0.5	-0.5	0	0
Ank	-0.5	0	-0.5	-0.5	-0.5	-0.5	-0.5	-0.5
Ank3	0	0	0	0	0	-0.5	0	-0.5
Ankle1	0	0	0	0	0	0	0	0.5
Ankrd13b	0	0	0	0	0	0	0	0.5
Ankrd24	0	0	0	0	0	0	0	0.5
Ankrd27	0	0	0	0	0	0	0	0.5
Ankrd28	-0.5	0	-0.5	-0.5	0	-0.5	-0.5	-0.5
Ankrd50	-0.5	0	-0.5	-0.5	0	-0.5	0	-0.5
Anks1	0	0	0	0	0	0	0	0.5
Antxr1	-0.5	0	0	-0.5	-0.5	-0.5	0	0
Antxr2	0	0	-0.5	-0.5	0	-0.5	-0.5	-0.5
Anxa1	0	0	0	0	0	-0.5	-0.5	0
Anxa11	-0.5	0	0	-0.5	0	-0.5	-0.5	-0.5
Anxa2	-0.5	0	-0.5	-0.5	-0.5	-0.5	-0.5	-0.5
Anxa7	0	0	0	-0.5	0	-0.5	0	-0.5
Ap1g1	-0.5	0	-0.5	-0.5	0	0	0	-0.5
Ap3d1	0	0	0	0	0	0	0	0.5
Apba1	0	0	0	0	0	0	0	0.5
Aplp2	-0.5	0	-0.5	-0.5	0	-0.5	-0.5	-0.5
Apoe	-0.5	0	0	-0.5	-0.5	-0.5	-0.5	0
Appl1	-0.5	0	-0.5	-0.5	-0.5	-0.5	0	0
Aprt	0	0	0	0	0	0	0	0.5
Arf6	-0.5	0	-0.5	-0.5	0	-0.5	-0.5	-0.5
Arfgef2	0	0	0	0	0	0	0	0.5
Arhgap10	-0.5	0	-0.5	-0.5	0	-0.5	-0.5	0
Arhgap12	-0.5	0	-0.5	-0.5	-0.5	0	0	-0.5
Arhgap23	-0.5	0	0	0	0	-0.5	-0.5	0
Arhgap26	-0.5	0	-0.5	-0.5	-0.5	-0.5	-0.5	-0.5
Arhgap39	0	0	0	0	0	0	0	0.5
Arhgef18	0	0	0	0	0	0	0	0.5
Arhgef3	0	0	0	0	0	0	0	0.5
Arhgef37	0	0	0	0	0	0	0	0.5
Arid1a	0	0	0	0	0	0	0	0.5
Arid3a	0	0	-0.5	-0.5	0	0	0	-0.5
Arid4b	0	0	-0.5	-0.5	-0.5	0	0	0
Arl11	0	0	0	0	0	0	0	0.5
Arl2bp	-0.5	0	0	-0.5	-0.5	-0.5	0	0
Arl5a	-0.5	0	-0.5	-0.5	0	-0.5	-0.5	-0.5
Arl5c	0	0	0	0	0	0	0	0.5
Arl6	0	0	-0.5	0	0	-0.5	-0.5	-0.5
Arntl	0	0	-0.5	-0.5	-0.5	-0.5	0	0
Arrb1	-0.5	0	-0.5	-0.5	-0.5	0	-0.5	0
Arrdc3	0	0	0	0	0	0	0	0.5
Arsi	0	0	0	-0.5	0	-0.5	-0.5	0
Asap2	-0.5	0	0	-0.5	-0.5	-0.5	-0.5	-0.5
Ascc1	0	0	0	0	0	0	0	0.5
Asxl1	0	0	-0.5	-0.5	0	-0.5	-0.5	0
Atf2	-0.5	0	-0.5	-0.5	-0.5	0	0	-0.5
Atf3	0	0	0	0	0	0	0	0.5
Atmin	-0.5	0	-0.5	-0.5	-0.5	0	0	-0.5
Atp10a	0	0	-0.5	0	0	0	-0.5	-0.5
Atp11b	-0.5	0	-0.5	-0.5	0	-0.5	-0.5	-0.5
Atp11c	0	0	0	-0.5	0	-0.5	0	0
Atp1a1	-0.5	0	-0.5	-0.5	-0.5	-0.5	-0.5	0
Atp1a2	0	0	0	0	-0.5	0	0	0
Atp1a3	0	0	0	0	0	0	0	0.5
Atp1b3	-0.5	0	-0.5	-0.5	0	0	0	-0.5
Atp2a3	0	0	0	0	0	0	0	0.5
Atp2b1	-0.5	0	-0.5	-0.5	-0.5	-0.5	-0.5	0
Atp2b4	0	0	-0.5	-0.5	-0.5	0	-0.5	-0.5
Atp4a	0	0	0	0	0	0	0	0.5
Atp5s	0	0	0	0	0	0	0	0.5
Atp5sl	0	0	0	0	0	0	0	0.5
Atp8b1	-0.5	0	0	-0.5	-0.5	-0.5	-0.5	0
Atp8b4	0	0	0	0	-0.5	-0.5	-0.5	-0.5
Atrn	0	0	0	-0.5	-0.5	0	0	-0.5
Au019823	0	0	-0.5	-0.5	-0.5	-0.5	0	0
Auh	-0.5	0	-0.5	-0.5	0	-0.5	-0.5	-0.5
Aurkb	0	0	0	0	0	0	0	0.5
Avl9	-0.5	0	-0.5	-0.5	0	0	0	-0.5
Aw011738	0	0	0	0	0	0	0	0.5
Aw112010	0	0	0	0	0	0	0	0.5
Aw549877	-0.5	0	-0.5	-0.5	0	-0.5	-0.5	0
Axl	-0.5	0	-0.5	-0.5	0	-0.5	-0.5	-0.5
B230217c12rik	0	0	0	0	0	0	0	0.5
B3gnt5	-0.5	0	0	0	0	0	0	-0.5
B3gnt8	0	0	-0.5	-0.5	0	-0.5	-0.5	-0.5
B4galt3	-0.5	0	-0.5	-0.5	-0.5	0	0	-0.5
B4galt5	-0.5	0	-0.5	-0.5	0	-0.5	0	-0.5
B4galt6	0	0	0	0	0	0	0	0.5
Bahcc1	0	0	-0.5	0	0	-0.5	-0.5	0
Baiap2l1	0	0	0	0	0	0	0	0.5
Banp	0	0	0	0	0	0	0	0.5
Basp1	-0.5	0	-0.5	-0.5	-0.5	-0.5	-0.5	-0.5
Batf3	0	0	0	0	0	0	0	0.5
Bbs12	-0.5	0	-0.5	-0.5	0	-0.5	-0.5	0
Bc026585	0	0	0	0	0	0	0	0.5
Bc028528	0	0	0	-0.5	-0.5	-0.5	0	0
Bc029214	0	0	0	0	0	0	0	0.5
Bc030307	0	0	0	0	0	0	0	0.5
Bc030336	-0.5	0	-0.5	-0.5	0	-0.5	-0.5	0
Bc053749	0	0	0	0	0	0	0	0.5
Bc068157	0	0	0	0	0	0	0	0.5
Bcar1	0	0	-0.5	0	0	-0.5	0	-0.5
Bcar3	0	0	-0.5	0	0	-0.5	-0.5	-0.5
Bccip	-0.5	0	-0.5	-0.5	0	-0.5	0	0
Bckdha	0	0	0	0	0	0	0	0.5
Bcl2l1	-0.5	0	-0.5	-0.5	0	0	-0.5	-0.5
Bcl2l11	-0.5	0	-0.5	-0.5	-0.5	0	0	-0.5
Bcl2l2	0	0	0	0	0	0	0	0.5
Bcl3	-0.5	0	-0.5	-0.5	-0.5	-0.5	0	-0.5
Bcl6	0	0	0	0	0	0	0	0.5
Bco2	0	0	0	-0.5	-0.5	-0.5	-0.5	-0.5
Bcorl1	-0.5	0	-0.5	-0.5	0	-0.5	0	-0.5
Bcr	-0.5	0	0	-0.5	-0.5	-0.5	-0.5	-0.5
Bend3	-0.5	0	-0.5	-0.5	0	-0.5	0	0
Bhlhb9	0	0	0	0	0	0	0	0.5
Blzf1	-0.5	0	0	0	0	-0.5	0	-0.5
Bmf	0	0	0	0	0	0	0	0.5
Bmp2k	0	0	0	0	0	0	0	0.5
Bmpr1a	0	0	0	0	0	0	0	-0.5
Bpnt1	-0.5	0	-0.5	-0.5	-0.5	-0.5	0	-0.5
Braf	-0.5	0	-0.5	-0.5	-0.5	-0.5	-0.5	0
Bspry	0	0	0	0	0	0	0	0.5
Bst2	0	0	0	0	0	0	0	0.5
Btaf1	-0.5	0	-0.5	-0.5	-0.5	-0.5	-0.5	-0.5
Btbd16	0	0	0	0	0	0	0	0.5
Btbd19	0	0	0	0	0	0	0	0.5
Btbd2	0	0	0	0	0	0	0	0.5
Btbd7	-0.5	0	-0.5	-0.5	-0.5	-0.5	0	0
Bzw1	0	0	-0.5	-0.5	-0.5	-0.5	-0.5	0
C030034i22rik	0	0	0	-0.5	0	0	0	-0.5
C030039l03rik	0	0	0	0	0	0	0	0.5
C130036l24rik	0	0	0	0	0	0	0	0.5
C130050o18rik	0	0	0	0	0	-0.5	-0.5	-0.5
C1qbp	0	0	0	0	0	0	0	0.5
C1qtnf1	0	0	0	-0.5	0	-0.5	-0.5	0
C1qtnf3	-0.5	0	0	-0.5	0	0	0	-0.5
C230091d08rik	0	0	0	0	0	-0.5	-0.5	0
C2cd2	-0.5	0	-0.5	-0.5	0	-0.5	-0.5	0
C2cd3	0	0	0	0	0	0	0	0.5
C3	0	0	0	0	0	-0.5	-0.5	0
C78339	0	0	-0.5	0	0	-0.5	0	0
Cab39	-0.5	0	-0.5	-0.5	0	-0.5	-0.5	0
Cacna1d	0	0	0	-0.5	-0.5	-0.5	-0.5	0
Cacna2d2	0	0	0	0	0	0	0	0.5
Cacnb2	-0.5	0	-0.5	-0.5	0	0	0	0
Cacnb4	0	0	0	0	0	0	0	0.5
Cacybp	0	0	0	0	0	0	0	0.5
Cadm1	-0.5	0	-0.5	-0.5	-0.5	-0.5	-0.5	-0.5
Cadm3	0	0	0	-0.5	0	0	0	0
Cald1	-0.5	0	-0.5	0	0	0	0	-0.5
Caml	-0.5	0	-0.5	-0.5	0	0	0	0
Camsap1	-0.5	0	-0.5	-0.5	-0.5	0	0	-0.5
Cand1	0	0	-0.5	-0.5	-0.5	-0.5	-0.5	-0.5
Capg	0	0	0	-0.5	-0.5	-0.5	-0.5	-0.5
Capn2	0	0	0	-0.5	0	-0.5	-0.5	-0.5
Capn3	-0.5	0	0	-0.5	0	0	-0.5	0
Capn5	0	0	0	0	0	-0.5	-0.5	-0.5
Caprin1	0	0	0	0	0	0	0	0.5
Car13	0	0	0	-0.5	0	-0.5	-0.5	-0.5
Car5b	0	0	0	0	0	0	0	-0.5
Card10	-0.5	0	-0.5	-0.5	-0.5	-0.5	0	-0.5
Card11	0	0	0	0	0	0	0	0.5
Cask	0	0	0	0	0	0	0	0.5
Casp6	-0.5	0	0	-0.5	0	-0.5	-0.5	-0.5
Casp7	0	0	0	0	0	0	0	0.5
Cav1	0	0	-0.5	0	0	0	0	0
Cav2	-0.5	0	-0.5	-0.5	-0.5	-0.5	-0.5	-0.5
Cbl	0	0	0	0	0	0	0	0.5
Cblb	-0.5	0	-0.5	-0.5	0	-0.5	-0.5	0
Cbll1	-0.5	0	-0.5	-0.5	0	-0.5	0	0
Ccbl2	0	0	0	0	0	0	0	0.5
Ccdc101	0	0	0	0	0	0	0	0.5
Ccdc109b	0	0	-0.5	0	0	-0.5	-0.5	0
Ccdc114	-0.5	0	-0.5	-0.5	-0.5	-0.5	-0.5	-0.5
Ccdc146	0	0	-0.5	-0.5	-0.5	-0.5	-0.5	0
Ccdc53	0	0	0	0	0	0	0	0.5
Ccdc6	-0.5	0	-0.5	-0.5	-0.5	-0.5	-0.5	-0.5
Ccdc74a	-0.5	0	-0.5	-0.5	-0.5	-0.5	0	-0.5
Ccdc88a	0	0	0	0	0	0	0	0.5
Ccdc88c	0	0	0	0	0	0	0	0.5
Ccl17	-0.5	0	0	-0.5	0	0	0	0
Ccl9	0	0	0	-0.5	-0.5	0	0	0
Ccnc	0	0	0	0	0	0	0	-0.5
Ccne2	-0.5	0	-0.5	-0.5	0	-0.5	0	-0.5
Ccnf	0	0	0	0	0	0	0	0.5
Ccng2	0	0	0	0	0	0	0	0.5
Ccny	-0.5	0	-0.5	-0.5	-0.5	-0.5	-0.5	-0.5
Ccr5	-0.5	0	0	-0.5	0	0	0	0
Ccrn4l	0	0	-0.5	-0.5	0	-0.5	0	0
Cct7	0	0	0	0	0	0	0	0.5
Cd109	0	0	0	0	0	-0.5	-0.5	0
Cd14	-0.5	0	0	-0.5	0	-0.5	-0.5	-0.5
Cd151	0	0	-0.5	-0.5	-0.5	0	-0.5	-0.5
Cd160	0	0	0	0	-0.5	0	0	0
Cd164	-0.5	0	-0.5	0	0	-0.5	0	-0.5
Cd2ap	0	0	0	0	0	0	0	0.5
Cd300a	0	0	0	0	0	0	0	0.5
Cd37	0	0	0	-0.5	0	0	0	0
Cd44	0	0	-0.5	-0.5	0	-0.5	-0.5	-0.5
Cd53	0	0	-0.5	-0.5	0	-0.5	-0.5	0
Cd55	0	0	0	0	0	-0.5	0	-0.5
Cd63	0	0	-0.5	-0.5	-0.5	-0.5	-0.5	0
Cd72	0	0	0	0	0	0	0	0.5
Cd81	-0.5	0	-0.5	-0.5	0	0	0	0
Cd83	0	0	0	0	0	0	0	0.5
Cd86	0	-1.0	0	-0.5	0	-0.5	-0.5	-0.5
Cd9	0	0	0	0	0	-0.5	-0.5	0
Cd93	0	0	0	0	0	-0.5	-0.5	0
Cd99l2	-0.5	0	0	-0.5	-0.5	-0.5	-0.5	-0.5
Cdc16	-0.5	0	0	-0.5	-0.5	-0.5	0	-0.5
Cdc27	0	0	0	-0.5	0	-0.5	0	0
Cdc42ep1	-0.5	0	0	-0.5	-0.5	0	0	-0.5
Cdc42ep3	-0.5	0	-0.5	-0.5	0	-0.5	0	-0.5
Cdc42ep5	-0.5	0	-0.5	0	0	0	-0.5	-0.5
Cdca4	-0.5	0	-0.5	-0.5	-0.5	-0.5	0	-0.5
Cdh23	0	0	-0.5	-0.5	0	-0.5	-0.5	-0.5
Cdk17	-0.5	0	-0.5	-0.5	-0.5	-0.5	-0.5	-0.5
Cdkl3	0	0	0	0	0	0	0	0.5
Cdkn1a	-0.5	0	-0.5	-0.5	-0.5	-0.5	-0.5	-0.5
Cdkn2aip	0	0	-0.5	-0.5	0	-0.5	0	-0.5
Cdkn2c	0	0	0	0	0	0	0	0.5
Cdkn2d	0	0	0	-0.5	0	-0.5	-0.5	0
Cdr2	0	0	-0.5	0	0	-0.5	-0.5	0
Cdyl2	0	0	0	0	0	0	0	0.5
Cebpg	-0.5	0	-0.5	-0.5	0	-0.5	-0.5	-0.5
Celf4	0	0	0	0	0	0	0	0.5
Cenpa	0	0	-0.5	-0.5	0	-0.5	0	0
Cenpb	-0.5	0	-0.5	-0.5	0	0	0	-0.5
Cep57l1	0	0	0	0	0	0	0	0.5
Cep63	0	0	0	0	0	0	0	0.5
Cfb	0	0	0	0	0	0	0	0.5
Cflar	-0.5	0	-0.5	-0.5	-0.5	-0.5	-0.5	-0.5
Cggbp1	-0.5	0	-0.5	-0.5	-0.5	-0.5	0	-0.5
Ch25h	0	0	0	0	0	-0.5	-0.5	0
Chd5	0	0	0	-0.5	-0.5	-0.5	0	0
Chid1	0	0	0	0	0	0	0	0.5
Chka	0	0	0	0	0	0	0	0.5
Chst11	0	0	-0.5	-0.5	-0.5	-0.5	-0.5	-0.5
Chsy1	-0.5	0	-0.5	-0.5	-0.5	-0.5	0	0
Cideb	-0.5	0	-0.5	-0.5	-0.5	-0.5	0	-0.5
Cirh1a	-0.5	0	-0.5	-0.5	-0.5	-0.5	-0.5	0
Cish	-0.5	0	-0.5	-0.5	-0.5	0	0	-0.5
Cited4	0	0	0	0	0	0	0	0.5
Ciz1	0	0	0	0	0	0	0	0.5
Ckap4	0	0	-0.5	-0.5	0	0	0	0
Clasp2	-0.5	0	-0.5	-0.5	-0.5	-0.5	-0.5	-0.5
Clcf1	-0.5	0	0	-0.5	-0.5	-0.5	-0.5	0
Clcn5	0	0	0	0	0	0	-0.5	0
Cldn1	-0.5	0	0	0	0	-0.5	-0.5	0
Cldn12	-0.5	0	0	-0.5	0	-0.5	0	0
Clec2i	0	0	0	0	0	-0.5	-0.5	0
Clec4d	0	0	0	-0.5	0	-0.5	-0.5	0
Clic4	-0.5	0	-0.5	-0.5	-0.5	-0.5	-0.5	-0.5
Clip2	0	0	0	0	0	0	0	0.5
Cln3	-0.5	0	-0.5	-0.5	0	-0.5	0	0
Clock	-0.5	0	-0.5	-0.5	-0.5	0	0	0
Clpx	0	0	-0.5	-0.5	-0.5	0	0	0
Clybl	0	0	0	0	0	0	0	0.5
Cmtm6	-0.5	0	-0.5	-0.5	-0.5	-0.5	-0.5	-0.5
Cnksr3	-0.5	0	0	-0.5	-0.5	0	0	-0.5
Cnn1	-0.5	0	-0.5	-0.5	-0.5	-0.5	0	0
Cnnm2	-0.5	0	-0.5	-0.5	0	-0.5	-0.5	-0.5
Cnot4	0	0	0	-0.5	0	-0.5	-0.5	-0.5
Cnpy4	0	0	0	0	0	0	0	0.5
Col12a1	0	0	0	0	0	-0.5	-0.5	0
Col14a1	0	0	0	-0.5	0	-0.5	-0.5	0
Col15a1	0	0	0	-0.5	0	-0.5	-0.5	-0.5
Col16a1	-0.5	0	-0.5	-0.5	0	0	0	0
Col23a1	0	0	0	0	0	0	0	0.5
Col4a1	0	0	0	-0.5	-0.5	0	0	0
Col4a2	-0.5	0	0	-0.5	0	-0.5	-0.5	0
Col4a3bp	0	0	-0.5	-0.5	0	-0.5	-0.5	-0.5
Col4a6	0	0	0	-0.5	0	0	0	0
Col5a3	0	0	-0.5	0	0	0	0	0
Col7a1	0	0	0	-0.5	-0.5	0	0	-0.5
Col8a1	0	0	0	-0.5	0	0	0	0
Colec12	0	0	0	0	0	-0.5	-0.5	0
Comt	0	0	0	0	0	0	0	0.5
Coro1b	0	0	0	0	0	0	0	0.5
Cox19	0	0	0	-0.5	0	0	0	-0.5
Cox7a2l	0	0	0	0	0	0	0	0.5
Cpd	-0.5	0	0	-0.5	0	0	0	-0.5
Cpeb1	0	0	-0.5	-0.5	-0.5	0	0	-0.5
Cpeb3	-0.5	0	-0.5	-0.5	-0.5	-0.5	-0.5	-0.5
Cpne8	0	0	-0.5	0	0	0	0	0
Cramp1l	-0.5	0	-0.5	-0.5	-0.5	-0.5	0	-0.5
Creb5	-0.5	0	0	-0.5	0	-0.5	-0.5	-0.5
Creg1	0	0	0	0	0	0	0	0.5
Crip1	-0.5	0	0	-0.5	0	-0.5	-0.5	-0.5
Crip2	-0.5	0	-0.5	-0.5	-0.5	-0.5	-0.5	-0.5
Crk	0	0	-0.5	-0.5	0	-0.5	-0.5	-0.5
Crkl	-0.5	0	-0.5	-0.5	0	0	0	0
Crtap	-0.5	0	-0.5	-0.5	-0.5	0	0	-0.5
Crtc2	-0.5	0	-0.5	-0.5	-0.5	-0.5	-0.5	0
Crtc3	0	0	0	-0.5	-0.5	0	-0.5	-0.5
Csf1	0	0	0	-0.5	0	-0.5	0	0
Csf2rb	0	0	0	0	0	-0.5	0	0
Csf2rb2	0	0	0	-0.5	0	-0.5	0	-0.5
Csf3	0	0	0	-0.5	0	0	0	-0.5
Ctgf	0	0	0	-0.5	-0.5	0	0	0
Ctnna1	-0.5	0	-0.5	-0.5	0	-0.5	-0.5	-0.5
Ctnnal1	-0.5	0	-0.5	-0.5	0	-0.5	-0.5	-0.5
Ctse	0	0	0	-0.5	0	-0.5	-0.5	0
Cttnbp2nl	-0.5	0	0	-0.5	0	-0.5	-0.5	-0.5
Cuedc2	0	0	0	0	0	0	0	0.5
Cwc25	0	0	0	0	0	0	0	0.5
Cwf19l1	-0.5	0	-0.5	-0.5	0	0	-0.5	0
Cx3cl1	0	0	0	-0.5	0	-0.5	-0.5	0
Cxcl1	0	0	0	-0.5	-0.5	-0.5	-0.5	0
Cxcl2	0	0	0	0	0	0	0	0.5
Cxcr4	0	0	0	0	0	0	0	0.5
Cxxc5	-0.5	0	0	-0.5	-0.5	-0.5	-0.5	0
Cyp20a1	-0.5	0	-0.5	-0.5	0	0	0	0
Cyp2ab1	0	0	0	-0.5	-0.5	0	0	0
Cyp2t4	-0.5	0	-0.5	-0.5	0	-0.5	0	0
Cyp4f16	0	0	0	0	0	0	0	0.5
Cyth1	-0.5	0	0	-0.5	-0.5	-0.5	-0.5	-0.5
Cyth3	-0.5	0	0	-0.5	-0.5	-0.5	-0.5	0
Cytip	-0.5	0	-0.5	-0.5	0	-0.5	-0.5	0
Cyyr1	0	0	0	0	0	-0.5	0	0
D030028a08rik	0	0	0	0	0	0	0	0.5
D3bwg0562e	0	0	0	-0.5	0	0	0	0
D730005e14rik	-0.5	0	-0.5	-0.5	0	0	-0.5	0
D8ertd738e	1.0	0	0	0	0	0	0	0.5
D8ertd82e	-0.5	0	-0.5	-0.5	-0.5	-0.5	0	-0.5
D930020b18rik	0	0	0	0	0	0	0	0.5
Daam1	-0.5	0	0	-0.5	-0.5	-0.5	-0.5	-0.5
Dagla	-0.5	0	-0.5	-0.5	-0.5	-0.5	-0.5	0
Daglb	0	0	0	0	0	0	0	0.5
Dak	0	0	0	0	0	0	0	0.5
Dcaf10	-0.5	0	-0.5	-0.5	-0.5	-0.5	-0.5	0
Dchs1	-0.5	0	-0.5	-0.5	-0.5	0	-0.5	0
Dclk1	-0.5	0	0	0	0	-0.5	-0.5	0
Dclre1b	-0.5	0	-0.5	-0.5	0	-0.5	0	0
Dcps	0	0	0	0	0	0	0	0.5
Dctn4	-0.5	0	0	-0.5	-0.5	-0.5	-0.5	-0.5
Dcun1d3	-0.5	0	-0.5	-0.5	-0.5	0	-0.5	-0.5
Ddhd1	0	0	0	0	0	0	0	0.5
Ddit3	0	0	0	0	0	0	0	0.5
Ddr1	0	0	0	0	0	0	0	0.5
Ddr2	-0.5	0	0	0	0	0	0	0
Ddx41	-0.5	0	0	-0.5	0	0	0	0
Ddx6	-0.5	0	-0.5	-0.5	0	-0.5	0	-0.5
Decr2	0	0	0	0	0	0	0	0.5
Dennd2a	0	0	0	-0.5	0	-0.5	0	-0.5
Dennd3	0	0	0	0	0	0	0	0.5
Dennd4a	-0.5	0	-0.5	-0.5	-0.5	-0.5	-0.5	-0.5
Depdc7	-0.5	0	-0.5	-0.5	-0.5	-0.5	0	0
Dfna5	0	0	-0.5	-0.5	0	-0.5	-0.5	0
Dgka	0	0	0	-0.5	0	-0.5	0	0
Dgkb	0	0	0	0	0	0	-0.5	0
Dgkg	0	0	0	-0.5	0	-0.5	-0.5	0
Dgkh	0	0	-0.5	-0.5	-0.5	-0.5	-0.5	0
Dhcr7	0	0	0	0	0	0	0	0.5
Dhdds	0	0	0	0	0	0	0	0.5
Dhdh	0	0	0	0	0	0	0	0.5
Dhrs9	0	0	0	0	0	-0.5	-0.5	0
Dhx58	0	0	0	0	0	0	0	0.5
Diap1	-0.5	0	-0.5	-0.5	-0.5	-0.5	-0.5	0
Dimt1	0	0	-0.5	-0.5	0	0	0	0
Dirc2	0	0	0	0	0	0	0	0.5
Dis3l2	0	0	0	0	0	0	0	0.5
Dlc1	-0.5	0	0	0	0	0	0	0
Dld	0	0	-0.5	-0.5	0	0	-0.5	0
Dleu2	0	0	0	0	0	0	0	0.5
Dmpk	0	0	-0.5	-0.5	0	0	-0.5	-0.5
Dnajb1	0	0	0	0	0	0	0	0.5
Dnajc10	0	0	-0.5	-0.5	-0.5	-0.5	0	-0.5
Dnajc4	0	0	0	0	0	0	0	0.5
Dnase2a	0	0	0	0	0	0	0	0.5
Dnm1	-0.5	0	-0.5	-0.5	0	0	0	-0.5
Dnm3os	0	0	0	0	0	-0.5	0	0
Dnmt3a	0	0	0	0	0	0	0	0.5
Dock9	0	0	-0.5	0	0	-0.5	0	-0.5
Dpep2	0	0	0	0	0	0	0	-0.5
Dpy19l1	0	0	0	0	0	0	0	0.5
Dpysl5	0	0	0	-0.5	-0.5	0	0	-0.5
Dram1	0	0	0	0	0	0	0	0.5
Dscaml1	0	0	0	-0.5	0	-0.5	0	0
Dsel	0	0	-0.5	-0.5	0	-0.5	0	-0.5
Dst	0	0	0	-0.5	0	-0.5	0	0
Dtd1	0	0	0	0	0	0	0	0.5
Dtnbp1	-0.5	0	-0.5	-0.5	0	-0.5	-0.5	-0.5
Dusp1	0	0	0	0	0	0	0	0.5
Dusp10	0	0	0	0	0	0	0	0.5
Dusp2	-0.5	0	-0.5	-0.5	-0.5	-0.5	0	-0.5
Dusp8	0	0	0	0	0	0	0	0.5
Dvl3	-0.5	0	-0.5	-0.5	-0.5	-0.5	-0.5	-0.5
Dym	0	0	0	0	0	0	0	0.5
Dyrk2	0	0	0	0	0	0	0	0.5
E130112n10rik	0	0	0	-0.5	0	-0.5	0	-0.5
E230016k23rik	0	0	0	-0.5	-0.5	-0.5	-0.5	-0.5
E2f1	0	0	0	0	0	0	0	0.5
E2f5	-0.5	0	-0.5	-0.5	-0.5	0	0	-0.5
E330020d12rik	0	0	0	0	0	0	0	0.5
Eaf1	0	0	0	-0.5	0	0	0	0
Eaf2	0	0	0	0	0	0	0	0.5
Ears2	0	0	0	-0.5	-0.5	-0.5	0	0
Ebf3	-0.5	0	-0.5	-0.5	-0.5	0	0	0
Ecm1	0	0	-0.5	0	0	-0.5	-0.5	0
Ecsit	0	0	0	0	0	0	0	0.5
Ect2l	0	0	0	0	0	-0.5	-0.5	0
Edc3	0	0	0	-0.5	-0.5	0	-0.5	-0.5
Edc4	-0.5	0	0	-0.5	0	-0.5	-0.5	0
Edem2	0	0	0	0	0	0	0	0.5
Eea1	-0.5	0	-0.5	-0.5	0	-0.5	-0.5	-0.5
Eed	-0.5	0	-0.5	-0.5	-0.5	-0.5	0	0
Eef2k	0	0	0	0	0	0	0	0.5
Eepd1	0	0	0	0	0	0	0	0.5
Efhd1	0	0	-0.5	0	0	0	0	0
Efnb2	-0.5	0	-0.5	-0.5	0	0	0	-0.5
Efr3b	0	0	0	-0.5	0	-0.5	0	0
Egfr	0	0	0	-0.5	0	0	0	0
Ehd1	-0.5	0	-0.5	-0.5	-0.5	-0.5	-0.5	-0.5
Ehd2	0	0	-0.5	-0.5	-0.5	0	-0.5	0
Ehd4	-0.5	0	-0.5	-0.5	0	-0.5	0	0
Ehmt1	0	0	0	0	0	0	0	0.5
Ehmt2	0	0	0	0	0	0	0	0.5
Eif1a	-0.5	0	-0.5	-0.5	-0.5	-0.5	-0.5	-0.5
Elmo2	0	0	0	0	0	0	0	0.5
Elmod2	-0.5	0	-0.5	-0.5	-0.5	-0.5	-0.5	0
Emid1	-0.5	0	-0.5	-0.5	0	-0.5	0	-0.5
Emilin2	-0.5	0	0	-0.5	-0.5	-0.5	-0.5	0
Eml1	0	0	0	-0.5	-0.5	0	0	0
Emp2	0	0	0	-0.5	0	0	-0.5	-0.5
Emp3	-0.5	0	-0.5	-0.5	-0.5	-0.5	-0.5	-0.5
Enah	0	0	0	-0.5	-0.5	-0.5	-0.5	0
Endod1	-0.5	0	-0.5	-0.5	0	-0.5	-0.5	0
Eno3	0	0	0	0	0	0	0	0.5
Enpp1	-0.5	0	0	-0.5	-0.5	0	0	0
Enpp3	0	0	0	0	0	-0.5	-0.5	0
Entpd1	-0.5	0	-0.5	-0.5	0	-0.5	-0.5	-0.5
Epas1	-0.5	0	0	-0.5	0	-0.5	0	-0.5
Epha7	0	0	0	-0.5	0	-0.5	0	-0.5
Ephb3	0	0	0	-0.5	-0.5	0	0	-0.5
Eps8	-0.5	0	-0.5	-0.5	0	-0.5	-0.5	0
Ept1	-0.5	0	0	-0.5	0	0	0	-0.5
Erg	0	0	0	-0.5	0	-0.5	-0.5	-0.5
Ermap	0	0	0	0	0	0	0	0.5
Erp29	0	0	0	0	0	0	0	0.5
Erp44	0	0	-0.5	-0.5	0	-0.5	-0.5	0
Esco1	-0.5	0	-0.5	-0.5	-0.5	0	0	0
Esf1	0	0	0	-0.5	0	0	-0.5	0
Etaa1	-0.5	0	-0.5	-0.5	0	0	0	-0.5
Etnk2	-0.5	0	0	-0.5	-0.5	-0.5	-0.5	-0.5
Etv1	0	0	-0.5	-0.5	0	-0.5	-0.5	0
Etv3	-0.5	0	0	-0.5	-0.5	-0.5	-0.5	-0.5
Exoc5	-0.5	0	-0.5	-0.5	0	-0.5	0	0
Exoc6	0	0	0	0	0	0	0	0.5
Exoc8	-0.5	0	-0.5	-0.5	0	-0.5	0	0
Ext1	-0.5	0	-0.5	-0.5	0	-0.5	-0.5	-0.5
F2r	0	0	-0.5	0	0	-0.5	-0.5	-0.5
F2rl2	0	0	0	0	0	0	-0.5	0
F8	-0.5	0	-0.5	-0.5	0	-0.5	0	0
Fam102b	-0.5	0	-0.5	-0.5	0	-0.5	-0.5	-0.5
Fam103a1	0	0	0	-0.5	-0.5	-0.5	0	0
Fam109b	-0.5	0	-0.5	-0.5	-0.5	-0.5	0	-0.5
Fam114a1	-0.5	0	0	-0.5	0	-0.5	-0.5	-0.5
Fam117a	0	0	0	0	0	0	0	0.5
Fam117b	-0.5	0	-0.5	-0.5	0	-0.5	0	-0.5
Fam126a	-0.5	0	0	-0.5	-0.5	-0.5	-0.5	-0.5
Fam126b	0	0	0	0	0	-0.5	0	0
Fam129b	-0.5	0	-0.5	-0.5	-0.5	-0.5	-0.5	-0.5
Fam129c	0	0	0	0	0	0	0	0.5
Fam134b	0	0	0	0	0	0	0	0.5
Fam134c	-0.5	0	-0.5	-0.5	-0.5	-0.5	0	0
Fam167a	0	0	0	-0.5	0	-0.5	-0.5	0
Fam173a	0	0	0	0	0	0	0	0.5
Fam179b	-0.5	0	0	-0.5	0	0	0	-0.5
Fam198b	0	0	0	-0.5	0	-0.5	0	-0.5
Fam20a	-0.5	0	0	0	0	-0.5	-0.5	0
Fam20b	0	0	-0.5	-0.5	-0.5	0	0	0
Fam20c	-0.5	0	0	-0.5	0	-0.5	-0.5	0
Fam46c	0	0	0	0	0	0	0	0.5
Fam49a	0	0	0	0	0	0	0	0.5
Fam57a	-0.5	0	0	-0.5	0	-0.5	0	0
Fam60a	-0.5	0	-0.5	-0.5	0	0	0	0
Fam63a	-0.5	0	-0.5	-0.5	0	-0.5	0	-0.5
Fam64a	0	0	0	0	0	0	0	0.5
Fam71f2	0	0	0	0	0	0	0	0.5
Farp1	0	0	0	0	0	-0.5	-0.5	-0.5
Fas	-0.5	0	0	0	0	-0.5	0	-0.5
Fat4	0	0	-0.5	0	0	-0.5	0	-0.5
Fbn1	0	0	0	-0.5	0	0	0	0
Fbxl14	-0.5	0	-0.5	-0.5	-0.5	0	-0.5	0
Fbxl19	0	0	0	0	0	0	0	0.5
Fbxo11	-0.5	0	-0.5	-0.5	-0.5	-0.5	-0.5	0
Fbxo21	-0.5	0	-0.5	-0.5	-0.5	0	0	-0.5
Fbxo3	-0.5	0	0	-0.5	-0.5	0	0	-0.5
Fbxo30	-0.5	0	-0.5	-0.5	0	-0.5	0	-0.5
Fbxo32	0	0	0	0	0	0	0	0.5
Fbxo34	0	0	0	0	0	0	0	0.5
Fbxo45	-0.5	0	-0.5	-0.5	0	0	0	0
Fbxw4	0	0	0	0	0	0	0	0.5
Fcgr2b	0	0	0	-0.5	0	-0.5	-0.5	0
Fcgr3	0	0	-0.5	-0.5	-0.5	-0.5	-0.5	0
Fcho1	0	0	0	0	0	0	0	0.5
Fdft1	0	0	0	0	0	0	0	0.5
Fdxacb1	0	0	0	0	0	0	0	0.5
Fem1a	-0.5	0	-0.5	-0.5	-0.5	-0.5	-0.5	0
Fem1b	-0.5	0	-0.5	-0.5	0	0	0	-0.5
Fert2	-0.5	0	0	-0.5	-0.5	-0.5	0	0
Fgd1	0	0	0	0	0	0	0	0.5
Fgd3	0	0	0	0	0	0	0	0.5
Fgd6	-0.5	0	-0.5	-0.5	0	-0.5	-0.5	-0.5
Fgf11	0	0	0	0	0	0	0	0.5
Fgf7	0	0	0	0	0	0	-0.5	0
Fgr	0	0	0	0	0	0	0	0.5
Fhl3	-0.5	0	-0.5	-0.5	-0.5	-0.5	-0.5	0
Filip1l	0	0	0	0	0	0	0	0.5
Fkbp11	0	0	0	-0.5	-0.5	0	0	0
Fkbp15	0	0	0	0	0	0	0	0.5
Fkbp5	0	0	0	0	0	0	0	0.5
Fli1	-0.5	0	-0.5	-0.5	0	-0.5	-0.5	0
Flnc	-0.5	0	0	-0.5	-0.5	0	0	-0.5
Flot2	0	0	-0.5	-0.5	0	-0.5	0	-0.5
Flrt3	-0.5	0	0	0	0	0	-0.5	0
Flt1	0	0	-0.5	-0.5	0	0	0	-0.5
Fmnl1	-0.5	0	-0.5	-0.5	-0.5	-0.5	-0.5	-0.5
Fmo5	0	0	0	0	0	0	0	0.5
Fn1	-0.5	0	-0.5	-0.5	0	-0.5	-0.5	0
Fnbp1l	-0.5	0	-0.5	-0.5	-0.5	0	0	0
Fndc3a	-0.5	0	-0.5	-0.5	-0.5	0	-0.5	0
Fndc5	0	0	0	0	0	0	0	0.5
Fnip2	-0.5	0	-0.5	-0.5	0	-0.5	-0.5	-0.5
Fnta	-0.5	0	-0.5	-0.5	-0.5	-0.5	0	-0.5
Fos	0	0	0	0	0	0	0	0.5
Fosb	0	0	0	0	0	0	0	0.5
Foxm1	0	0	0	0	0	0	0	0.5
Foxn2	0	0	-0.5	-0.5	0	-0.5	0	-0.5
Foxn3	-0.5	0	-0.5	-0.5	-0.5	-0.5	-0.5	0
Foxo1	0	0	-0.5	-0.5	0	-0.5	-0.5	-0.5
Frem1	0	0	0	0	0	0	-0.5	0
Frmd6	-0.5	0	-0.5	-0.5	-0.5	-0.5	0	-0.5
Fscn2	-0.5	0	0	-0.5	0	-0.5	-0.5	-0.5
Fth1	0	0	0	0	0	0	0	0.5
Ftsj2	0	0	-0.5	0	0	0	0	0
Furin	-0.5	0	-0.5	-0.5	0	-0.5	-0.5	-0.5
Fyco1	0	0	0	0	0	0	0	0.5
Fyn	-0.5	0	0	-0.5	-0.5	-0.5	-0.5	-0.5
Fzd6	0	0	-0.5	0	0	0	0	-0.5
G6pdx	0	0	0	0	0	0	0	0.5
Gadd45a	0	0	-0.5	0	0	0	0	0
Gadd45b	0	0	-0.5	-0.5	-0.5	-0.5	-0.5	-0.5
Gadd45g	-0.5	0	-0.5	-0.5	0	-0.5	-0.5	0
Galk1	0	0	0	0	0	0	0	0.5
Gan	-0.5	0	-0.5	-0.5	-0.5	-0.5	-0.5	-0.5
Gas7	-0.5	0	0	-0.5	0	-0.5	-0.5	-0.5
Gatm	-0.5	0	-0.5	0	0	0	0	0
Gatsl2	-0.5	0	-0.5	-0.5	-0.5	-0.5	-0.5	0
Gbgt1	0	0	0	0	0	0	0	0.5
Gcc1	-0.5	0	-0.5	-0.5	0	-0.5	-0.5	-0.5
Gcc2	0	0	0	-0.5	0	0	0	0
Gch1	-0.5	0	-0.5	-0.5	0	0	-0.5	-0.5
Gda	-0.5	0	0	-0.5	0	-0.5	-0.5	0
Gfod1	-0.5	0	-0.5	-0.5	-0.5	-0.5	-0.5	-0.5
Gga2	-0.5	0	0	-0.5	-0.5	0	0	-0.5
Ghr	-0.5	0	0	-0.5	-0.5	0	0	0
Gimap5	0	0	0	-0.5	0	-0.5	-0.5	0
Glcci1	-0.5	0	-0.5	-0.5	0	-0.5	-0.5	-0.5
Gli1	-0.5	0	-0.5	-0.5	-0.5	-0.5	0	0
Glipr2	0	0	-0.5	-0.5	0	-0.5	-0.5	0
Glis3	0	0	0	0	0	-0.5	-0.5	0
Glp2r	-0.5	0	0	0	0	0	0	0
Gls	-0.5	0	-0.5	-0.5	-0.5	-0.5	0	-0.5
Glt25d1	0	0	0	0	0	0	0	0.5
Gm11696	-0.5	0	-0.5	-0.5	0	0	-0.5	0
Gm12359	-0.5	0	-0.5	-0.5	-0.5	-0.5	0	-0.5
Gm128	-0.5	0	0	-0.5	-0.5	0	-0.5	0
Gm13939	-0.5	0	0	-0.5	0	0	0	0
Gm14005	0	0	0	0	0	0	0	0.5
Gm14378	0	0	0	0	0	0	0	0.5
Gm15800	0	0	0	0	0	0	0	0.5
Gm16515	0	0	0	0	0	0	0	0.5
Gm614	0	0	0	0	0	0	0	0.5
Gmps	0	0	-0.5	-0.5	0	0	0	-0.5
Gna11	-0.5	0	-0.5	-0.5	0	-0.5	0	-0.5
Gna12	0	0	0	0	0	0	0	0.5
Gna13	-0.5	0	-0.5	-0.5	0	0	-0.5	0
Gnai3	0	0	0	-0.5	0	0	0	0
Gnb4	0	0	0	0	0	0	0	-0.5
Gng12	0	0	-0.5	-0.5	-0.5	-0.5	0	-0.5
Golga7	-0.5	0	0	-0.5	-0.5	0	0	0
Golph3l	0	0	0	-0.5	-0.5	-0.5	-0.5	0
Gorab	0	0	0	-0.5	0	-0.5	-0.5	0
Gp49a	0	0	0	0	-0.5	-0.5	-0.5	0
Gpbp1	-0.5	0	-0.5	-0.5	0	-0.5	0	-0.5
Gpc1	-0.5	0	-0.5	-0.5	-0.5	-0.5	0	0
Gpc3	0	0	0	0	0	0	0	-0.5
Gpc6	0	0	0	-0.5	0	-0.5	-0.5	0
Gpd1l	0	0	0	0	0	0	0	0.5
Gpd2	0	0	0	-0.5	0	-0.5	-0.5	0
Gpnmb	0	0	0	0	0	-0.5	-0.5	0
Gpr114	0	0	0	0	0	0	0	0.5
Gpr116	0	0	0	0	0	-0.5	0	0
Gpr126	-0.5	0	0	-0.5	0	-0.5	-0.5	-0.5
Gpr146	-0.5	0	-0.5	-0.5	-0.5	-0.5	0	-0.5
Gpr152	0	0	0	0	0	0	0	0.5
Gpr153	-0.5	0	-0.5	-0.5	0	0	0	0
Gpr171	0	0	0	-0.5	0	-0.5	0	0
Gpr56	-0.5	0	-0.5	-0.5	-0.5	-0.5	-0.5	-0.5
Gpr68	-0.5	0	0	-0.5	-0.5	-0.5	-0.5	0
Gpr84	-0.5	0	-0.5	-0.5	0	-0.5	-0.5	-0.5
Gpr85	0	0	-0.5	-0.5	-0.5	-0.5	0	0
Gpr97	-0.5	0	0	-0.5	-0.5	-0.5	-0.5	0
Gpsm2	-0.5	0	-0.5	-0.5	-0.5	-0.5	0	-0.5
Gramd3	-0.5	0	-0.5	-0.5	0	0	-0.5	0
Gramd4	0	0	-0.5	-0.5	-0.5	-0.5	-0.5	0
Grap2	0	0	0	-0.5	0	-0.5	-0.5	0
Grasp	0	0	0	0	0	0	0	0.5
Greb1l	0	0	0	-0.5	0	-0.5	-0.5	0
Grhl1	-0.5	0	0	-0.5	-0.5	-0.5	-0.5	-0.5
Grk5	0	0	-0.5	-0.5	0	-0.5	-0.5	-0.5
Grk6	0	0	0	0	0	0	0	0.5
Grrp1	-0.5	0	-0.5	-0.5	0	0	-0.5	0
Gsdma	0	0	0	-0.5	-0.5	0	-0.5	0
Gse1	-0.5	0	-0.5	-0.5	-0.5	-0.5	-0.5	-0.5
Gsg1	0	0	0	0	0	0	0	0.5
Gspt1	0	0	-0.5	-0.5	-0.5	-0.5	-0.5	-0.5
Gstk1	0	0	0	0	0	0	0	0.5
Gstm1	0	0	0	-0.5	-0.5	0	0	-0.5
Gtf2e2	-0.5	0	-0.5	-0.5	0	-0.5	-0.5	-0.5
Gtf2i	0	0	0	0	0	0	0	0.5
Gtf2ird2	0	0	0	0	0	0	0	0.5
Gtf3c3	0	0	0	0	0	0	-0.5	0
Gtf3c4	0	0	0	0	-0.5	0	0	0
Gucy1a3	0	0	0	-0.5	0	0	0	0
Gusb	-0.5	0	-0.5	-0.5	0	0	-0.5	0
Gxylt1	-0.5	0	-0.5	-0.5	-0.5	-0.5	0	-0.5
Gys1	0	0	0	0	0	0	0	0.5
H13	-0.5	0	-0.5	-0.5	0	-0.5	0	-0.5
H2-dmb2	0	0	0	0	0	0	0	0.5
H2-eb2	-0.5	-1.0	0	0	0	-0.5	0	0
H2-ke6	0	0	0	0	0	0	0	0.5
H2-m3	0	0	0	0	0	0	0	0.5
H2-t23	0	0	0	0	0	0	0	0.5
H2-t24	0	0	0	0	0	0	0	0.5
H2afz	-0.5	0	-0.5	-0.5	-0.5	-0.5	0	0
Hagh	0	0	0	0	0	0	0	0.5
Hap1	0	0	0	0	0	0	0	0.5
Has1	0	0	0	-0.5	0	0	0	0
Haus8	0	0	0	0	0	0	0	0.5
Hc	-0.5	0	0	-0.5	0	-0.5	-0.5	0
Hdac3	0	0	0	0	0	0	0	0.5
Heg1	-0.5	0	0	-0.5	-0.5	-0.5	0	-0.5
Hemk1	0	0	0	-0.5	-0.5	-0.5	0	-0.5
Hepacam2	0	0	0	-0.5	0	-0.5	0	0
Herc6	0	0	0	0	0	0	0	0.5
Herpud1	0	0	0	0	0	0	0	0.5
Hgf	0	0	0	0	0	0	0	-0.5
Hgfac	0	0	0	0	0	0	0	0.5
Hgsnat	0	0	0	0	0	0	0	0.5
Hhip	0	0	-0.5	0	0	0	0	0
Hiatl1	0	0	-0.5	0	-0.5	0	0	0
Hic1	0	0	0	0	0	0	0	0.5
Hic2	0	0	0	0	0	0	0	0.5
Hip1r	-0.5	0	-0.5	-0.5	0	-0.5	-0.5	-0.5
Hlx	0	0	-0.5	-0.5	0	-0.5	-0.5	-0.5
Hmg20a	0	0	0	0	0	0	0	0.5
Homer2	0	0	0	0	0	-0.5	-0.5	0
Hook2	0	0	0	0	0	0	0	0.5
Hoxa1	0	0	-0.5	-0.5	0	-0.5	-0.5	0
Hps1	0	0	0	0	0	0	0	0.5
Hps4	-0.5	0	-0.5	0	0	0	0	0
Hs1bp3	0	0	0	0	0	0	0	0.5
Hsf2	-0.5	0	-0.5	-0.5	0	0	0	0
Hsp90ab1	0	0	0	0	0	0	0	0.5
Hspa12a	0	0	0	-0.5	0	0	0	0
Hspa12b	0	0	0	-0.5	0	0	0	0
Hspa4l	0	0	0	0	0	0	0	0.5
Hspb7	0	0	0	-0.5	0	-0.5	0	-0.5
Hspb9	0	0	0	0	0	0	-0.5	0
Hspd1	0	0	0	0	0	0	0	0.5
Hspe1	0	0	0	0	0	0	0	0.5
Hspg2	-0.5	0	-0.5	-0.5	-0.5	0	0	-0.5
Htr7	0	0	-0.5	-0.5	-0.5	-0.5	-0.5	-0.5
Icam5	0	0	0	-0.5	-0.5	-0.5	-0.5	-0.5
Id1	-0.5	0	-0.5	0	0	0	-0.5	0
Id2	-0.5	0	-0.5	-0.5	0	-0.5	0	0
Id3	-0.5	0	-0.5	-0.5	-0.5	-0.5	0	-0.5
Idi1	-0.5	0	-0.5	0	0	-0.5	-0.5	-0.5
Idua	0	0	0	0	0	0	0	0.5
Ier3	0	0	0	-0.5	0	-0.5	-0.5	-0.5
Ier3ip1	-0.5	0	0	-0.5	-0.5	0	0	-0.5
Ifi205	0	0	0	-0.5	-0.5	-0.5	0	0
Ifitm2	0	0	-0.5	-0.5	-0.5	-0.5	-0.5	-0.5
Ifnar1	-0.5	0	0	-0.5	0	-0.5	-0.5	-0.5
Ifnar2	-0.5	0	-0.5	-0.5	0	-0.5	0	-0.5
Ifrd1	0	0	0	0	0	0	0	0.5
Ift57	0	0	0	0	0	0	0	0.5
Igdcc3	0	0	0	0	0	-0.5	0	0
Igf1r	-0.5	0	-0.5	-0.5	0	-0.5	-0.5	0
Igf2r	0	0	0	-0.5	-0.5	-0.5	-0.5	0
Igfbp6	-0.5	0	-0.5	-0.5	-0.5	0	0	-0.5
Igfbp7	0	0	-0.5	-0.5	-0.5	0	-0.5	0
Iglon5	0	0	0	-0.5	-0.5	-0.5	-0.5	-0.5
Igsf10	0	0	0	0	0	-0.5	-0.5	0
Igtp	0	0	0	0	0	0	0	0.5
Ikzf1	0	0	0	0	0	0	0	0.5
Il10rb	-0.5	0	-0.5	-0.5	0	-0.5	0	0
Il12rb2	0	0	0	0	0	-0.5	0	0
Il16	0	0	0	0	0	0	0	0.5
Il17rd	0	0	-0.5	-0.5	-0.5	0	0	-0.5
Il18r1	0	0	0	0	0	-0.5	-0.5	0
Il1r1	-0.5	0	0	-0.5	0	-0.5	-0.5	0
Il1rap	-0.5	0	0	-0.5	-0.5	-0.5	-0.5	0
Il1rl1	0	0	0	0	0	0	-0.5	0
Il2	0	0	0	0	0	0	-0.5	0
Il23r	0	0	0	0	0	-0.5	-0.5	0
Il27	-0.5	0	0	-0.5	0	-0.5	-0.5	-0.5
Il2ra	0	0	-0.5	-0.5	0	-0.5	-0.5	0
Il2rg	0	0	0	0	0	0	0	0.5
Il6ra	-0.5	0	-0.5	-0.5	-0.5	-0.5	-0.5	0
Il7	0	0	0	-0.5	0	-0.5	0	0
Il7r	0	0	0	0	0	-0.5	-0.5	0
Impact	0	0	0	0	0	0	0	0.5
Inf2	-0.5	0	-0.5	-0.5	-0.5	-0.5	-0.5	-0.5
Ing1	0	0	0	0	0	0	0	0.5
Ing3	0	0	0	0	0	0	0	0.5
Ing5	0	0	0	0	0	0	0	0.5
Ino80	0	0	-0.5	-0.5	-0.5	-0.5	0	-0.5
Inpp5a	-0.5	0	-0.5	-0.5	0	-0.5	-0.5	-0.5
Inpp5f	-0.5	0	0	-0.5	0	-0.5	-0.5	-0.5
Inppl1	0	0	0	0	0	0	0	0.5
Ints6	-0.5	0	-0.5	-0.5	0	-0.5	0	0
Ipcef1	-0.5	0	-0.5	-0.5	0	-0.5	-0.5	0
Ippk	-0.5	0	0	0	0	0	-0.5	0
Iqce	0	0	0	0	0	0	0	0.5
Iqgap2	0	0	0	0	0	0	0	0.5
Iqsec2	0	0	0	-0.5	0	-0.5	-0.5	0
Irak2	0	0	0	0	0	0	0	0.5
Irak3	-0.5	0	-0.5	-0.5	0	-0.5	-0.5	0
Ireb2	-0.5	0	-0.5	-0.5	-0.5	-0.5	0	0
Irf1	0	0	-0.5	-0.5	-0.5	-0.5	-0.5	-0.5
Irf2bp2	0	0	0	0	0	0	0	0.5
Irf4	0	0	0	0	0	0	0	0.5
Irs1	-0.5	0	0	-0.5	-0.5	-0.5	0	0
Irs2	0	0	0	0	0	0	0	0.5
Itga1	0	0	-0.5	-0.5	0	-0.5	-0.5	0
Itga3	-0.5	0	0	-0.5	0	0	-0.5	0
Itga5	-0.5	0	-0.5	-0.5	-0.5	-0.5	-0.5	-0.5
Itga6	-0.5	0	-0.5	-0.5	-0.5	-0.5	-0.5	-0.5
Itga9	0	0	0	-0.5	-0.5	-0.5	-0.5	-0.5
Itgal	0	0	0	-0.5	-0.5	0	0	0
Itgav	-0.5	0	-0.5	-0.5	-0.5	-0.5	-0.5	0
Itgb5	-0.5	0	0	-0.5	-0.5	-0.5	-0.5	-0.5
Itih5	-0.5	0	0	-0.5	0	0	0	-0.5
Itpkb	-0.5	0	-0.5	-0.5	-0.5	-0.5	-0.5	-0.5
Itpkc	0	0	0	-0.5	0	-0.5	-0.5	-0.5
Itpripl1	-0.5	0	-0.5	-0.5	0	-0.5	-0.5	0
Jag2	-0.5	0	-0.5	-0.5	-0.5	0	0	-0.5
Jakmip1	0	0	0	0	0	0	0	0.5
Jmjd4	0	0	0	0	0	0	0	-0.5
Jmy	0	0	0	0	0	0	0	0.5
Jtb	-0.5	0	0	0	0	0	0	0
Kalrn	-0.5	0	-0.5	0	-0.5	-0.5	-0.5	0
Kat2a	0	0	0	0	0	0	0	0.5
Kcna3	-0.5	0	-0.5	-0.5	0	0	0	0
Kcnd1	0	0	0	0	0	0	0	0.5
Kcnd3	0	0	0	0	0	-0.5	-0.5	0
Kcnip3	0	0	0	0	0	0	0	0.5
Kcnj10	0	0	0	0	0	0	0	0.5
Kcnn1	-0.5	0	-0.5	-0.5	-0.5	-0.5	-0.5	-0.5
Kcnn3	0	0	0	-0.5	-0.5	0	0	0
Kcnn4	0	0	-0.5	-0.5	0	-0.5	-0.5	-0.5
Kcnrg	0	0	0	0	0	0	0	0.5
Kcp	-0.5	0	0	-0.5	-0.5	0	0	-0.5
Kctd11	0	0	0	-0.5	0	0	0	-0.5
Kctd12	-0.5	0	-0.5	-0.5	-0.5	-0.5	0	0
Kctd21	0	0	0	-0.5	0	-0.5	0	-0.5
Kctd6	0	0	0	0	0	0	0	0.5
Khnyn	0	0	0	-0.5	0	-0.5	-0.5	-0.5
Kif13a	0	0	0	0	0	0	0	0.5
Kif16b	0	0	0	0	0	0	0	0.5
Kif17	0	0	0	0	0	0	0	0.5
Kif1c	-0.5	0	-0.5	-0.5	0	0	0	-0.5
Kif2a	-0.5	0	-0.5	-0.5	0	-0.5	-0.5	-0.5
Kif5c	-0.5	0	-0.5	-0.5	-0.5	-0.5	-0.5	-0.5
Kif9	0	0	0	0	0	0	0	0.5
Klf11	0	0	0	0	0	0	0	0.5
Klf2	0	0	0	0	0	0	0	0.5
Klf4	0	0	0	0	0	0	0	0.5
Klhl11	0	0	-0.5	-0.5	0	0	0	0
Klhl18	0	0	0	0	0	0	0	0.5
Klhl28	-0.5	0	0	-0.5	0	0	0	-0.5
Klhl30	0	0	-0.5	-0.5	0	0	0	0
Klhl8	-0.5	0	-0.5	-0.5	-0.5	-0.5	-0.5	-0.5
Klk8	0	0	0	0	0	0	0	0.5
Klrb1b	-0.5	0	-0.5	-0.5	-0.5	0	-0.5	-0.5
Klrb1c	0	0	0	0	0	0	0	0.5
Klrg2	0	0	0	-0.5	-0.5	0	0	-0.5
Kpna4	0	0	0	0	0	0	0	0.5
Kpna6	0	0	-0.5	-0.5	-0.5	0	0	0
Kras	-0.5	0	-0.5	-0.5	-0.5	-0.5	0	-0.5
Krit1	0	0	-0.5	0	-0.5	0	0	-0.5
Ktn1	-0.5	0	-0.5	-0.5	0	-0.5	-0.5	-0.5
L1cam	0	0	-0.5	-0.5	0	0	0	-0.5
Lama2	0	0	0	-0.5	0	-0.5	-0.5	0
Lama3	0	0	0	-0.5	0	-0.5	-0.5	0
Lamc1	0	0	-0.5	-0.5	-0.5	-0.5	-0.5	-0.5
Lamp2	0	0	0	-0.5	0	-0.5	-0.5	-0.5
Lat2	0	0	-0.5	0	-0.5	0	-0.5	-0.5
Lats1	0	0	-0.5	-0.5	-0.5	0	0	-0.5
Lats2	-0.5	0	-0.5	-0.5	0	-0.5	0	-0.5
Lbh	0	0	0	0	0	0	0	0.5
Lcat	0	0	0	-0.5	-0.5	0	0	-0.5
Lcn2	0	0	0	-0.5	-0.5	0	0	-0.5
Ldlr	0	0	-0.5	-0.5	0	-0.5	-0.5	-0.5
Leprel1	0	0	-0.5	-0.5	-0.5	-0.5	-0.5	0
Leprot	0	0	0	0	0	0	0	0.5
Lfng	0	0	-0.5	0	0	-0.5	0	-0.5
Lgals1	-0.5	0	-0.5	-0.5	-0.5	-0.5	-0.5	-0.5
Lgals3	-0.5	0	0	-0.5	-0.5	-0.5	-0.5	-0.5
Lhfp	0	0	0	-0.5	0	0	0	0
Lhx6	0	0	0	0	0	-0.5	-0.5	0
Lif	0	0	0	0	0	0	0	-0.5
Lifr	0	0	0	0	0	0	0	0.5
Lig4	0	0	0	-0.5	-0.5	0	0	-0.5
Lima1	0	0	0	0	0	0	0	0.5
Limd2	0	0	0	0	0	0	0	0.5
Limk1	0	0	0	0	0	0	0	0.5
Lims1	0	0	0	0	0	0	0	0.5
Lin37	0	0	-0.5	-0.5	0	0	0	-0.5
Lin7c	0	0	0	-0.5	0	0	0	0
Lmna	-0.5	0	-0.5	-0.5	-0.5	-0.5	-0.5	-0.5
Lmtk2	0	0	0	0	0	0	0	0.5
Lnp	-0.5	0	-0.5	-0.5	-0.5	0	0	0
Lnx2	-0.5	0	0	-0.5	-0.5	-0.5	-0.5	-0.5
Lonrf1	0	0	0	0	0	0	0	0.5
Lonrf3	-0.5	0	0	0	0	0	0	0
Loxl2	0	0	-0.5	-0.5	0	0	-0.5	0
Lpar5	0	0	0	-0.5	-0.5	0	0	0
Lphn2	-0.5	0	-0.5	-0.5	0	-0.5	-0.5	-0.5
Lpp	0	0	0	0	0	0	0	0.5
Lrp11	0	0	-0.5	-0.5	-0.5	0	0	0
Lrp2bp	0	0	-0.5	-0.5	-0.5	-0.5	0	0
Lrp8	-0.5	0	-0.5	-0.5	-0.5	-0.5	-0.5	-0.5
Lrrc1	0	0	0	-0.5	-0.5	-0.5	-0.5	0
Lrrc25	0	0	0	0	0	0	0	0.5
Lrrc29	-0.5	0	0	-0.5	0	0	-0.5	-0.5
Lrrc58	-0.5	0	-0.5	-0.5	-0.5	0	0	0
Lrrc61	0	0	0	0	0	0	0	0.5
Lrrc8d	-0.5	0	-0.5	-0.5	-0.5	-0.5	-0.5	-0.5
Lrrfip1	-0.5	0	-0.5	-0.5	-0.5	-0.5	-0.5	-0.5
Lrrfip2	0	0	-0.5	-0.5	-0.5	-0.5	-0.5	-0.5
Lsr	-0.5	0	-0.5	-0.5	0	-0.5	0	-0.5
Lst1	0	0	0	0	0	0	0	0.5
Ltb4r1	0	0	-0.5	-0.5	-0.5	-0.5	0	0
Ltbp1	0	0	0	0	0	-0.5	0	0
Ltbp3	0	0	0	-0.5	0	-0.5	-0.5	0
Ltbp4	0	0	-0.5	-0.5	-0.5	-0.5	0	-0.5
Ltc4s	0	0	0	0	0	0	0	0.5
Luzp1	-0.5	0	-0.5	-0.5	-0.5	-0.5	-0.5	-0.5
Ly6d	0	0	0	0	0	0	0	0.5
Ly6i	-0.5	0	0	0	0	0	0	0
Lysmd3	-0.5	0	-0.5	-0.5	0	-0.5	0	-0.5
Lysmd4	-0.5	0	0	-0.5	0	0	0	-0.5
Lyz1	-0.5	0	0	0	0	0	-0.5	0
Madd	0	0	-0.5	-0.5	-0.5	-0.5	-0.5	-0.5
Maff	0	0	0	0	0	0	0	0.5
Mafk	0	0	0	0	0	0	0	0.5
Mamld1	-0.5	0	0	-0.5	0	0	0	-0.5
Man1c1	0	0	0	0	0	0	0	0.5
Man2a1	-0.5	0	-0.5	-0.5	-0.5	-0.5	-0.5	-0.5
Mansc1	0	0	0	0	0	0	0	0.5
Map2k3	-0.5	0	-0.5	-0.5	0	-0.5	-0.5	-0.5
Map2k4	-0.5	0	-0.5	-0.5	-0.5	-0.5	-0.5	-0.5
Map2k6	0	0	0	0	0	0	0	0.5
Map3k11	-0.5	0	-0.5	-0.5	0	0	0	0
Map3k14	-0.5	0	-0.5	-0.5	-0.5	-0.5	-0.5	0
Map3k6	0	0	0	-0.5	0	0	0	-0.5
Map4k1	0	0	0	0	0	0	0	0.5
Map4k2	0	0	0	0	0	0	0	0.5
Map4k4	-0.5	0	-0.5	-0.5	-0.5	-0.5	-0.5	-0.5
Mapk14	0	0	0	0	0	0	0	0.5
Mapk6	0	0	-0.5	-0.5	-0.5	-0.5	-0.5	-0.5
Mapk8	-0.5	0	-0.5	-0.5	0	-0.5	-0.5	-0.5
Mapkbp1	0	0	0	0	0	0	0	0.5
March1	0	0	0	-0.5	0	-0.5	-0.5	0
March3	-0.5	0	-0.5	-0.5	0	-0.5	0	-0.5
March8	-0.5	0	0	0	0	-0.5	0	0
Marcks	-0.5	0	-0.5	-0.5	-0.5	-0.5	-0.5	-0.5
Marveld1	0	0	0	0	0	0	0	0.5
Mast4	0	0	0	-0.5	0	-0.5	-0.5	0
Matk	0	0	0	0	0	0	0	0.5
Matn2	0	0	-0.5	-0.5	0	-0.5	0	0
Mbd5	0	0	0	0	0	0	0	0.5
Mbnl2	-0.5	0	-0.5	-0.5	-0.5	-0.5	-0.5	-0.5
Mcm7	0	0	0	0	0	0	0	0.5
Mcts2	0	0	0	0	0	0	0	-0.5
Mdc1	0	0	0	0	0	0	0	0.5
Mdh2	0	0	0	0	0	0	0	0.5
Med19	-0.5	0	0	-0.5	-0.5	-0.5	-0.5	0
Med26	-0.5	0	0	-0.5	-0.5	0	-0.5	-0.5
Med27	0	0	0	0	0	0	0	0.5
Med29	0	0	0	0	0	0	0	0.5
Med31	0	0	0	0	0	0	0	0.5
Med4	0	0	-0.5	-0.5	0	-0.5	0	0
Mef2c	0	0	-0.5	-0.5	0	-0.5	-0.5	0
Met	-0.5	0	-0.5	-0.5	-0.5	-0.5	-0.5	0
Metap1	-0.5	0	-0.5	-0.5	0	-0.5	-0.5	-0.5
Metrnl	0	0	0	-0.5	-0.5	-0.5	-0.5	-0.5
Mettl8	0	0	0	0	0	0	0	0.5
Mex3c	-0.5	0	-0.5	-0.5	-0.5	-0.5	0	-0.5
Mfap1b	0	0	-0.5	0	0	0	0	0
Mfn1	0	0	0	-0.5	0	0	0	0
Mfsd2a	0	0	-0.5	-0.5	0	-0.5	-0.5	-0.5
Mfsd6	-0.5	0	-0.5	-0.5	0	-0.5	-0.5	0
Mfsd6l	0	0	0	-0.5	0	0	-0.5	0
Mfsd7a	0	0	0	0	0	0	0	0.5
Mgat4a	0	0	0	0	0	0	0	0.5
Mgll	-0.5	0	-0.5	-0.5	0	-0.5	0	0
Mical2	-0.5	0	-0.5	-0.5	-0.5	-0.5	-0.5	0
Mical3	0	0	0	0	0	0	0	0.5
Micalcl	0	0	0	-0.5	0	0	0	0
Micall1	0	0	-0.5	-0.5	0	-0.5	0	-0.5
Micall2	0	0	0	0	0	0	0	0.5
Mier1	-0.5	0	-0.5	-0.5	0	-0.5	-0.5	-0.5
Mier3	0	0	-0.5	-0.5	-0.5	-0.5	0	0
Mir132	0	0	0	0	0	0	0	0.5
Mir23a	0	0	0	0	0	0	0	0.5
Mitf	0	0	0	0	0	0	0	0.5
Mlh3	0	0	0	0	0	0	0	0.5
Mllt6	0	0	-0.5	-0.5	-0.5	0	0	-0.5
Mmaa	-0.5	0	-0.5	-0.5	0	0	0	0
Mmgt1	-0.5	0	-0.5	-0.5	-0.5	0	-0.5	-0.5
Mmp13	0	0	0	0	0	-0.5	-0.5	0
Mmp14	0	0	0	-0.5	-0.5	0	0	-0.5
Mmp19	-0.5	0	0	-0.5	-0.5	-0.5	-0.5	-0.5
Mmp2	-0.5	0	-0.5	-0.5	0	-0.5	-0.5	-0.5
Mocos	-0.5	0	-0.5	-0.5	0	-0.5	-0.5	-0.5
Morn3	-0.5	0	0	-0.5	0	0	0	-0.5
Mpp5	-0.5	0	0	-0.5	-0.5	-0.5	-0.5	0
Mr1	0	0	0	-0.5	0	-0.5	-0.5	0
Mrc1	0	0	0	-0.5	0	-0.5	-0.5	0
Mrps22	0	0	0	-0.5	0	0	0	0
Ms4a6d	0	0	0	-0.5	0	0	0	0
Msr1	0	0	0	-0.5	0	-0.5	-0.5	0
Msrb3	-0.5	0	-0.5	-0.5	-0.5	-0.5	-0.5	-0.5
Mt1	0	0	0	-0.5	-0.5	-0.5	-0.5	0
Mt2	0	0	0	-0.5	-0.5	0	0	0
Mtf2	0	0	-0.5	-0.5	0	-0.5	-0.5	-0.5
Mtmr2	0	0	0	-0.5	0	0	0	0
Mtmr6	0	0	0	-0.5	-0.5	0	0	-0.5
Mtrf1	0	0	0	0	0	0	0	0.5
Mtrr	-0.5	0	-0.5	-0.5	-0.5	0	-0.5	0
Mtss1	-0.5	0	-0.5	-0.5	0	-0.5	-0.5	-0.5
Musk	0	0	0	0	0	-0.5	-0.5	0
Mvk	0	0	0	0	0	0	0	0.5
Mxi1	-0.5	0	-0.5	-0.5	0	-0.5	-0.5	0
Mxra8	-0.5	0	-0.5	-0.5	0	-0.5	-0.5	-0.5
Mycbp2	0	0	0	0	0	0	0	0.5
Myd88	0	0	0	-0.5	-0.5	-0.5	0	0
Myh10	0	0	0	0	0	0	0	0.5
Mylip	0	0	0	0	0	0	0	0.5
Myo10	-0.5	0	-0.5	-0.5	-0.5	0	0	-0.5
Myo1b	0	0	-0.5	-0.5	-0.5	-0.5	-0.5	0
Myo1c	-0.5	0	-0.5	-0.5	0	-0.5	-0.5	-0.5
Myo1e	0	0	0	-0.5	0	-0.5	0	-0.5
Myo9b	0	0	0	0	0	0	0	0.5
Mysm1	-0.5	0	-0.5	-0.5	-0.5	-0.5	-0.5	0
Mzt1	-0.5	0	-0.5	-0.5	-0.5	-0.5	0	-0.5
N28178	0	0	0	0	0	0	0	0.5
N4bp1	0	0	-0.5	-0.5	0	-0.5	-0.5	-0.5
Naa10	0	0	0	0	0	0	0	0.5
Naa30	0	0	-0.5	-0.5	0	0	0	-0.5
Naalad2	0	0	0	0	0	-0.5	-0.5	0
Nab2	-0.5	0	-0.5	-0.5	-0.5	-0.5	0	0
Nadsyn1	0	0	0	0	0	0	0	0.5
Naga	-0.5	0	-0.5	-0.5	-0.5	-0.5	0	-0.5
Naip5	0	0	0	0	0	0	0	0.5
Napb	0	0	0	-0.5	0	0	0	0
Narf	0	0	0	0	0	0	0	0.5
Nat9	0	0	0	0	0	0	0	0.5
Nav1	0	0	0	0	0	0	0	0.5
Nbeal2	0	0	0	0	0	0	0	0.5
Nccrp1	-0.5	0	-0.5	-0.5	0	0	0	-0.5
Ncf1	0	0	0	0	0	0	0	0.5
Nck1	-0.5	0	-0.5	-0.5	-0.5	0	0	-0.5
Nckap1	0	0	-0.5	-0.5	-0.5	-0.5	0	-0.5
Nckipsd	-0.5	0	-0.5	-0.5	0	-0.5	0	-0.5
Ncoa1	0	0	0	0	0	0	0	0.5
Ndfip2	0	0	0	-0.5	0	-0.5	-0.5	0
Ndrg1	-0.5	0	-0.5	-0.5	0	-0.5	0	-0.5
Ndrg2	-0.5	0	0	-0.5	0	0	0	0
Ndst1	0	0	0	0	0	0	0	0.5
Ndst2	0	0	-0.5	0	0	0	0	-0.5
Ndufv2	0	0	0	0	0	0	0	0.5
Neu1	0	0	0	0	0	0	0	0.5
Neurl3	0	0	0	0	0	0	0	0.5
Nfam1	0	0	0	0	0	0	0	0.5
Nfe2l3	-0.5	0	0	0	0	0	0	-0.5
Nfia	-0.5	0	-0.5	-0.5	-0.5	-0.5	-0.5	-0.5
Nfib	0	0	-0.5	0	0	-0.5	0	-0.5
Nfkbid	0	0	0	0	0	0	0	0.5
Nfkbiz	0	0	0	0	0	0	0	0.5
Nfyb	0	0	-0.5	-0.5	0	-0.5	0	-0.5
Nhsl2	-0.5	0	0	-0.5	0	-0.5	-0.5	-0.5
Nid1	0	0	0	0	0	-0.5	-0.5	0
Nkiras2	-0.5	0	0	-0.5	-0.5	-0.5	0	0
Nkrf	-0.5	0	-0.5	0	0	0	-0.5	0
Nmral1	0	0	0	0	0	0	0	0.5
Nnt	0	0	0	0	0	0	0	0.5
Nod2	-0.5	0	-0.5	-0.5	-0.5	-0.5	-0.5	-0.5
Nol10	-0.5	0	0	-0.5	0	0	0	0
Notch1	0	0	-0.5	-0.5	0	0	-0.5	-0.5
Notch3	0	0	-0.5	0	0	0	0	-0.5
Npff	-0.5	0	0	-0.5	-0.5	-0.5	0	-0.5
Nqo2	0	0	0	0	0	0	0	0.5
Nr1d1	-0.5	-1.0	-0.5	-0.5	-0.5	-0.5	-0.5	-0.5
Nr2f2	0	0	0	-0.5	-0.5	0	0	0
Nr4a1	0	0	0	0	0	0	0	0.5
Nr6a1	-0.5	0	-0.5	-0.5	0	0	0	0
Nrarp	-0.5	0	-0.5	-0.5	0	0	0	-0.5
Nrbp2	0	0	-0.5	-0.5	0	0	0	-0.5
Nrp2	0	0	-0.5	-0.5	0	-0.5	-0.5	0
Nsf	-0.5	0	-0.5	-0.5	0	0	0	0
Nt5dc2	0	0	0	0	0	0	0	0.5
Nt5dc3	-0.5	0	-0.5	-0.5	-0.5	-0.5	-0.5	-0.5
Ntan1	-0.5	0	0	-0.5	0	0	0	-0.5
Ntpcr	0	0	0	0	0	0	0	0.5
Nudt16	0	0	0	0	0	0	0	0.5
Nudt22	0	0	0	0	0	0	0	0.5
Nudt8	0	0	0	0	0	0	0	0.5
Nufip2	-0.5	0	-0.5	-0.5	-0.5	0	0	-0.5
Numbl	-0.5	0	-0.5	-0.5	-0.5	-0.5	0	-0.5
Nup210l	0	0	0	-0.5	0	0	0	0
Oaf	-0.5	0	0	0	0	-0.5	-0.5	0
Oas1b	0	0	0	0	0	0	0	0.5
Oas2	0	0	0	0	0	0	0	0.5
Oaz2	0	0	0	0	0	0	0	0.5
Ocln	0	0	-0.5	-0.5	-0.5	0	-0.5	0
Ocrl	0	0	-0.5	-0.5	-0.5	-0.5	-0.5	0
Ogfrl1	0	0	0	0	0	0	0	0.5
Olfm1	-0.5	0	0	-0.5	0	-0.5	0	0
Oma1	0	0	0	0	0	0	0	0.5
Opa3	0	0	0	0	0	0	0	0.5
Optn	0	0	0	0	0	0	0	0.5
Orai1	-0.5	0	-0.5	-0.5	0	0	0	-0.5
Osbpl8	-0.5	0	-0.5	-0.5	-0.5	-0.5	-0.5	-0.5
Osgep	0	0	0	0	0	0	0	0.5
Otud4	-0.5	0	-0.5	-0.5	0	-0.5	0	-0.5
Otud7b	0	0	-0.5	-0.5	0	-0.5	-0.5	0
Ovca2	0	0	0	0	0	0	0	0.5
Oxct1	-0.5	0	-0.5	-0.5	0	0	0	0
P2rx4	0	0	0	-0.5	0	0	-0.5	-0.5
P2rx7	0	0	0	0	0	0	0	0.5
P2ry1	0	0	-0.5	-0.5	-0.5	0	0	0
P2ry14	0	0	0	0	0	-0.5	-0.5	-0.5
P2ry2	-0.5	0	-0.5	-0.5	0	0	0	-0.5
P2ry6	0	0	0	-0.5	0	-0.5	0	0
Pacs1	0	0	0	0	0	0	0	0.5
Padi2	-0.5	0	-0.5	-0.5	-0.5	-0.5	-0.5	-0.5
Pafah1b2	-0.5	0	0	-0.5	0	-0.5	-0.5	0
Pag1	0	0	-0.5	-0.5	-0.5	-0.5	-0.5	0
Pak1	0	0	0	0	0	0	0	0.5
Pak4	0	0	-0.5	-0.5	0	0	0	-0.5
Palb2	-0.5	0	-0.5	-0.5	0	0	0	0
Pam	0	0	-0.5	-0.5	0	-0.5	-0.5	0
Pamr1	0	0	0	-0.5	0	0	0	0
Pank3	-0.5	0	0	-0.5	-0.5	0	0	-0.5
Paox	0	0	0	0	0	0	0	0.5
Papln	0	0	0	0	0	0	-0.5	0
Papolg	0	0	-0.5	-0.5	0	0	0	0
Paqr3	0	0	0	0	0	0	0	0.5
Paqr7	0	0	0	0	0	0	0	0.5
Pard6a	0	0	0	0	0	0	0	0.5
Parm1	0	0	-0.5	0	0	0	-0.5	0
Parn	0	0	0	0	0	0	0	0.5
Parp10	0	0	0	0	0	0	0	0.5
Parp12	0	0	0	0	0	0	0	0.5
Parp2	0	0	0	0	0	0	0	0.5
Parp3	0	0	0	0	0	0	0	0.5
Parvb	0	0	0	-0.5	0	0	0	0
Pbx2	0	0	0	0	0	0	0	0.5
Pcdh12	-0.5	0	-0.5	0	0	0	-0.5	0
Pcdh17	-0.5	0	-0.5	-0.5	-0.5	-0.5	-0.5	-0.5
Pcdh7	0	0	0	0	-0.5	-0.5	-0.5	0
Pcdhgc3	0	0	-0.5	-0.5	0	0	0	0
Pcgf3	-0.5	0	-0.5	-0.5	0	-0.5	0	0
Pcgf5	-0.5	0	-0.5	-0.5	-0.5	-0.5	-0.5	-0.5
Pdcd10	0	0	-0.5	-0.5	0	-0.5	-0.5	-0.5
Pdcd4	0	0	0	0	0	0	0	0.5
Pde10a	0	0	0	0	0	-0.5	0	0
Pde1a	0	0	0	-0.5	0	0	-0.5	-0.5
Pde2a	0	0	0	0	0	0	0	0.5
Pde3b	-0.5	0	-0.5	-0.5	0	0	-0.5	0
Pde4d	-0.5	0	-0.5	-0.5	-0.5	-0.5	-0.5	0
Pde8a	-0.5	0	-0.5	0	0	0	-0.5	-0.5
Pde9a	0	0	0	-0.5	0	0	0	-0.5
Pdgfb	0	0	0	-0.5	-0.5	-0.5	0	0
Pdgfra	0	0	0	0	0	-0.5	-0.5	0
Pdgfrb	0	0	0	-0.5	-0.5	-0.5	-0.5	0
Pdik1l	-0.5	0	-0.5	-0.5	-0.5	-0.5	0	-0.5
Pdlim1	0	0	0	0	0	0	-0.5	-0.5
Pdlim3	0	0	0	-0.5	0	-0.5	0	0
Pdlim5	-0.5	0	-0.5	-0.5	0	-0.5	-0.5	-0.5
Pdp1	-0.5	0	-0.5	-0.5	-0.5	-0.5	0	-0.5
Pdpn	-0.5	0	0	-0.5	0	-0.5	-0.5	0
Pdxk	0	0	0	0	0	0	0	0.5
Pdzrn3	0	0	0	0	-0.5	0	0	0
Peg10	-0.5	0	0	-0.5	0	0	0	0
Per1	1.0	0	0	0	0	0	0	0.5
Perp	0	0	0	-0.5	0	0	0	0
Pex10	0	0	0	0	0	0	0	0.5
Pfn2	-0.5	0	-0.5	-0.5	-0.5	-0.5	0	0
Pgap2	0	0	0	0	0	0	0	0.5
Pgm5	0	0	0	0	0	-0.5	-0.5	0
Pgrmc1	0	0	0	-0.5	0	0	0	-0.5
Pgs1	0	0	-0.5	-0.5	0	-0.5	-0.5	-0.5
Phactr1	-0.5	0	0	0	0	0	0	0
Phactr4	0	0	0	-0.5	-0.5	-0.5	0	-0.5
Phf13	-0.5	0	-0.5	-0.5	-0.5	-0.5	0	-0.5
Phlda1	-0.5	0	-0.5	-0.5	-0.5	-0.5	-0.5	-0.5
Phldb1	-0.5	0	-0.5	-0.5	0	-0.5	-0.5	-0.5
Phlpp1	-0.5	0	-0.5	-0.5	0	-0.5	-0.5	-0.5
Pias4	-0.5	0	-0.5	-0.5	-0.5	-0.5	0	0
Picalm	-0.5	0	-0.5	-0.5	0	-0.5	-0.5	-0.5
Pick1	0	0	0	0	0	0	0	0.5
Pid1	0	0	-0.5	-0.5	0	-0.5	0	0
Pif1	0	0	0	0	0	0	0	0.5
Pik3ap1	0	0	0	0	0	0	0	0.5
Pik3c2a	-0.5	0	0	-0.5	-0.5	-0.5	0	-0.5
Pik3cd	0	0	0	0	0	0	0	0.5
Pik3cg	0	0	0	-0.5	0	-0.5	-0.5	-0.5
Pik3r3	0	0	-0.5	-0.5	-0.5	-0.5	-0.5	0
Pik3r5	-0.5	0	0	-0.5	-0.5	-0.5	-0.5	-0.5
Pik3r6	0	0	0	-0.5	0	0	-0.5	0
Pim3	0	0	0	0	0	0	0	0.5
Pip4k2a	0	0	0	0	0	0	0	0.5
Pip5k1a	-0.5	0	0	-0.5	-0.5	-0.5	0	-0.5
Pir	-0.5	0	0	-0.5	0	-0.5	-0.5	-0.5
Pira6	0	0	0	0	0	0	0	-0.5
Pkd1l2	0	0	0	0	0	0	0	0.5
Pkd1l3	0	0	0	-0.5	0	0	0	0
Pkd2	-0.5	0	-0.5	-0.5	0	0	-0.5	0
Pkn2	-0.5	0	-0.5	-0.5	0	-0.5	-0.5	-0.5
Pkp4	-0.5	0	-0.5	-0.5	0	-0.5	-0.5	0
Pla2r1	-0.5	0	0	0	-0.5	0	0	0
Plac8	0	0	0	0	0	0	0	0.5
Plag1	-0.5	0	-0.5	-0.5	0	-0.5	0	0
Plau	0	0	0	0	0	0	0	0.5
Plcb3	0	0	0	0	0	0	0	0.5
Plcg2	0	0	0	0	0	0	0	0.5
Plcxd2	0	0	0	0	0	0	0	0.5
Plec	-0.5	0	-0.5	-0.5	-0.5	-0.5	-0.5	-0.5
Plekhg1	0	0	0	0	0	0	0	0.5
Plekhg2	-0.5	0	-0.5	-0.5	-0.5	-0.5	-0.5	-0.5
Plekhg3	0	0	-0.5	-0.5	-0.5	0	0	0
Plekhh2	-0.5	0	0	-0.5	0	0	0	0
Plin2	0	0	0	0	0	0	0	0.5
Plk2	0	0	0	0	0	0	0	0.5
Plk3	0	0	0	0	0	0	0	0.5
Plp2	-0.5	0	-0.5	-0.5	0	-0.5	-0.5	-0.5
Plxdc1	0	0	0	0	0	0	0	0.5
Plxna1	0	0	-0.5	-0.5	0	0	0	0
Plxna2	0	0	0	0	-0.5	-0.5	-0.5	0
Plxnb2	0	0	0	0	0	0	0	0.5
Pmaip1	0	0	0	0	0	0	0	0.5
Pmepa1	-0.5	0	-0.5	-0.5	0	-0.5	-0.5	0
Pole2	0	0	0	0	0	0	0	0.5
Polr2g	0	0	0	0	0	0	0	0.5
Polr3f	0	0	0	-0.5	0	-0.5	0	-0.5
Pomt2	-0.5	0	-0.5	-0.5	-0.5	-0.5	0	-0.5
Postn	0	0	0	-0.5	0	-0.5	-0.5	0
Ppap2b	0	0	0	-0.5	0	0	0	0
Pparg	0	0	-0.5	0	-0.5	-0.5	-0.5	0
Ppargc1a	-0.5	0	0	0	0	0	0	0
Ppargc1b	0	0	0	0	0	0	0	0.5
Ppfibp2	-0.5	0	0	-0.5	0	-0.5	-0.5	-0.5
Ppif	0	0	0	0	0	0	0	0.5
Ppifos	-0.5	0	-0.5	-0.5	0	0	0	-0.5
Ppm1h	0	0	0	0	0	0	0	0.5
Ppm1k	0	0	0	0	0	0	0	0.5
Ppme1	-0.5	0	0	-0.5	0	0	0	-0.5
Ppp1r13b	-0.5	0	-0.5	-0.5	-0.5	-0.5	0	-0.5
Ppp1r2	0	0	-0.5	0	0	-0.5	0	-0.5
Ppp4r1	-0.5	0	-0.5	-0.5	0	-0.5	0	-0.5
Ppp4r2	-0.5	0	-0.5	-0.5	-0.5	0	0	-0.5
Pqlc3	-0.5	0	0	0	0	0	0	-0.5
Pram1	0	0	0	0	0	0	0	0.5
Prdm1	-0.5	0	-0.5	0	0	-0.5	-0.5	-0.5
Prdm4	-0.5	0	-0.5	-0.5	-0.5	-0.5	0	0
Prdx6	0	0	0	0	0	0	0	0.5
Preb	0	0	0	0	0	0	0	0.5
Prelp	0	0	0	0	-0.5	0	0	0
Prex1	0	0	0	0	0	0	0	0.5
Prex2	0	0	0	-0.5	0	0	0	0
Prickle1	0	0	-0.5	-0.5	-0.5	0	0	0
Prkaa1	-0.5	0	-0.5	-0.5	-0.5	-0.5	0	-0.5
Prkab2	-0.5	0	0	-0.5	-0.5	0	0	-0.5
Prkcb	0	0	0	0	0	0	0	0.5
Prkcdbp	0	0	0	0	0	-0.5	-0.5	0
Prkd2	0	0	0	0	0	0	0	0.5
Prkx	0	0	0	-0.5	0	-0.5	-0.5	0
Prmt2	0	0	0	0	0	0	0	-0.5
Prnp	0	0	0	-0.5	0	-0.5	-0.5	-0.5
Prorsd1	0	0	-0.5	-0.5	0	-0.5	0	-0.5
Pros1	-0.5	0	0	0	0	0	-0.5	0
Prox2	0	0	0	-0.5	0	-0.5	-0.5	0
Prpf3	-0.5	0	0	-0.5	0	0	0	0
Prpf39	-0.5	0	-0.5	-0.5	0	-0.5	-0.5	-0.5
Prr5l	-0.5	0	-0.5	-0.5	-0.5	-0.5	-0.5	-0.5
Prss30	0	0	0	0	0	0	0	0.5
Prss53	-0.5	0	-0.5	-0.5	-0.5	0	0	-0.5
Psd	-0.5	0	-0.5	-0.5	-0.5	-0.5	-0.5	-0.5
Psmb9	0	0	0	0	0	0	0	0.5
Psmg4	0	0	0	0	0	0	0	0.5
Psph	0	0	0	0	0	0	0	0.5
Ptger2	-0.5	0	0	-0.5	0	-0.5	-0.5	0
Ptger4	0	0	0	0	0	0	0	0.5
Ptplad1	-0.5	0	-0.5	-0.5	0	0	0	-0.5
Ptpn13	0	0	-0.5	0	0	0	0	0
Ptpn2	-0.5	0	-0.5	-0.5	-0.5	-0.5	-0.5	-0.5
Ptpn6	0	0	0	0	0	0	0	0.5
Ptpra	0	0	0	0	0	0	0	0.5
Ptprm	-0.5	0	-0.5	0	0	0	0	0
Ptpro	-0.5	0	0	-0.5	-0.5	-0.5	-0.5	-0.5
Pum2	0	0	-0.5	-0.5	-0.5	0	0	0
Purb	-0.5	0	-0.5	-0.5	-0.5	-0.5	-0.5	-0.5
Pus1	0	0	0	0	0	0	0	0.5
Pus10	0	0	0	0	0	0	0	0.5
Pvt1	0	0	0	0	0	0	0	0.5
Pwwp2b	-0.5	0	-0.5	-0.5	-0.5	-0.5	0	0
Pxk	0	0	0	0	0	0	0	0.5
Qdpr	0	0	0	0	0	0	0	0.5
Qser1	-0.5	0	-0.5	-0.5	-0.5	-0.5	0	-0.5
R74862	-0.5	0	-0.5	-0.5	-0.5	-0.5	0	0
Rab12	-0.5	0	0	-0.5	0	0	0	0
Rab14	-0.5	0	-0.5	-0.5	0	-0.5	-0.5	-0.5
Rab18	0	0	0	-0.5	0	0	0	0
Rab20	0	0	0	0	0	0	0	0.5
Rab22a	-0.5	0	-0.5	-0.5	-0.5	-0.5	0	-0.5
Rab24	0	0	0	0	0	0	0	0.5
Rab27a	0	0	0	-0.5	-0.5	-0.5	-0.5	0
Rab35	-0.5	0	-0.5	-0.5	0	-0.5	0	-0.5
Rab3gap2	-0.5	0	0	-0.5	-0.5	-0.5	-0.5	0
Rab8b	0	0	-0.5	-0.5	-0.5	-0.5	-0.5	-0.5
Rabgap1l	-0.5	0	-0.5	-0.5	-0.5	-0.5	-0.5	-0.5
Rabgef1	0	0	0	0	0	0	0	0.5
Rabif	0	0	0	-0.5	-0.5	0	0	-0.5
Rac2	0	0	0	0	0	0	0	0.5
Rad52	-0.5	0	0	-0.5	0	-0.5	0	0
Rad9b	0	0	0	0	0	0	0	0.5
Rai14	-0.5	0	-0.5	-0.5	0	-0.5	0	0
Rala	-0.5	0	-0.5	-0.5	0	-0.5	-0.5	-0.5
Ramp3	-0.5	0	0	-0.5	-0.5	0	0	-0.5
Ranbp10	-0.5	0	-0.5	-0.5	0	-0.5	0	-0.5
Rap1gap2	0	0	0	0	0	0	0	0.5
Rap2b	0	0	0	-0.5	-0.5	0	0	-0.5
Rapgef1	0	0	0	0	0	0	0	0.5
Rapgef2	0	0	0	-0.5	0	-0.5	-0.5	-0.5
Rara	-0.5	0	-0.5	-0.5	-0.5	-0.5	-0.5	-0.5
Rasa1	-0.5	0	-0.5	-0.5	-0.5	0	0	-0.5
Rasa2	-0.5	0	-0.5	-0.5	-0.5	-0.5	-0.5	-0.5
Rasa4	0	0	0	0	0	0	0	0.5
Rasal3	0	0	0	0	0	0	0	0.5
Rasd2	0	0	0	0	0	0	0	0.5
Rasgef1b	0	0	0	0	0	0	0	0.5
Rassf5	0	0	0	0	0	0	0	0.5
Rb1cc1	0	0	-0.5	-0.5	0	-0.5	-0.5	-0.5
Rbm12	0	0	-0.5	-0.5	0	0	0	-0.5
Rbm18	-0.5	0	-0.5	-0.5	-0.5	-0.5	-0.5	-0.5
Rbm27	0	0	-0.5	0	0	-0.5	-0.5	0
Rbm38	0	0	0	0	0	0	0	0.5
Rbm4b	-0.5	0	-0.5	-0.5	-0.5	-0.5	-0.5	0
Rbm5	0	0	0	-0.5	0	0	0	0
Rc3h1	0	0	-0.5	-0.5	0	0	0	-0.5
Rc3h2	-0.5	0	0	-0.5	-0.5	0	0	0
Rcan1	-0.5	0	-0.5	-0.5	0	-0.5	-0.5	0
Rcor3	-0.5	0	-0.5	-0.5	-0.5	0	0	-0.5
Rcsd1	0	0	0	0	0	0	0	0.5
Reck	-0.5	0	-0.5	-0.5	0	-0.5	0	-0.5
Reep3	-0.5	0	-0.5	-0.5	-0.5	-0.5	-0.5	-0.5
Reep6	0	0	0	0	0	0	0	0.5
Rell1	-0.5	0	-0.5	-0.5	0	-0.5	-0.5	-0.5
Reps1	0	0	0	0	0	0	0	0.5
Rfc2	0	0	0	0	0	0	0	0.5
Rftn1	-0.5	0	-0.5	-0.5	-0.5	-0.5	-0.5	-0.5
Rfx5	0	0	0	0	0	0	0	0.5
Rgag4	-0.5	0	0	0	0	0	-0.5	-0.5
Rgl1	0	0	0	0	0	0	0	0.5
Rgp1	0	0	0	0	0	0	0	0.5
Rgs12	0	0	0	0	0	0	0	0.5
Rgs16	-0.5	0	0	-0.5	-0.5	-0.5	-0.5	-0.5
Rgs17	-0.5	0	-0.5	-0.5	-0.5	-0.5	0	-0.5
Rgs19	0	0	0	0	0	0	0	0.5
Rgs9	0	0	0	-0.5	-0.5	-0.5	-0.5	-0.5
Rgs9bp	0	0	0	0	0	0	0	0.5
Rhbdf2	-0.5	0	-0.5	-0.5	-0.5	0	0	-0.5
Rhoc	-0.5	0	0	-0.5	-0.5	0	0	-0.5
Rhof	0	0	0	-0.5	-0.5	-0.5	-0.5	-0.5
Rhoj	-0.5	0	-0.5	0	0	-0.5	-0.5	0
Rhoq	-0.5	0	-0.5	-0.5	0	-0.5	-0.5	-0.5
Rhov	0	0	-0.5	-0.5	0	-0.5	0	-0.5
Ric8	-0.5	0	-0.5	-0.5	0	0	-0.5	-0.5
Ric8b	-0.5	0	-0.5	-0.5	0	0	-0.5	0
Rin1	0	0	0	0	0	0	0	0.5
Rinl	0	0	0	0	0	0	0	0.5
Riok3	-0.5	0	-0.5	-0.5	0	-0.5	-0.5	0
Ripk1	0	0	0	-0.5	0	-0.5	0	-0.5
Rit1	-0.5	0	0	-0.5	-0.5	-0.5	-0.5	-0.5
Rnase4	0	0	0	-0.5	-0.5	0	0	0
Rnasel	-0.5	0	0	-0.5	-0.5	-0.5	-0.5	-0.5
Rnf113a2	0	0	0	0	0	0	0	0.5
Rnf157	-0.5	0	-0.5	-0.5	-0.5	-0.5	-0.5	-0.5
Rnf169	-0.5	0	-0.5	-0.5	-0.5	-0.5	-0.5	-0.5
Rnf19b	0	0	0	0	0	0	0	0.5
Rnf217	0	0	0	-0.5	-0.5	-0.5	-0.5	0
Rnf219	-0.5	0	0	-0.5	0	0	0	0
Rnf24	-0.5	0	-0.5	-0.5	-0.5	0	0	0
Rnf34	0	0	0	0	0	0	0	0.5
Rnh1	-0.5	0	0	-0.5	-0.5	-0.5	-0.5	-0.5
Rnpep	0	0	0	0	0	0	0	0.5
Robo4	0	0	0	-0.5	-0.5	0	0	-0.5
Ropn1l	0	0	0	-0.5	-0.5	0	0	0
Rpa1	0	0	0	0	0	0	0	0.5
Rpia	0	0	0	0	0	0	0	0.5
Rprd2	0	0	-0.5	-0.5	0	-0.5	-0.5	-0.5
Rps27l	-0.5	0	-0.5	-0.5	0	0	-0.5	0
Rps6ka1	0	0	0	0	0	0	0	0.5
Rps6ka5	0	0	0	0	0	0	0	0.5
Rras2	0	0	0	0	0	0	0	0.5
Rrbp1	0	0	0	0	0	0	0	0.5
Rreb1	0	0	0	0	0	0	0	0.5
Rrs1	0	0	0	-0.5	0	0	0	0
Rsad2	0	0	0	0	0	0	0	0.5
Rsbn1l	-0.5	0	-0.5	-0.5	0	-0.5	-0.5	0
Rsl1	0	0	0	-0.5	0	0	0	0
Rtn4	-0.5	0	-0.5	-0.5	0	-0.5	-0.5	-0.5
Rusc2	0	0	0	-0.5	-0.5	0	0	-0.5
Rwdd1	0	0	-0.5	-0.5	0	-0.5	-0.5	-0.5
Rxrb	0	0	0	0	0	0	0	0.5
Rybp	-0.5	0	-0.5	-0.5	-0.5	-0.5	0	-0.5
Ryr1	0	0	0	0	0	0	0	0.5
S100a1	0	0	-0.5	-0.5	-0.5	0	0	-0.5
S100a10	0	0	0	-0.5	-0.5	-0.5	-0.5	-0.5
S100a4	0	0	0	-0.5	0	-0.5	0	0
S1pr3	-0.5	0	0	-0.5	0	0	0	0
Sacm1l	-0.5	0	0	-0.5	0	0	0	-0.5
Samd1	0	0	0	0	0	0	0	0.5
Samd4	-0.5	0	0	0	0	-0.5	-0.5	0
Sarnp	0	0	-0.5	-0.5	0	0	0	0
Sash1	0	0	0	0	0	0	0	0.5
Sbk1	-0.5	0	-0.5	-0.5	0	-0.5	0	0
Sbno2	-0.5	0	-0.5	-0.5	0	-0.5	-0.5	-0.5
Scd1	0	0	0	0	0	-0.5	-0.5	-0.5
Scin	-0.5	0	0	-0.5	0	-0.5	-0.5	0
Scoc	0	0	-0.5	-0.5	0	-0.5	0	-0.5
Scube2	0	0	0	-0.5	0	0	0	0
Sdc4	-0.5	0	-0.5	-0.5	0	0	-0.5	-0.5
Sdcbp2	-0.5	0	-0.5	0	0	0	-0.5	-0.5
Sdccag8	0	0	0	0	0	0	0	0.5
Sec23a	-0.5	0	-0.5	-0.5	0	-0.5	0	-0.5
Sec24a	-0.5	0	-0.5	-0.5	-0.5	0	0	0
Sele	0	0	-0.5	0	0	-0.5	-0.5	0
Selenbp1	0	0	0	0	0	0	0	0.5
Selp	0	0	0	0	0	-0.5	0	0
Sema4a	0	0	0	-0.5	-0.5	-0.5	-0.5	-0.5
Sema4d	0	0	0	0	0	0	0	0.5
Sema4f	0	0	0	-0.5	-0.5	-0.5	-0.5	0
Sema6b	-0.5	0	-0.5	-0.5	0	-0.5	-0.5	-0.5
Sema6d	-0.5	0	0	-0.5	-0.5	-0.5	-0.5	-0.5
Senp8	-0.5	0	-0.5	-0.5	0	-0.5	0	-0.5
Sepsecs	0	0	0	0	0	0	0	0.5
Sept9	0	0	0	0	0	0	0	0.5
Serpina3n	0	0	0	0	0	-0.5	-0.5	-0.5
Serpinb1b	0	0	0	0	0	0	0	0.5
Serpinb9	-0.5	0	0	-0.5	0	-0.5	-0.5	0
Serpinf1	0	0	0	-0.5	0	0	0	0
Sertad2	-0.5	0	-0.5	-0.5	-0.5	-0.5	-0.5	-0.5
Sestd1	-0.5	0	-0.5	-0.5	-0.5	-0.5	-0.5	-0.5
Setd4	0	0	0	0	0	0	0	0.5
Sfmbt1	-0.5	0	-0.5	-0.5	0	-0.5	0	-0.5
Sgcd	0	0	0	-0.5	0	0	0	0
Sgms2	0	0	0	0	0	0	-0.5	0
Sgol1	-0.5	0	-0.5	-0.5	0	0	0	0
Sgtb	-0.5	0	0	-0.5	-0.5	0	0	-0.5
Sh2b2	0	0	0	0	0	0	0	0.5
Sh2d3c	0	0	0	0	0	0	0	0.5
Sh3bgrl	0	0	0	-0.5	0	0	0	0
Sh3bp2	0	0	-0.5	-0.5	-0.5	-0.5	-0.5	-0.5
Sh3bp5	0	0	0	-0.5	0	0	-0.5	-0.5
Sh3bp5l	-0.5	0	-0.5	-0.5	0	-0.5	0	-0.5
Sh3pxd2b	-0.5	0	-0.5	-0.5	-0.5	-0.5	0	-0.5
Sh3tc1	0	0	0	-0.5	0	-0.5	-0.5	-0.5
Shank1	0	0	0	0	0	0	0	0.5
She	0	0	0	0	0	-0.5	-0.5	0
Shmt1	0	0	0	0	0	0	0	0.5
Siae	0	0	0	0	0	0	0	0.5
Sik1	0	0	0	0	0	0	0	0.5
Sik3	-0.5	0	-0.5	-0.5	-0.5	-0.5	-0.5	-0.5
Sipa1	0	0	0	0	0	0	0	0.5
Sipa1l1	-0.5	0	-0.5	0	0	0	-0.5	0
Sipa1l2	-0.5	0	-0.5	-0.5	-0.5	-0.5	-0.5	-0.5
Sirpa	0	0	0	0	0	0	0	0.5
Sirt1	-0.5	0	-0.5	-0.5	0	-0.5	0	-0.5
Sirt5	0	0	0	0	0	0	0	0.5
Skp2	-0.5	0	-0.5	-0.5	0	-0.5	-0.5	0
Slamf1	0	0	0	0	0	-0.5	0	0
Slc10a1	-0.5	0	-0.5	-0.5	0	0	0	-0.5
Slc11a2	-0.5	0	-0.5	-0.5	-0.5	-0.5	0	-0.5
Slc12a2	0	0	-0.5	-0.5	0	0	0	0
Slc12a3	0	0	0	0	0	0	0	0.5
Slc12a5	0	0	-0.5	0	0	0	0	0
Slc12a6	0	0	0	0	0	0	0	0.5
Slc12a7	0	0	-0.5	-0.5	-0.5	-0.5	-0.5	-0.5
Slc16a1	-0.5	0	0	-0.5	-0.5	0	0	0
Slc16a3	-0.5	0	-0.5	0	0	0	0	-0.5
Slc22a15	-0.5	0	-0.5	-0.5	-0.5	-0.5	-0.5	0
Slc22a18	0	0	0	0	0	-0.5	-0.5	-0.5
Slc22a21	-0.5	0	0	-0.5	0	0	0	-0.5
Slc24a1	1.0	0	0	0	0	0	0	0.5
Slc24a3	0	0	-0.5	-0.5	0	-0.5	-0.5	0
Slc25a11	0	0	0	0	0	0	0	0.5
Slc25a22	0	0	0	0	0	0	0	0.5
Slc25a24	0	0	0	0	0	-0.5	-0.5	-0.5
Slc25a33	0	0	0	0	0	0	0	0.5
Slc25a37	-0.5	0	-0.5	-0.5	0	-0.5	-0.5	-0.5
Slc25a45	0	0	0	0	0	0	0	0.5
Slc26a2	-0.5	0	0	-0.5	0	-0.5	-0.5	-0.5
Slc27a1	0	0	0	0	0	0	0	0.5
Slc27a3	0	0	0	0	-0.5	0	0	0
Slc29a1	0	0	0	0	0	0	0	0.5
Slc30a1	-0.5	0	-0.5	-0.5	0	-0.5	0	-0.5
Slc30a7	-0.5	0	0	-0.5	-0.5	-0.5	-0.5	0
Slc31a2	-0.5	0	-0.5	-0.5	-0.5	0	-0.5	0
Slc32a1	-0.5	0	-0.5	-0.5	-0.5	0	0	-0.5
Slc33a1	0	0	-0.5	-0.5	0	-0.5	0	0
Slc35d1	-0.5	0	-0.5	-0.5	-0.5	0	0	0
Slc35f5	-0.5	0	-0.5	-0.5	0	-0.5	0	-0.5
Slc36a3	0	0	0	0	0	0	0	0.5
Slc37a3	-0.5	0	0	-0.5	-0.5	-0.5	-0.5	0
Slc39a1	0	0	-0.5	-0.5	-0.5	-0.5	-0.5	0
Slc39a14	-0.5	0	0	-0.5	-0.5	-0.5	-0.5	-0.5
Slc41a2	0	0	0	-0.5	0	-0.5	0	0
Slc44a2	0	0	0	0	0	0	0	0.5
Slc4a11	0	0	0	-0.5	-0.5	0	0	-0.5
Slc6a6	-0.5	0	-0.5	-0.5	-0.5	-0.5	-0.5	-0.5
Slc9a6	0	0	-0.5	-0.5	-0.5	0	0	-0.5
Slfn10-ps	0	0	0	-0.5	0	-0.5	-0.5	0
Slfn2	-0.5	0	0	-0.5	-0.5	-0.5	-0.5	0
Slfnl1	0	0	0	0	0	-0.5	-0.5	0
Slit3	0	0	0	-0.5	0	0	0	0
Smad3	-0.5	0	-0.5	-0.5	-0.5	-0.5	-0.5	0
Smchd1	-0.5	0	-0.5	-0.5	0	-0.5	0	-0.5
Smek1	-0.5	0	-0.5	-0.5	-0.5	0	0	0
Smek2	0	0	-0.5	-0.5	0	0	-0.5	0
Smg6	0	0	0	0	0	0	0	0.5
Smndc1	-0.5	0	0	-0.5	0	0	0	-0.5
Smox	-0.5	0	-0.5	-0.5	0	0	0	0
Smpd2	0	0	0	0	0	0	0	0.5
Smpdl3a	0	0	0	0	0	0	0	0.5
Smpdl3b	0	0	0	0	0	0	0	0.5
Smyd1	0	0	0	0	0	0	0	0.5
Snora52	0	0	0	0	0	0	0	0.5
Snord2	0	0	-0.5	0	0	0	0	0
Snord58b	-0.5	0	0	-0.5	-0.5	-0.5	-0.5	0
Snord72	0	0	0	-0.5	0	0	0	0
Snph	-0.5	0	0	0	0	0	-0.5	0
Snrnp27	0	0	0	0	0	0	0	0.5
Sntb2	-0.5	0	-0.5	0	0	-0.5	-0.5	-0.5
Snx14	-0.5	0	-0.5	-0.5	0	-0.5	-0.5	-0.5
Snx22	0	0	0	0	0	0	0	0.5
Snx24	-0.5	0	-0.5	-0.5	0	-0.5	-0.5	0
Snx8	-0.5	0	-0.5	-0.5	-0.5	0	-0.5	-0.5
Soat1	0	0	0	0	0	0	0	0.5
Socs1	-0.5	0	-0.5	-0.5	0	0	-0.5	-0.5
Socs2	-0.5	0	-0.5	-0.5	0	0	0	-0.5
Socs3	-0.5	0	-0.5	-0.5	-0.5	-0.5	0	-0.5
Socs6	-0.5	0	-0.5	-0.5	0	0	0	-0.5
Socs7	-0.5	0	-0.5	-0.5	-0.5	-0.5	0	-0.5
Sorbs3	0	0	0	-0.5	-0.5	0	-0.5	0
Sox15	0	0	0	0	0	0	0	0.5
Sox8	0	0	0	0	0	0	0	0.5
Sp140	0	0	0	-0.5	-0.5	-0.5	-0.5	0
Sp3	-0.5	0	-0.5	-0.5	-0.5	-0.5	0	0
Spag9	-0.5	0	-0.5	-0.5	-0.5	-0.5	-0.5	-0.5
Spata13	-0.5	0	-0.5	-0.5	0	-0.5	0	-0.5
Spata6	-0.5	0	-0.5	-0.5	0	0	-0.5	-0.5
Specc1	-0.5	0	-0.5	-0.5	-0.5	-0.5	-0.5	-0.5
Sphk1	-0.5	0	0	-0.5	0	-0.5	-0.5	-0.5
Spint2	0	0	0	0	0	0	0	0.5
Spire1	0	0	0	0	0	0	0	0.5
Spn	0	0	0	0	0	0	-0.5	0
Spns3	0	0	0	0	0	0	0	0.5
Spred1	-0.5	0	-0.5	-0.5	-0.5	-0.5	-0.5	0
Spry2	0	0	-0.5	-0.5	0	0	0	0
Spry4	-0.5	0	0	-0.5	0	-0.5	0	0
Spryd3	-0.5	0	-0.5	-0.5	-0.5	0	0	-0.5
Srbd1	0	0	0	0	0	0	0	0.5
Srsf2	-0.5	0	-0.5	-0.5	0	-0.5	0	-0.5
Srxn1	-0.5	0	-0.5	-0.5	0	-0.5	0	-0.5
Ss18l1	0	0	0	0	0	0	0	0.5
Ssbp2	-0.5	0	-0.5	-0.5	0	-0.5	-0.5	-0.5
Ssh1	-0.5	0	-0.5	-0.5	0	-0.5	0	-0.5
Sstr4	0	0	0	0	0	0	-0.5	0
St3gal6	0	0	0	0	0	-0.5	-0.5	0
St6gal1	-0.5	0	-0.5	-0.5	-0.5	-0.5	-0.5	0
Stam	0	0	-0.5	-0.5	0	0	0	0
Stam2	0	0	-0.5	-0.5	0	0	0	0
Stard13	-0.5	0	0	-0.5	0	-0.5	-0.5	0
Stat3	-0.5	0	-0.5	-0.5	0	-0.5	0	-0.5
Stat4	-0.5	0	0	-0.5	0	-0.5	0	-0.5
Stat5a	-0.5	0	-0.5	-0.5	0	-0.5	-0.5	0
Steap3	0	0	0	-0.5	0	-0.5	0	0
Stim2	-0.5	0	-0.5	-0.5	-0.5	-0.5	-0.5	-0.5
Stk40	-0.5	0	-0.5	-0.5	-0.5	-0.5	-0.5	-0.5
Stoml2	0	0	0	0	0	0	0	0.5
Ston2	-0.5	0	0	-0.5	-0.5	-0.5	-0.5	0
Stox2	-0.5	0	0	-0.5	0	0	-0.5	0
Strbp	0	0	0	0	0	0	0	0.5
Stx11	0	0	-0.5	-0.5	-0.5	-0.5	-0.5	-0.5
Stx12	-0.5	0	-0.5	-0.5	-0.5	0	0	0
Stx2	0	0	0	0	0	0	0	0.5
Stxbp1	0	0	-0.5	-0.5	0	-0.5	0	-0.5
Stxbp6	0	0	-0.5	-0.5	-0.5	0	-0.5	0
Sub1	0	0	-0.5	0	0	-0.5	0	-0.5
Suclg2	0	0	0	0	0	0	0	0.5
Sulf1	0	0	0	0	0	-0.5	-0.5	0
Sulf2	0	0	0	0	0	0	0	0.5
Sun1	-0.5	0	-0.5	-0.5	-0.5	-0.5	0	-0.5
Sv2b	0	0	0	-0.5	0	-0.5	-0.5	0
Svep1	0	0	0	0	0	-0.5	-0.5	0
Syn1	-0.5	0	-0.5	0	0	-0.5	-0.5	0
Syncrip	-0.5	0	-0.5	-0.5	-0.5	-0.5	0	-0.5
Synj2	0	0	-0.5	-0.5	0	-0.5	-0.5	0
Synpo2	0	0	0	-0.5	-0.5	0	0	0
Sypl	0	0	0	-0.5	-0.5	-0.5	0	0
Syt7	0	0	-0.5	-0.5	0	0	0	0
Tab3	-0.5	0	-0.5	-0.5	-0.5	0	0	-0.5
Tada1	-0.5	0	-0.5	-0.5	0	-0.5	0	-0.5
Taf4b	-0.5	0	-0.5	-0.5	0	-0.5	0	-0.5
Taf6	0	0	0	0	0	0	0	0.5
Taf6l	0	0	0	0	0	0	0	0.5
Tal1	-0.5	0	0	-0.5	0	0	0	0
Taldo1	0	0	0	0	0	0	0	0.5
Taok1	-0.5	0	-0.5	-0.5	0	-0.5	0	0
Taok3	0	0	0	0	0	0	0	0.5
Tatdn3	0	0	0	0	0	0	0	0.5
Tax1bp3	0	0	0	0	0	0	0	0.5
Tbc1d12	0	0	-0.5	-0.5	0	-0.5	0	0
Tbc1d13	0	0	0	0	0	0	0	0.5
Tbc1d14	-0.5	0	-0.5	-0.5	-0.5	-0.5	-0.5	-0.5
Tbc1d22a	0	0	0	0	0	0	0	0.5
Tbc1d25	-0.5	0	-0.5	-0.5	0	-0.5	0	0
Tbc1d2b	-0.5	0	-0.5	-0.5	-0.5	-0.5	-0.5	0
Tbc1d30	0	0	0	0	0	0	0	0.5
Tbc1d4	-0.5	0	-0.5	-0.5	0	-0.5	-0.5	0
Tbp	-0.5	0	-0.5	-0.5	0	-0.5	0	-0.5
Tcf7l2	-0.5	0	-0.5	-0.5	-0.5	-0.5	-0.5	-0.5
Tcirg1	0	0	0	0	0	0	0	0.5
Tctex1d4	0	0	0	0	0	0	0	0.5
Tctn3	0	0	0	0	0	0	0	0.5
Tdp2	0	0	-0.5	-0.5	0	0	0	0
Tead1	0	0	0	-0.5	0	-0.5	-0.5	0
Tenc1	-0.5	0	-0.5	-0.5	0	-0.5	-0.5	0
Tes	-0.5	0	-0.5	0	0	-0.5	-0.5	-0.5
Tet2	-0.5	0	-0.5	-0.5	-0.5	-0.5	-0.5	0
Tfip11	-0.5	0	-0.5	-0.5	0	-0.5	-0.5	-0.5
Tgfb1i1	0	0	-0.5	-0.5	0	0	0	-0.5
Tgfbi	0	0	-0.5	-0.5	0	-0.5	-0.5	-0.5
Tgfbr3	-0.5	0	0	0	0	0	0	0
Tgif2	0	0	0	0	0	0	0	0.5
Tgm2	0	0	0	0	0	0	0	0.5
Tgm3	0	0	0	0	0	-0.5	-0.5	0
Thap3	0	0	0	0	0	0	0	0.5
Thbs1	0	0	0	-0.5	-0.5	-0.5	0	0
Thbs3	0	0	-0.5	-0.5	0	0	0	0
Thy1	0	0	0	0	0	0	0	0.5
Tiam1	-0.5	0	-0.5	-0.5	-0.5	-0.5	-0.5	-0.5
Tiam2	0	0	0	-0.5	0	-0.5	0	0
Tigit	0	0	0	-0.5	0	-0.5	-0.5	0
Timm10	0	0	0	0	0	0	0	0.5
Timm22	0	0	-0.5	-0.5	0	-0.5	0	-0.5
Timp1	0	0	0	0	0	-0.5	-0.5	0
Timp2	0	0	-0.5	-0.5	0	0	-0.5	0
Tirap	-0.5	0	-0.5	-0.5	-0.5	-0.5	-0.5	0
Tjp2	-0.5	0	-0.5	-0.5	-0.5	-0.5	-0.5	0
Tk2	0	0	0	0	0	0	0	0.5
Tle1	-0.5	0	-0.5	-0.5	-0.5	-0.5	-0.5	-0.5
Tle3	-0.5	0	-0.5	-0.5	0	-0.5	0	-0.5
Tlk2	0	0	0	-0.5	0	0	0	0
Tln2	0	0	0	0	0	0	-0.5	0
Tlr4	0	0	0	-0.5	0	-0.5	-0.5	0
Tm4sf19	0	0	0	-0.5	0	0	0	0
Tmc6	-0.5	0	-0.5	-0.5	-0.5	0	0	0
Tmc8	-0.5	0	-0.5	-0.5	-0.5	0	0	-0.5
Tmed5	-0.5	0	-0.5	-0.5	0	0	0	-0.5
Tmem106a	0	0	0	0	0	0	0	0.5
Tmem119	0	0	0	0	0	-0.5	-0.5	0
Tmem127	-0.5	0	-0.5	-0.5	0	-0.5	0	0
Tmem131	-0.5	0	-0.5	-0.5	-0.5	-0.5	-0.5	-0.5
Tmem134	0	0	0	0	0	0	0	0.5
Tmem150a	-0.5	0	-0.5	-0.5	0	-0.5	0	-0.5
Tmem164	0	0	0	0	0	0	0	0.5
Tmem167	0	0	-0.5	-0.5	0	0	0	0
Tmem168	0	0	-0.5	-0.5	0	0	0	-0.5
Tmem194	-0.5	0	-0.5	-0.5	-0.5	-0.5	0	0
Tmem2	-0.5	0	-0.5	-0.5	-0.5	-0.5	-0.5	-0.5
Tmem231	0	0	0	0	0	0	0	0.5
Tmem38b	0	0	0	0	0	0	0	0.5
Tmem50b	0	0	-0.5	-0.5	-0.5	-0.5	-0.5	-0.5
Tmem62	0	0	0	-0.5	-0.5	-0.5	0	0
Tmem65	-0.5	0	-0.5	-0.5	-0.5	-0.5	-0.5	-0.5
Tmem80	0	0	0	0	0	0	0	0.5
Tmem88b	0	0	-0.5	0	-0.5	0	-0.5	-0.5
Tmem95	0	0	0	-0.5	0	0	0	-0.5
Tmtc1	0	0	0	-0.5	0	0	0	0
Tmtc3	-0.5	0	-0.5	-0.5	0	-0.5	0	0
Tnfaip1	-0.5	0	-0.5	-0.5	-0.5	0	-0.5	0
Tnfaip2	0	0	0	0	0	0	0	0.5
Tnfaip3	0	0	0	0	0	0	0	0.5
Tnfaip6	0	0	0	0	0	-0.5	0	0
Tnfaip8	-0.5	0	-0.5	-0.5	0	-0.5	-0.5	-0.5
Tnfaip8l2	0	0	-0.5	0	0	0	0	-0.5
Tnfrsf26	0	0	-0.5	-0.5	-0.5	-0.5	-0.5	-0.5
Tnfrsf9	0	0	0	-0.5	0	-0.5	-0.5	0
Tnfsf14	0	0	0	0	0	-0.5	-0.5	0
Tnip2	0	0	-0.5	-0.5	-0.5	-0.5	0	-0.5
Tnip3	0	0	0	0	0	-0.5	-0.5	0
Tnpo2	0	0	0	0	0	0	0	0.5
Tnrc6a	0	0	-0.5	-0.5	0	-0.5	-0.5	-0.5
Tns1	-0.5	0	0	-0.5	0	-0.5	-0.5	0
Tnxb	0	0	0	0	0	-0.5	0	0
Tom1	0	0	0	0	0	0	0	0.5
Tom1l2	-0.5	0	-0.5	-0.5	-0.5	0	0	-0.5
Top1	-0.5	0	0	-0.5	-0.5	-0.5	-0.5	-0.5
Tox	0	0	0	-0.5	0	0	0	0
Tox2	0	0	0	-0.5	0	-0.5	-0.5	0
Tpbg	0	0	0	0	0	-0.5	-0.5	0
Tpcn1	0	0	0	0	0	0	0	0.5
Tpmt	0	0	0	0	0	0	0	0.5
Tpp1	0	0	0	0	0	0	0	0.5
Tppp	0	0	-0.5	-0.5	0	0	0	-0.5
Tppp3	0	0	0	-0.5	0	0	0	-0.5
Tpst1	0	0	-0.5	-0.5	-0.5	-0.5	-0.5	0
Traf1	-0.5	0	0	-0.5	-0.5	-0.5	-0.5	-0.5
Trak2	0	0	-0.5	-0.5	0	0	0	-0.5
Tram1	-0.5	0	-0.5	-0.5	-0.5	0	0	0
Trappc5	0	0	0	0	0	0	0	0.5
Treh	0	0	0	-0.5	0	0	0	-0.5
Trex1	0	0	-0.5	-0.5	0	0	0	0
Trib3	0	0	0	0	0	0	0	0.5
Trim14	0	0	0	0	0	0	0	0.5
Trim23	0	0	0	-0.5	-0.5	0	0	0
Trim35	0	0	0	-0.5	0	0	0	0
Trim46	0	0	-0.5	-0.5	0	0	0	0
Trim47	0	0	-0.5	-0.5	-0.5	0	0	-0.5
Trim8	-0.5	0	-0.5	-0.5	0	-0.5	-0.5	-0.5
Trio	-0.5	0	-0.5	-0.5	0	-0.5	-0.5	-0.5
Trip13	0	0	0	0	0	0	0	0.5
Trmt11	-0.5	0	-0.5	-0.5	-0.5	-0.5	-0.5	0
Trpm2	0	0	0	0	0	0	0	0.5
Trps1	-0.5	0	-0.5	-0.5	-0.5	-0.5	-0.5	0
Trpv2	0	0	-0.5	-0.5	-0.5	-0.5	-0.5	-0.5
Tsc1	-0.5	0	-0.5	-0.5	0	0	0	0
Tsga10	0	0	-0.5	-0.5	0	0	-0.5	-0.5
Tssc4	0	0	0	-0.5	0	0	0	0
Ttbk2	0	0	-0.5	0	-0.5	0	0	-0.5
Ttc21b	0	0	0	0	0	0	0	0.5
Ttc39b	-0.5	0	-0.5	-0.5	0	-0.5	-0.5	-0.5
Ttc39c	-0.5	0	-0.5	-0.5	-0.5	-0.5	-0.5	-0.5
Ttf2	0	0	0	0	0	0	0	0.5
Ttl	-0.5	0	-0.5	-0.5	0	0	0	-0.5
Tubb5	0	0	0	0	0	0	0	0.5
Tulp3	-0.5	0	-0.5	-0.5	0	-0.5	-0.5	-0.5
Tulp4	-0.5	0	-0.5	-0.5	0	-0.5	-0.5	0
Twf1	-0.5	0	0	-0.5	0	0	0	-0.5
Twsg1	-0.5	0	-0.5	-0.5	0	0	0	-0.5
Txnrd1	-0.5	0	-0.5	-0.5	0	-0.5	-0.5	-0.5
Tymp	0	0	0	-0.5	0	-0.5	0	0
Uap1	0	0	-0.5	-0.5	0	-0.5	0	-0.5
Uba3	-0.5	0	0	-0.5	0	-0.5	0	-0.5
Uba6	-0.5	0	0	-0.5	-0.5	-0.5	-0.5	-0.5
Uba7	0	0	0	0	0	0	0	0.5
Ube2g1	-0.5	0	0	-0.5	0	0	0	0
Ube2q2	-0.5	0	-0.5	-0.5	-0.5	-0.5	-0.5	0
Ube2w	-0.5	0	-0.5	-0.5	0	-0.5	0	-0.5
Ube2z	-0.5	0	-0.5	-0.5	0	-0.5	0	0
Ubr1	0	0	-0.5	-0.5	0	-0.5	0	0
Ubtd2	-0.5	0	-0.5	-0.5	-0.5	-0.5	-0.5	-0.5
Ubxn7	0	0	-0.5	-0.5	0	0	0	0
Uck2	-0.5	0	-0.5	-0.5	-0.5	-0.5	-0.5	0
Uevld	0	0	0	0	0	0	0	0.5
Ugcg	-0.5	0	-0.5	-0.5	-0.5	-0.5	-0.5	-0.5
Ugdh	0	0	0	-0.5	-0.5	0	0	-0.5
Uhrf1bp1	0	0	0	0	0	0	0	0.5
Uimc1	0	0	0	0	0	0	0	0.5
Ulk1	0	0	-0.5	0	0	-0.5	0	-0.5
Unc119	0	0	0	0	0	0	0	0.5
Unc13d	0	0	0	0	0	0	0	0.5
Unc5b	-0.5	0	-0.5	-0.5	-0.5	0	-0.5	-0.5
Unc80	0	0	0	-0.5	-0.5	-0.5	-0.5	0
Ung	0	0	0	0	0	0	0	0.5
Uqcrb	0	0	0	0	0	-0.5	0	0
Usf2	0	0	0	0	0	0	0	0.5
Ushbp1	-0.5	0	-0.5	-0.5	-0.5	-0.5	0	-0.5
Usp10	-0.5	0	0	-0.5	0	-0.5	-0.5	0
Usp18	0	0	0	0	0	0	0	0.5
Usp20	-0.5	0	0	-0.5	-0.5	-0.5	-0.5	-0.5
Usp3	0	0	0	0	0	0	0	0.5
Usp31	-0.5	0	-0.5	-0.5	0	-0.5	-0.5	-0.5
Usp35	0	0	0	-0.5	0	-0.5	0	-0.5
Usp53	-0.5	0	-0.5	-0.5	-0.5	-0.5	0	-0.5
Utp14a	0	0	0	0	0	0	0	0.5
Utp23	0	0	0	-0.5	0	-0.5	0	0
Uxs1	-0.5	0	-0.5	-0.5	-0.5	-0.5	-0.5	-0.5
Vapa	-0.5	0	-0.5	-0.5	-0.5	-0.5	0	-0.5
Vasn	0	0	0	-0.5	0	0	0	-0.5
Vat1	0	0	-0.5	-0.5	0	-0.5	0	-0.5
Vav1	0	0	0	0	0	0	0	0.5
Vav3	-0.5	0	-0.5	-0.5	0	-0.5	-0.5	-0.5
Vcan	0	0	0	-0.5	-0.5	-0.5	0	-0.5
Vcl	-0.5	0	-0.5	-0.5	0	-0.5	-0.5	-0.5
Vcpip1	0	0	-0.5	-0.5	0	-0.5	-0.5	0
Vdr	-0.5	0	-0.5	-0.5	-0.5	-0.5	-0.5	-0.5
Vezt	-0.5	0	-0.5	-0.5	0	0	0	-0.5
Vim	0	0	0	-0.5	-0.5	-0.5	-0.5	-0.5
Vkorc1l1	-0.5	0	-0.5	-0.5	-0.5	0	0	-0.5
Vmac	-0.5	0	-0.5	-0.5	0	0	0	-0.5
Vps13c	0	0	0	0	0	0	0	0.5
Vps18	0	0	0	0	0	0	0	0.5
Vps37b	0	0	0	0	0	0	0	0.5
Vps37c	-0.5	0	-0.5	-0.5	-0.5	-0.5	-0.5	-0.5
Vps4a	-0.5	0	-0.5	-0.5	0	0	0	-0.5
Vps54	-0.5	0	-0.5	-0.5	0	0	0	0
Wdhd1	-0.5	0	-0.5	-0.5	0	0	0	0
Wdr26	-0.5	0	-0.5	-0.5	-0.5	0	0	-0.5
Wdr37	-0.5	0	0	-0.5	0	-0.5	-0.5	0
Wdr41	0	0	0	0	0	0	0	0.5
Wdr45	-0.5	0	-0.5	-0.5	0	-0.5	-0.5	-0.5
Whamm	-0.5	0	-0.5	-0.5	-0.5	0	0	0
Wipf1	0	0	0	0	0	0	0	0.5
Wipf2	0	0	-0.5	-0.5	-0.5	0	0	0
Wipi1	-0.5	0	-0.5	-0.5	-0.5	0	-0.5	-0.5
Wipi2	0	0	-0.5	-0.5	-0.5	0	0	0
Wnt2b	0	0	-0.5	0	0	-0.5	-0.5	-0.5
Wrnip1	0	0	-0.5	-0.5	-0.5	-0.5	0	0
Wsb1	-0.5	0	-0.5	-0.5	0	-0.5	-0.5	-0.5
Wsb2	0	0	0	0	0	0	0	0.5
Xbp1	-0.5	0	0	-0.5	0	-0.5	-0.5	-0.5
Xpc	0	0	0	0	0	0	0	0.5
Xrcc6	0	0	0	0	0	0	0	0.5
Xrcc6bp1	0	0	0	0	0	0	0	0.5
Xylb	0	0	0	0	0	0	0	0.5
Xylt1	-0.5	0	-0.5	-0.5	-0.5	-0.5	-0.5	-0.5
Yes1	0	0	0	-0.5	0	0	0	0
Yod1	-0.5	0	-0.5	-0.5	-0.5	-0.5	0	-0.5
Ythdf2	-0.5	0	-0.5	-0.5	-0.5	0	0	0
Zbtb1	-0.5	0	-0.5	-0.5	-0.5	-0.5	-0.5	-0.5
Zbtb12	0	0	0	0	0	0	0	0.5
Zbtb16	-0.5	0	-0.5	-0.5	0	-0.5	-0.5	0
Zbtb32	-0.5	0	-0.5	-0.5	-0.5	-0.5	-0.5	0
Zbtb33	0	0	-0.5	-0.5	-0.5	0	0	0
Zbtb34	-0.5	0	-0.5	-0.5	0	0	-0.5	-0.5
Zbtb39	0	0	0	-0.5	-0.5	0	0	0
Zbtb41	-0.5	0	-0.5	-0.5	-0.5	-0.5	0	0
Zbtb42	-0.5	0	-0.5	-0.5	-0.5	-0.5	0	-0.5
Zbtb43	0	0	-0.5	-0.5	-0.5	-0.5	-0.5	0
Zbtb49	0	0	0	-0.5	-0.5	0	0	-0.5
Zbtb6	-0.5	0	0	-0.5	-0.5	-0.5	0	-0.5
Zbtb7a	-0.5	0	-0.5	-0.5	-0.5	-0.5	0	-0.5
Zc3h10	0	0	0	0	0	0	0	0.5
Zc3h11a	-0.5	0	-0.5	-0.5	-0.5	0	0	0
Zc3h12c	0	0	0	0	0	0	0	0.5
Zc3h7a	-0.5	0	-0.5	-0.5	0	0	0	-0.5
Zcchc10	0	0	0	0	0	0	0	-0.5
Zcchc11	-0.5	0	-0.5	-0.5	0	-0.5	0	0
Zcchc14	-0.5	0	0	-0.5	-0.5	0	0	-0.5
Zcchc24	-0.5	0	-0.5	-0.5	-0.5	-0.5	0	-0.5
Zcchc3	-0.5	0	-0.5	-0.5	-0.5	0	0	0
Zcchc4	0	0	0	0	0	0	0	0.5
Zdhhc20	-0.5	0	-0.5	-0.5	-0.5	0	0	-0.5
Zdhhc9	-0.5	0	0	-0.5	0	-0.5	0	0
Zfhx3	0	0	0	0	0	0	0	0.5
Zfp111	0	0	0	-0.5	0	0	0	0
Zfp112	0	0	0	-0.5	0	0	0	0
Zfp142	-0.5	0	-0.5	-0.5	0	0	0	-0.5
Zfp160	0	0	-0.5	-0.5	0	0	0	0
Zfp180	0	0	0	-0.5	-0.5	-0.5	-0.5	0
Zfp191	0	0	-0.5	-0.5	0	-0.5	0	0
Zfp217	-0.5	0	-0.5	-0.5	-0.5	-0.5	-0.5	-0.5
Zfp26	-0.5	0	0	-0.5	0	0	0	-0.5
Zfp260	0	0	0	-0.5	-0.5	0	0	-0.5
Zfp263	0	0	0	-0.5	0	0	0	-0.5
Zfp27	0	0	-0.5	-0.5	0	0	0	0
Zfp273	-0.5	0	-0.5	-0.5	0	0	-0.5	0
Zfp28	0	0	0	-0.5	-0.5	0	0	-0.5
Zfp282	-0.5	0	-0.5	-0.5	0	-0.5	0	-0.5
Zfp292	-0.5	0	-0.5	-0.5	0	0	0	0
Zfp318	-0.5	0	-0.5	-0.5	-0.5	0	0	-0.5
Zfp319	0	0	-0.5	-0.5	0	-0.5	0	-0.5
Zfp322a	0	0	0	-0.5	0	0	0	0
Zfp36l2	0	0	0	0	0	0	0	0.5
Zfp382	0	0	-0.5	-0.5	0	0	0	0
Zfp385a	0	0	0	0	0	0	0	0.5
Zfp398	-0.5	0	-0.5	-0.5	-0.5	-0.5	0	-0.5
Zfp40	0	0	-0.5	0	0	0	0	0
Zfp410	-0.5	0	-0.5	-0.5	0	-0.5	-0.5	0
Zfp420	-0.5	0	0	-0.5	0	0	0	0
Zfp423	0	0	0	-0.5	0	0	0	0
Zfp429	0	0	0	-0.5	0	0	0	0
Zfp451	0	0	-0.5	-0.5	-0.5	-0.5	-0.5	0
Zfp455	0	0	0	-0.5	0	0	0	0
Zfp456	-0.5	0	-0.5	-0.5	0	0	-0.5	0
Zfp46	-0.5	0	0	-0.5	0	-0.5	0	-0.5
Zfp467	0	0	0	0	0	0	0	0.5
Zfp472	0	0	0	0	0	0	-0.5	0
Zfp503	0	0	0	0	0	0	0	0.5
Zfp516	-0.5	0	-0.5	-0.5	-0.5	-0.5	-0.5	-0.5
Zfp52	0	0	0	-0.5	0	-0.5	0	0
Zfp521	0	0	0	0	0	0	0	0.5
Zfp553	-0.5	0	-0.5	-0.5	-0.5	-0.5	-0.5	-0.5
Zfp558	0	0	0	-0.5	-0.5	0	0	0
Zfp568	-0.5	0	-0.5	-0.5	0	-0.5	0	0
Zfp574	0	0	-0.5	0	0	0	0	-0.5
Zfp58	-0.5	0	-0.5	-0.5	0	0	-0.5	0
Zfp595	-0.5	0	-0.5	-0.5	0	-0.5	-0.5	0
Zfp606	0	0	0	-0.5	0	0	0	0
Zfp608	0	0	0	0	0	0	0	0.5
Zfp61	-0.5	0	0	-0.5	0	0	0	-0.5
Zfp64	-0.5	0	0	-0.5	0	0	-0.5	-0.5
Zfp651	-0.5	0	0	-0.5	0	-0.5	0	-0.5
Zfp672	-0.5	0	-0.5	-0.5	0	-0.5	0	-0.5
Zfp7	-0.5	0	-0.5	-0.5	-0.5	-0.5	-0.5	-0.5
Zfp704	0	0	-0.5	-0.5	-0.5	-0.5	-0.5	-0.5
Zfp708	0	0	-0.5	-0.5	-0.5	-0.5	-0.5	-0.5
Zfp710	-0.5	0	0	-0.5	-0.5	-0.5	-0.5	-0.5
Zfp715	0	0	-0.5	-0.5	0	-0.5	-0.5	0
Zfp738	-0.5	0	0	-0.5	0	0	0	0
Zfp747	-0.5	0	0	0	0	0	0	0
Zfp748	0	0	0	-0.5	0	0	0	0
Zfp764	-0.5	0	0	0	0	-0.5	-0.5	0
Zfp768	-0.5	0	-0.5	-0.5	-0.5	-0.5	0	-0.5
Zfp770	-0.5	0	0	0	0	0	0	0
Zfp777	-0.5	0	-0.5	-0.5	-0.5	-0.5	0	0
Zfp780b	0	0	0	-0.5	-0.5	0	0	0
Zfp790	0	0	0	-0.5	0	-0.5	-0.5	0
Zfp800	-0.5	0	-0.5	-0.5	-0.5	-0.5	-0.5	0
Zfp821	-0.5	0	-0.5	-0.5	0	0	0	-0.5
Zfp830	0	0	-0.5	-0.5	-0.5	0	0	-0.5
Zfp84	0	0	0	-0.5	0	0	0	0
Zfp867	0	0	0	0	0	0	0	-0.5
Zfp9	0	0	0	-0.5	0	0	0	0
Zfp91	-0.5	0	-0.5	-0.5	-0.5	-0.5	0	0
Zfp933	0	0	0	-0.5	0	0	0	0
Zfp948	0	0	0	-0.5	0	-0.5	0	0
Zfp949	0	0	0	-0.5	-0.5	0	0	0
Zfp951	0	0	0	-0.5	0	-0.5	0	0
Zfp953	-0.5	0	-0.5	-0.5	0	-0.5	-0.5	0
Zfyve20	-0.5	0	0	-0.5	0	0	0	0
Zfyve28	0	0	0	0	0	0	0	0.5
Zhx2	-0.5	0	-0.5	-0.5	0	0	0	-0.5
Zkscan6	0	0	0	0	0	0	0	0.5
Zmym1	0	0	0	-0.5	0	-0.5	-0.5	0
Zmym2	-0.5	0	0	-0.5	-0.5	-0.5	0	-0.5
Zmym5	-0.5	0	0	-0.5	-0.5	-0.5	-0.5	-0.5
Zmynd15	-0.5	0	-0.5	-0.5	-0.5	-0.5	-0.5	-0.5
Znrf3	-0.5	0	-0.5	-0.5	-0.5	-0.5	-0.5	-0.5
Zranb2	0	0	0	0	0	0	0	0.5
Zscan29	0	0	-0.5	-0.5	0	-0.5	0	0
Zswim6	-0.5	0	-0.5	-0.5	-0.5	-0.5	-0.5	-0.5
Zyg11b	-0.5	0	0	-0.5	-0.5	-0.5	0	-0.5
