Regulator	Target	Weight
Atf3	1700029i15rik	-0.25
E2f4	1700029i15rik	-0.25
E2f6	1700029i15rik	-0.25
Egr1	1700029i15rik	-0.25
Elf2	1700029i15rik	-0.25
Elk4	1700029i15rik	-0.25
Fos	1700029i15rik	-0.25
Gabpa	1700029i15rik	-0.25
Irf1	1700029i15rik	-0.25
Irf3	1700029i15rik	-0.25
Nfya	1700029i15rik	-0.25
Nrf1	1700029i15rik	-0.25
Pbx3	1700029i15rik	-0.25
Sp1	1700029i15rik	-0.25
Sp2	1700029i15rik	-0.25
Sp4	1700029i15rik	-0.25
Tbp	1700029i15rik	-0.25
Atf3	2310022b05rik	-0.25
Bhlhe40	2310022b05rik	-0.25
Ctcf	2310022b05rik	-0.25
E2f4	2310022b05rik	-0.25
Egr1	2310022b05rik	-0.25
Elf1	2310022b05rik	-0.25
Gabpa	2310022b05rik	-0.25
Irf1	2310022b05rik	-0.25
Klf4	2310022b05rik	-0.25
Klf7	2310022b05rik	-0.25
Nrf1	2310022b05rik	-0.25
Sp1	2310022b05rik	-0.25
Sp2	2310022b05rik	-0.25
Sp3	2310022b05rik	-0.25
Sp4	2310022b05rik	-0.25
Srf	2310022b05rik	-0.25
Taf1	2310022b05rik	-0.25
Tbp	2310022b05rik	-0.25
Usf1	2310022b05rik	-0.25
Zfp148	2310022b05rik	-0.25
Atf3	5730508b09rik	0.25
Zbtb7b	5730508b09rik	0.25
Atf3	6330416g13rik	-0.25
E2f4	6330416g13rik	-0.25
E2f6	6330416g13rik	-0.25
Egr1	6330416g13rik	-0.25
Elf1	6330416g13rik	-0.25
Elf2	6330416g13rik	-0.25
Etv6	6330416g13rik	-0.25
Fos	6330416g13rik	-0.25
Gabpa	6330416g13rik	-0.25
Irf1	6330416g13rik	-0.25
Sp2	6330416g13rik	-0.25
Sp4	6330416g13rik	-0.25
Taf1	6330416g13rik	-0.25
Zbtb7b	6330416g13rik	-0.25
Zfp143	6330416g13rik	-0.25
Atf3	8430427h17rik	-0.25
Bhlhe40	8430427h17rik	-0.25
Ctcf	8430427h17rik	-0.25
E2f4	8430427h17rik	-0.25
E2f6	8430427h17rik	-0.25
Egr1	8430427h17rik	-0.25
Elf1	8430427h17rik	-0.25
Fos	8430427h17rik	-0.25
Gabpa	8430427h17rik	-0.25
Irf1	8430427h17rik	-0.25
Klf4	8430427h17rik	-0.25
Klf7	8430427h17rik	-0.25
Mitf	8430427h17rik	-0.25
Nrf1	8430427h17rik	-0.25
Sp1	8430427h17rik	-0.25
Sp2	8430427h17rik	-0.25
Sp3	8430427h17rik	-0.25
Sp4	8430427h17rik	-0.25
Taf1	8430427h17rik	-0.25
Tbp	8430427h17rik	-0.25
Tfeb	8430427h17rik	-0.25
Usf1	8430427h17rik	-0.25
Usf2	8430427h17rik	-0.25
Zbtb7b	8430427h17rik	-0.25
Zfp148	8430427h17rik	-0.25
Ctcf	9130023h24rik	-0.25
E2f6	9130023h24rik	-0.25
Egr1	9130023h24rik	-0.25
Elf1	9130023h24rik	-0.25
Elk4	9130023h24rik	-0.25
Etv6	9130023h24rik	-0.25
Gabpa	9130023h24rik	-0.25
Irf1	9130023h24rik	-0.25
Irf3	9130023h24rik	-0.25
Klf4	9130023h24rik	-0.25
Klf7	9130023h24rik	-0.25
Nrf1	9130023h24rik	-0.25
Smarcc2	9130023h24rik	-0.25
Sp1	9130023h24rik	-0.25
Sp2	9130023h24rik	-0.25
Sp3	9130023h24rik	-0.25
Sp4	9130023h24rik	-0.25
Taf1	9130023h24rik	-0.25
Tbp	9130023h24rik	-0.25
Zbtb7b	9130023h24rik	-0.25
Zfp143	9130023h24rik	-0.25
Zfp148	9130023h24rik	-0.25
Zfp523	9130023h24rik	-0.25
Atf3	9130230l23rik	0.25
Atf3	9430015g10rik	-0.25
E2f4	9430015g10rik	-0.25
E2f6	9430015g10rik	-0.25
Egr1	9430015g10rik	-0.25
Fos	9430015g10rik	-0.25
Klf4	9430015g10rik	-0.25
Nfya	9430015g10rik	-0.25
Pbx3	9430015g10rik	-0.25
Smarcc2	9430015g10rik	-0.25
Sp1	9430015g10rik	-0.25
Sp2	9430015g10rik	-0.25
Sp3	9430015g10rik	-0.25
Sp4	9430015g10rik	-0.25
Zfp143	9430015g10rik	-0.25
Zfp148	9430015g10rik	-0.25
Zfp523	9430015g10rik	-0.25
Ctcf	9930104l06rik	-0.25
Egr1	9930104l06rik	-0.25
Irf1	9930104l06rik	-0.25
Irf3	9930104l06rik	-0.25
Klf7	9930104l06rik	-0.25
Smarcc2	9930104l06rik	-0.25
Sp1	9930104l06rik	-0.25
Tbp	9930104l06rik	-0.25
Zfp143	9930104l06rik	-0.25
Atf3	A530054k11rik	0.25
Atf3	Abhd15	-0.25
Ctcf	Abhd15	-0.25
E2f4	Abhd15	-0.25
Egr1	Abhd15	-0.25
Elk1	Abhd15	-0.25
Fos	Abhd15	-0.25
Irf1	Abhd15	-0.25
Sp1	Abhd15	-0.25
Sp2	Abhd15	-0.25
Sp3	Abhd15	-0.25
Sp4	Abhd15	-0.25
Tbp	Abhd15	-0.25
Usf2	Abhd15	-0.25
Zbtb7b	Abhd15	-0.25
Zfp148	Abhd15	-0.25
Ctcf	Ablim1	-0.25
Egr1	Ablim1	-0.25
Elf1	Ablim1	-0.25
Elf2	Ablim1	-0.25
Elk1	Ablim1	-0.25
Elk4	Ablim1	-0.25
Etv6	Ablim1	-0.25
Gabpa	Ablim1	-0.25
Irf1	Ablim1	-0.25
Irf3	Ablim1	-0.25
Taf1	Ablim1	-0.25
Zfp143	Ablim1	-0.25
Atf3	Acvr2a	0.25
Zbtb7b	Acvr2a	0.25
Atf3	Adamts2	-0.25
Ctcf	Adamts2	-0.25
Elf1	Adamts2	-0.25
Elk1	Adamts2	-0.25
Irf1	Adamts2	-0.25
Atf3	Adamts4	-0.25
Ctcf	Adamts4	-0.25
E2f4	Adamts4	-0.25
Taf1	Adamts4	-0.25
Atf3	Adamts6	0.25
Ctcf	Adarb1	-0.25
E2f4	Adarb1	-0.25
Egr1	Adarb1	-0.25
Elf1	Adarb1	-0.25
Gabpa	Adarb1	-0.25
Irf1	Adarb1	-0.25
Klf4	Adarb1	-0.25
Klf7	Adarb1	-0.25
Nrf1	Adarb1	-0.25
Sp1	Adarb1	-0.25
Sp2	Adarb1	-0.25
Sp3	Adarb1	-0.25
Sp4	Adarb1	-0.25
Tbp	Adarb1	-0.25
Zbtb7b	Adarb1	-0.25
Zfp148	Adarb1	-0.25
Atf3	Adck5	-0.25
Ctcf	Adck5	-0.25
E2f4	Adck5	-0.25
Egr1	Adck5	-0.25
Elf1	Adck5	-0.25
Gabpa	Adck5	-0.25
Irf1	Adck5	-0.25
Klf4	Adck5	-0.25
Klf7	Adck5	-0.25
Nrf1	Adck5	-0.25
Sp1	Adck5	-0.25
Sp2	Adck5	-0.25
Sp3	Adck5	-0.25
Sp4	Adck5	-0.25
Taf1	Adck5	-0.25
Tbp	Adck5	-0.25
Zfp143	Adck5	-0.25
Zfp148	Adck5	-0.25
Zfp523	Adck5	-0.25
Bhlhe40	Adcy4	-0.25
Ctcf	Adcy4	-0.25
E2f4	Adcy4	-0.25
Egr1	Adcy4	-0.25
Elf1	Adcy4	-0.25
Fos	Adcy4	-0.25
Gabpa	Adcy4	-0.25
Irf1	Adcy4	-0.25
Irf3	Adcy4	-0.25
Sp1	Adcy4	-0.25
Sp3	Adcy4	-0.25
Sp4	Adcy4	-0.25
Taf1	Adcy4	-0.25
Tbp	Adcy4	-0.25
Usf2	Adcy4	-0.25
Zfp143	Adcy4	-0.25
Zfp148	Adcy4	-0.25
Atf3	Adss	0.25
Zbtb7b	Adss	0.25
Ctcf	Aebp1	-0.25
E2f4	Aebp1	-0.25
E2f6	Aebp1	-0.25
Etv6	Aebp1	-0.25
Irf1	Aebp1	-0.25
Irf3	Aebp1	-0.25
Nrf1	Aebp1	-0.25
Sp1	Aebp1	-0.25
Sp2	Aebp1	-0.25
Sp3	Aebp1	-0.25
Sp4	Aebp1	-0.25
Tbp	Aebp1	-0.25
Atf3	Agrn	0.25
Zbtb7b	Agrn	0.25
Atf3	Ahsa2	-0.25
Ctcf	Ahsa2	-0.25
E2f4	Ahsa2	-0.25
Egr1	Ahsa2	-0.25
Elf1	Ahsa2	-0.25
Fos	Ahsa2	-0.25
Gabpa	Ahsa2	-0.25
Irf1	Ahsa2	-0.25
Klf4	Ahsa2	-0.25
Klf7	Ahsa2	-0.25
Nrf1	Ahsa2	-0.25
Sp1	Ahsa2	-0.25
Sp2	Ahsa2	-0.25
Sp3	Ahsa2	-0.25
Sp4	Ahsa2	-0.25
Taf1	Ahsa2	-0.25
Tbp	Ahsa2	-0.25
Zbtb7b	Ahsa2	-0.25
Zfp148	Ahsa2	-0.25
Atf3	Akap12	-0.25
Bhlhe40	Akap12	-0.25
Ctcf	Akap12	-0.25
Egr1	Akap12	-0.25
Irf1	Akap12	-0.25
Klf4	Akap12	-0.25
Klf7	Akap12	-0.25
Sp1	Akap12	-0.25
Sp2	Akap12	-0.25
Sp3	Akap12	-0.25
Sp4	Akap12	-0.25
Srf	Akap12	-0.25
Tbp	Akap12	-0.25
Tfeb	Akap12	-0.25
Usf1	Akap12	-0.25
Usf2	Akap12	-0.25
Ctcf	Alkbh4	-0.25
E2f6	Alkbh4	-0.25
Egr1	Alkbh4	-0.25
Elf1	Alkbh4	-0.25
Nrf1	Alkbh4	-0.25
Smarcc2	Alkbh4	-0.25
Sp1	Alkbh4	-0.25
Sp2	Alkbh4	-0.25
Sp4	Alkbh4	-0.25
Taf1	Alkbh4	-0.25
Zfp143	Alkbh4	-0.25
Zfp523	Alkbh4	-0.25
Atf3	Alpk2	0.25
Hmbox1	Alpk2	0.25
Egr1	Amica1	-0.25
Elf1	Amica1	-0.25
Elk1	Amica1	-0.25
Fos	Amica1	-0.25
Gabpa	Amica1	-0.25
Irf1	Amica1	-0.25
Irf3	Amica1	-0.25
Pbx3	Amica1	-0.25
Sp2	Amica1	-0.25
Zfp143	Amica1	-0.25
Atf3	Ankrd10	-0.25
Ctcf	Ankrd10	-0.25
E2f4	Ankrd10	-0.25
Egr1	Ankrd10	-0.25
Elf1	Ankrd10	-0.25
Fos	Ankrd10	-0.25
Irf1	Ankrd10	-0.25
Klf4	Ankrd10	-0.25
Klf7	Ankrd10	-0.25
Nfya	Ankrd10	-0.25
Nrf1	Ankrd10	-0.25
Pbx3	Ankrd10	-0.25
Sp1	Ankrd10	-0.25
Sp2	Ankrd10	-0.25
Sp3	Ankrd10	-0.25
Sp4	Ankrd10	-0.25
Srf	Ankrd10	-0.25
Tbp	Ankrd10	-0.25
Egr1	Anks3	-0.25
Fos	Anks3	-0.25
Gabpa	Anks3	-0.25
Irf1	Anks3	-0.25
Klf4	Anks3	-0.25
Klf7	Anks3	-0.25
Nrf1	Anks3	-0.25
Sp1	Anks3	-0.25
Sp2	Anks3	-0.25
Sp3	Anks3	-0.25
Sp4	Anks3	-0.25
Tbp	Anks3	-0.25
Zbtb7b	Anks3	-0.25
Zfp143	Anks3	-0.25
Atf3	Anln	-0.25
Bhlhe40	Anln	-0.25
Ctcf	Anln	-0.25
E2f4	Anln	-0.25
E2f6	Anln	-0.25
Egr1	Anln	-0.25
Elf1	Anln	-0.25
Etv6	Anln	-0.25
Fos	Anln	-0.25
Irf1	Anln	-0.25
Klf4	Anln	-0.25
Klf7	Anln	-0.25
Mitf	Anln	-0.25
Nrf1	Anln	-0.25
Pbx3	Anln	-0.25
Sp1	Anln	-0.25
Sp2	Anln	-0.25
Sp3	Anln	-0.25
Sp4	Anln	-0.25
Srf	Anln	-0.25
Taf1	Anln	-0.25
Tbp	Anln	-0.25
Tfeb	Anln	-0.25
Usf1	Anln	-0.25
Usf2	Anln	-0.25
Zbtb7b	Anln	-0.25
Zfp148	Anln	-0.25
Ctcf	Anxa3	-0.25
Elf1	Anxa3	-0.25
Elk1	Anxa3	-0.25
Elk3	Anxa3	-0.25
Elk4	Anxa3	-0.25
Etv6	Anxa3	-0.25
Fos	Anxa3	-0.25
Gabpa	Anxa3	-0.25
Klf7	Anxa3	-0.25
Nfe2l2	Anxa3	-0.25
Nrf1	Anxa3	-0.25
Sp1	Anxa3	-0.25
Sp3	Anxa3	-0.25
Sp4	Anxa3	-0.25
Srf	Anxa3	-0.25
Atf3	Appl1	0.25
Atf3	Arap2	0.25
Zbtb7b	Arap2	0.25
Atf3	Arc	0.25
Zbtb7b	Arc	0.25
Zbtb7b	Arid4b	0.25
Ctcf	Asb2	-0.25
Elf2	Asb2	-0.25
Elk1	Asb2	-0.25
Fos	Asb2	-0.25
Nfe2l2	Asb2	-0.25
Sp2	Asb2	-0.25
Srf	Asb2	-0.25
Atf3	Atad1	0.25
Zbtb7b	Atad1	0.25
Atf3	Atf3	-0.25
Bhlhe40	Atf3	-0.25
Ctcf	Atf3	-0.25
E2f4	Atf3	-0.25
E2f6	Atf3	-0.25
Egr1	Atf3	-0.25
Elf1	Atf3	-0.25
Fos	Atf3	-0.25
Gabpa	Atf3	-0.25
Irf1	Atf3	-0.25
Irf3	Atf3	-0.25
Klf4	Atf3	-0.25
Klf7	Atf3	-0.25
Mitf	Atf3	-0.25
Nfya	Atf3	-0.25
Nrf1	Atf3	-0.25
Pbx3	Atf3	-0.25
Sp1	Atf3	-0.25
Sp2	Atf3	-0.25
Sp3	Atf3	-0.25
Sp4	Atf3	-0.25
Srf	Atf3	-0.25
Taf1	Atf3	-0.25
Tbp	Atf3	-0.25
Tfeb	Atf3	-0.25
Usf1	Atf3	-0.25
Usf2	Atf3	-0.25
Zbtb7b	Atf3	-0.25
Zfp143	Atf3	-0.25
Zfp148	Atf3	-0.25
Zfp523	Atf3	-0.25
Atf3	Atf7ip	-0.25
Ctcf	Atf7ip	-0.25
E2f4	Atf7ip	-0.25
E2f6	Atf7ip	-0.25
Egr1	Atf7ip	-0.25
Fos	Atf7ip	-0.25
Irf1	Atf7ip	-0.25
Nfe2l2	Atf7ip	-0.25
Nfya	Atf7ip	-0.25
Nfyb	Atf7ip	-0.25
Nrf1	Atf7ip	-0.25
Pbx3	Atf7ip	-0.25
Sp1	Atf7ip	-0.25
Sp2	Atf7ip	-0.25
Sp3	Atf7ip	-0.25
Sp4	Atf7ip	-0.25
Srf	Atf7ip	-0.25
Tbp	Atf7ip	-0.25
Usf1	Atf7ip	-0.25
Usf2	Atf7ip	-0.25
Zfp143	Atf7ip	-0.25
Atf3	Atp11b	0.25
Zbtb7b	Atp11b	0.25
E2f6	Atp13a2	-0.25
Egr1	Atp13a2	-0.25
Gabpa	Atp13a2	-0.25
Irf1	Atp13a2	-0.25
Klf4	Atp13a2	-0.25
Klf7	Atp13a2	-0.25
Smarcc2	Atp13a2	-0.25
Sp1	Atp13a2	-0.25
Sp2	Atp13a2	-0.25
Sp3	Atp13a2	-0.25
Sp4	Atp13a2	-0.25
Srf	Atp13a2	-0.25
Tbp	Atp13a2	-0.25
Zfp143	Atp13a2	-0.25
Zfp148	Atp13a2	-0.25
Atf3	Atp8b2	-0.25
Ctcf	Atp8b2	-0.25
E2f4	Atp8b2	-0.25
E2f6	Atp8b2	-0.25
Egr1	Atp8b2	-0.25
Elf1	Atp8b2	-0.25
Elf2	Atp8b2	-0.25
Elk1	Atp8b2	-0.25
Elk4	Atp8b2	-0.25
Etv6	Atp8b2	-0.25
Fos	Atp8b2	-0.25
Gabpa	Atp8b2	-0.25
Irf1	Atp8b2	-0.25
Klf4	Atp8b2	-0.25
Klf7	Atp8b2	-0.25
Nrf1	Atp8b2	-0.25
Sp1	Atp8b2	-0.25
Sp2	Atp8b2	-0.25
Sp3	Atp8b2	-0.25
Sp4	Atp8b2	-0.25
Srf	Atp8b2	-0.25
Taf1	Atp8b2	-0.25
Tbp	Atp8b2	-0.25
Zbtb7b	Atp8b2	-0.25
Zfp148	Atp8b2	-0.25
Ctcf	B3gat2	-0.25
Ctcf	Bace1	-0.25
Egr1	Bace1	-0.25
Elf2	Bace1	-0.25
Elk1	Bace1	-0.25
Elk4	Bace1	-0.25
Gabpa	Bace1	-0.25
Sp1	Bace1	-0.25
Sp4	Bace1	-0.25
Taf1	Bace1	-0.25
Atf3	Bach2	0.25
Hmbox1	Bach2	0.25
Zbtb7b	Bach2	0.25
Ctcf	Bag2	-0.25
Egr1	Bag2	-0.25
Gabpa	Bag2	-0.25
Irf1	Bag2	-0.25
Sp1	Bag2	-0.25
Sp3	Bag2	-0.25
Sp4	Bag2	-0.25
Srf	Bag2	-0.25
Atf3	Banp	-0.25
Ctcf	Banp	-0.25
E2f4	Banp	-0.25
E2f6	Banp	-0.25
Egr1	Banp	-0.25
Elf1	Banp	-0.25
Elf2	Banp	-0.25
Fos	Banp	-0.25
Gabpa	Banp	-0.25
Irf1	Banp	-0.25
Irf3	Banp	-0.25
Klf4	Banp	-0.25
Klf7	Banp	-0.25
Nfya	Banp	-0.25
Nrf1	Banp	-0.25
Pbx3	Banp	-0.25
Smarcc2	Banp	-0.25
Sp1	Banp	-0.25
Sp2	Banp	-0.25
Sp3	Banp	-0.25
Sp4	Banp	-0.25
Srf	Banp	-0.25
Tbp	Banp	-0.25
Zbtb7b	Banp	-0.25
Zfp143	Banp	-0.25
Zfp148	Banp	-0.25
Ctcf	Bc017643	-0.25
E2f4	Bc017643	-0.25
Egr1	Bc017643	-0.25
Elf1	Bc017643	-0.25
Elf2	Bc017643	-0.25
Fos	Bc017643	-0.25
Gabpa	Bc017643	-0.25
Irf1	Bc017643	-0.25
Irf3	Bc017643	-0.25
Klf4	Bc017643	-0.25
Klf7	Bc017643	-0.25
Nfya	Bc017643	-0.25
Nfyb	Bc017643	-0.25
Nrf1	Bc017643	-0.25
Pbx3	Bc017643	-0.25
Sp1	Bc017643	-0.25
Sp2	Bc017643	-0.25
Sp3	Bc017643	-0.25
Sp4	Bc017643	-0.25
Tbp	Bc017643	-0.25
Zfp143	Bc017643	-0.25
E2f4	Bc029214	-0.25
E2f6	Bc029214	-0.25
Egr1	Bc029214	-0.25
Elf1	Bc029214	-0.25
Fos	Bc029214	-0.25
Irf1	Bc029214	-0.25
Klf4	Bc029214	-0.25
Klf7	Bc029214	-0.25
Nrf1	Bc029214	-0.25
Sp1	Bc029214	-0.25
Sp2	Bc029214	-0.25
Sp3	Bc029214	-0.25
Sp4	Bc029214	-0.25
Srf	Bc029214	-0.25
Taf1	Bc029214	-0.25
Tbp	Bc029214	-0.25
Atf3	Bcl2l1	0.25
Zbtb7b	Bcl2l1	0.25
Atf3	Bcl6	-0.25
Ctcf	Bcl6	-0.25
Elf1	Bcl6	-0.25
Elk3	Bcl6	-0.25
Irf1	Bcl6	-0.25
Irf3	Bcl6	-0.25
Klf4	Bcl6	-0.25
Klf7	Bcl6	-0.25
Mitf	Bcl6	-0.25
Nrf1	Bcl6	-0.25
Sp1	Bcl6	-0.25
Sp2	Bcl6	-0.25
Sp3	Bcl6	-0.25
Sp4	Bcl6	-0.25
Srf	Bcl6	-0.25
Taf1	Bcl6	-0.25
Tbp	Bcl6	-0.25
Usf1	Bcl6	-0.25
Usf2	Bcl6	-0.25
Zbtb7b	Bcl6	-0.25
Zfp143	Bcl6	-0.25
Zfp523	Bcl6	-0.25
Ctcf	Bgn	-0.25
Atf3	Bloc1s3	-0.25
Bhlhe40	Bloc1s3	-0.25
Ctcf	Bloc1s3	-0.25
Egr1	Bloc1s3	-0.25
Elf1	Bloc1s3	-0.25
Elf2	Bloc1s3	-0.25
Etv6	Bloc1s3	-0.25
Fos	Bloc1s3	-0.25
Gabpa	Bloc1s3	-0.25
Irf1	Bloc1s3	-0.25
Irf3	Bloc1s3	-0.25
Nfya	Bloc1s3	-0.25
Pbx3	Bloc1s3	-0.25
Sp1	Bloc1s3	-0.25
Sp2	Bloc1s3	-0.25
Sp4	Bloc1s3	-0.25
Tbp	Bloc1s3	-0.25
Tfeb	Bloc1s3	-0.25
Usf1	Bloc1s3	-0.25
Usf2	Bloc1s3	-0.25
Zfp148	Bloc1s3	-0.25
E2f4	Blvra	-0.25
Elf1	Blvra	-0.25
Elk1	Blvra	-0.25
Elk4	Blvra	-0.25
Etv6	Blvra	-0.25
Gabpa	Blvra	-0.25
Irf3	Blvra	-0.25
Sp2	Blvra	-0.25
Srf	Blvra	-0.25
Ctcf	Brms1l	-0.25
E2f4	Brms1l	-0.25
E2f6	Brms1l	-0.25
Egr1	Brms1l	-0.25
Elf1	Brms1l	-0.25
Etv6	Brms1l	-0.25
Fos	Brms1l	-0.25
Irf1	Brms1l	-0.25
Nfya	Brms1l	-0.25
Nrf1	Brms1l	-0.25
Smarcc2	Brms1l	-0.25
Sp1	Brms1l	-0.25
Sp2	Brms1l	-0.25
Sp3	Brms1l	-0.25
Sp4	Brms1l	-0.25
Taf1	Brms1l	-0.25
Tbp	Brms1l	-0.25
Zbtb7b	Brms1l	-0.25
Zfp143	Brms1l	-0.25
Zfp148	Brms1l	-0.25
Atf3	Brsk1	-0.25
E2f4	Brsk1	-0.25
Egr1	Brsk1	-0.25
Elf1	Brsk1	-0.25
Elk1	Brsk1	-0.25
Elk3	Brsk1	-0.25
Elk4	Brsk1	-0.25
Fos	Brsk1	-0.25
Gabpa	Brsk1	-0.25
Irf1	Brsk1	-0.25
Klf4	Brsk1	-0.25
Klf7	Brsk1	-0.25
Nrf1	Brsk1	-0.25
Smarcc2	Brsk1	-0.25
Sp1	Brsk1	-0.25
Sp2	Brsk1	-0.25
Sp3	Brsk1	-0.25
Sp4	Brsk1	-0.25
Tbp	Brsk1	-0.25
Zbtb7b	Brsk1	-0.25
Zfp143	Brsk1	-0.25
Zfp148	Brsk1	-0.25
Atf3	Btg2	-0.25
E2f4	Btg2	-0.25
E2f6	Btg2	-0.25
Egr1	Btg2	-0.25
Elf1	Btg2	-0.25
Elf2	Btg2	-0.25
Elk1	Btg2	-0.25
Fos	Btg2	-0.25
Nfya	Btg2	-0.25
Nrf1	Btg2	-0.25
Pbx3	Btg2	-0.25
Sp1	Btg2	-0.25
Sp2	Btg2	-0.25
Sp3	Btg2	-0.25
Sp4	Btg2	-0.25
Srf	Btg2	-0.25
Taf1	Btg2	-0.25
Zbtb7b	Btg2	-0.25
Zfp143	Btg2	-0.25
Zfp148	Btg2	-0.25
Ctcf	C1qtnf1	-0.25
E2f6	C1qtnf1	-0.25
Egr1	C1qtnf1	-0.25
Elf1	C1qtnf1	-0.25
Elk4	C1qtnf1	-0.25
Etv6	C1qtnf1	-0.25
Fos	C1qtnf1	-0.25
Gabpa	C1qtnf1	-0.25
Nfe2l2	C1qtnf1	-0.25
Nrf1	C1qtnf1	-0.25
Taf1	C1qtnf1	-0.25
Zbtb7b	C1qtnf1	-0.25
Atf3	C2cd2l	-0.25
Ctcf	C2cd2l	-0.25
E2f4	C2cd2l	-0.25
E2f6	C2cd2l	-0.25
Egr1	C2cd2l	-0.25
Elk4	C2cd2l	-0.25
Gabpa	C2cd2l	-0.25
Irf1	C2cd2l	-0.25
Irf3	C2cd2l	-0.25
Klf4	C2cd2l	-0.25
Klf7	C2cd2l	-0.25
Nfya	C2cd2l	-0.25
Nrf1	C2cd2l	-0.25
Pbx3	C2cd2l	-0.25
Smarcc2	C2cd2l	-0.25
Sp1	C2cd2l	-0.25
Sp2	C2cd2l	-0.25
Sp3	C2cd2l	-0.25
Sp4	C2cd2l	-0.25
Srf	C2cd2l	-0.25
Tbp	C2cd2l	-0.25
Zbtb7b	C2cd2l	-0.25
Zfp143	C2cd2l	-0.25
Zfp148	C2cd2l	-0.25
Ctcf	C330018d20rik	-0.25
Egr1	C330018d20rik	-0.25
Elf1	C330018d20rik	-0.25
Elk1	C330018d20rik	-0.25
Elk3	C330018d20rik	-0.25
Elk4	C330018d20rik	-0.25
Etv6	C330018d20rik	-0.25
Gabpa	C330018d20rik	-0.25
Irf1	C330018d20rik	-0.25
Sp4	C330018d20rik	-0.25
Srf	C330018d20rik	-0.25
Taf1	C330018d20rik	-0.25
Zfp143	C330018d20rik	-0.25
Zbtb7b	Calm2	0.25
Ctcf	Capn10	-0.25
Elf1	Capn10	-0.25
Klf4	Capn10	-0.25
Klf7	Capn10	-0.25
Zfp143	Capn10	-0.25
Zfp523	Capn10	-0.25
Atf3	Capn3	-0.25
Ctcf	Capn3	-0.25
Egr1	Capn3	-0.25
Elf1	Capn3	-0.25
Elk3	Capn3	-0.25
Gabpa	Capn3	-0.25
Irf1	Capn3	-0.25
Irf3	Capn3	-0.25
Mitf	Capn3	-0.25
Srf	Capn3	-0.25
Tbp	Capn3	-0.25
Tfeb	Capn3	-0.25
Usf1	Capn3	-0.25
Usf2	Capn3	-0.25
Atf3	Carf	-0.25
Ctcf	Carf	-0.25
E2f4	Carf	-0.25
E2f6	Carf	-0.25
Egr1	Carf	-0.25
Elf1	Carf	-0.25
Gabpa	Carf	-0.25
Irf1	Carf	-0.25
Irf3	Carf	-0.25
Nrf1	Carf	-0.25
Smarcc2	Carf	-0.25
Sp1	Carf	-0.25
Sp2	Carf	-0.25
Sp3	Carf	-0.25
Sp4	Carf	-0.25
Srf	Carf	-0.25
Taf1	Carf	-0.25
Zbtb7b	Carf	-0.25
Zfp143	Carf	-0.25
Zfp148	Carf	-0.25
Atf3	Caskin2	-0.25
Ctcf	Caskin2	-0.25
E2f4	Caskin2	-0.25
E2f6	Caskin2	-0.25
Egr1	Caskin2	-0.25
Elf1	Caskin2	-0.25
Gabpa	Caskin2	-0.25
Irf1	Caskin2	-0.25
Klf4	Caskin2	-0.25
Klf7	Caskin2	-0.25
Nrf1	Caskin2	-0.25
Sp1	Caskin2	-0.25
Sp2	Caskin2	-0.25
Sp3	Caskin2	-0.25
Sp4	Caskin2	-0.25
Srf	Caskin2	-0.25
Tbp	Caskin2	-0.25
Zbtb7b	Caskin2	-0.25
Zfp148	Caskin2	-0.25
Ctcf	Casp2	-0.25
E2f4	Casp2	-0.25
E2f6	Casp2	-0.25
Egr1	Casp2	-0.25
Klf4	Casp2	-0.25
Nrf1	Casp2	-0.25
Sp1	Casp2	-0.25
Sp2	Casp2	-0.25
Sp3	Casp2	-0.25
Sp4	Casp2	-0.25
Taf1	Casp2	-0.25
Tbp	Casp2	-0.25
Zfp143	Casp2	-0.25
Zfp148	Casp2	-0.25
Atf3	Cav2	0.25
Zbtb7b	Cav2	0.25
E2f4	Cc2d1a	-0.25
E2f6	Cc2d1a	-0.25
Egr1	Cc2d1a	-0.25
Klf4	Cc2d1a	-0.25
Klf7	Cc2d1a	-0.25
Nrf1	Cc2d1a	-0.25
Smarcc2	Cc2d1a	-0.25
Sp1	Cc2d1a	-0.25
Sp3	Cc2d1a	-0.25
Sp4	Cc2d1a	-0.25
Taf1	Cc2d1a	-0.25
Tbp	Cc2d1a	-0.25
Zfp143	Cc2d1a	-0.25
Atf3	Ccdc22	-0.25
Bhlhe40	Ccdc22	-0.25
Egr1	Ccdc22	-0.25
Elf1	Ccdc22	-0.25
Gabpa	Ccdc22	-0.25
Irf1	Ccdc22	-0.25
Smarcc2	Ccdc22	-0.25
Sp1	Ccdc22	-0.25
Tfeb	Ccdc22	-0.25
Usf1	Ccdc22	-0.25
Usf2	Ccdc22	-0.25
Zfp143	Ccdc22	-0.25
Ctcf	Ccdc69	-0.25
E2f4	Ccdc69	-0.25
E2f6	Ccdc69	-0.25
Egr1	Ccdc69	-0.25
Elf1	Ccdc69	-0.25
Elf2	Ccdc69	-0.25
Elk1	Ccdc69	-0.25
Fos	Ccdc69	-0.25
Gabpa	Ccdc69	-0.25
Irf1	Ccdc69	-0.25
Smarcc2	Ccdc69	-0.25
Taf1	Ccdc69	-0.25
Zfp143	Ccdc69	-0.25
Ctcf	Ccdc80	-0.25
Fos	Ccdc80	-0.25
Srf	Ccdc80	-0.25
E2f6	Ccdc84	-0.25
Egr1	Ccdc84	-0.25
Elf1	Ccdc84	-0.25
Fos	Ccdc84	-0.25
Gabpa	Ccdc84	-0.25
Irf1	Ccdc84	-0.25
Klf4	Ccdc84	-0.25
Klf7	Ccdc84	-0.25
Nrf1	Ccdc84	-0.25
Sp1	Ccdc84	-0.25
Sp2	Ccdc84	-0.25
Sp3	Ccdc84	-0.25
Sp4	Ccdc84	-0.25
Srf	Ccdc84	-0.25
Taf1	Ccdc84	-0.25
Tbp	Ccdc84	-0.25
Zbtb7b	Ccdc84	-0.25
Zfp143	Ccdc84	-0.25
Zfp148	Ccdc84	-0.25
Atf3	Ccdc96	-0.25
Ctcf	Ccdc96	-0.25
E2f4	Ccdc96	-0.25
E2f6	Ccdc96	-0.25
Egr1	Ccdc96	-0.25
Elf1	Ccdc96	-0.25
Elf2	Ccdc96	-0.25
Elk1	Ccdc96	-0.25
Elk3	Ccdc96	-0.25
Elk4	Ccdc96	-0.25
Etv6	Ccdc96	-0.25
Gabpa	Ccdc96	-0.25
Irf1	Ccdc96	-0.25
Klf4	Ccdc96	-0.25
Klf7	Ccdc96	-0.25
Nfya	Ccdc96	-0.25
Nrf1	Ccdc96	-0.25
Sp1	Ccdc96	-0.25
Sp4	Ccdc96	-0.25
Srf	Ccdc96	-0.25
Taf1	Ccdc96	-0.25
Tbp	Ccdc96	-0.25
Zbtb7b	Ccdc96	-0.25
Zfp143	Ccdc96	-0.25
Zfp523	Ccdc96	-0.25
Elf2	Ccl4	-0.25
Irf1	Ccl4	-0.25
Irf3	Ccl4	-0.25
Pbx3	Ccl4	-0.25
Atf3	Ccr5	0.25
Atf3	Cd14	0.25
Ctcf	Cd151	-0.25
Egr1	Cd151	-0.25
Elf1	Cd151	-0.25
Irf1	Cd151	-0.25
Klf4	Cd151	-0.25
Klf7	Cd151	-0.25
Nfe2l2	Cd151	-0.25
Pbx3	Cd151	-0.25
Smarcc2	Cd151	-0.25
Sp1	Cd151	-0.25
Sp2	Cd151	-0.25
Sp3	Cd151	-0.25
Sp4	Cd151	-0.25
Srf	Cd151	-0.25
Taf1	Cd151	-0.25
Tbp	Cd151	-0.25
Zbtb7b	Cd151	-0.25
Zfp143	Cd151	-0.25
Zfp148	Cd151	-0.25
Atf3	Cd79a	0.25
Zbtb7b	Cd79a	0.25
Zbtb7b	Cd86	0.25
Atf3	Cd99l2	-0.25
E2f4	Cd99l2	-0.25
Egr1	Cd99l2	-0.25
Elf1	Cd99l2	-0.25
Fos	Cd99l2	-0.25
Gabpa	Cd99l2	-0.25
Irf1	Cd99l2	-0.25
Klf4	Cd99l2	-0.25
Klf7	Cd99l2	-0.25
Nfe2l2	Cd99l2	-0.25
Nrf1	Cd99l2	-0.25
Sp1	Cd99l2	-0.25
Sp2	Cd99l2	-0.25
Sp3	Cd99l2	-0.25
Sp4	Cd99l2	-0.25
Tbp	Cd99l2	-0.25
Zbtb7b	Cd99l2	-0.25
Zfp143	Cd99l2	-0.25
Zfp148	Cd99l2	-0.25
Zfp523	Cd99l2	-0.25
Ctcf	Cdca2	-0.25
E2f4	Cdca2	-0.25
Egr1	Cdca2	-0.25
Elk1	Cdca2	-0.25
Fos	Cdca2	-0.25
Irf1	Cdca2	-0.25
Irf3	Cdca2	-0.25
Klf4	Cdca2	-0.25
Klf7	Cdca2	-0.25
Nfe2l2	Cdca2	-0.25
Nfya	Cdca2	-0.25
Nfyb	Cdca2	-0.25
Nrf1	Cdca2	-0.25
Pbx3	Cdca2	-0.25
Sp1	Cdca2	-0.25
Sp2	Cdca2	-0.25
Sp3	Cdca2	-0.25
Sp4	Cdca2	-0.25
Taf1	Cdca2	-0.25
Tbp	Cdca2	-0.25
Zfp148	Cdca2	-0.25
Zbtb7b	Cdh23	0.25
Atf3	Cdk20	-0.25
Bhlhe40	Cdk20	-0.25
Ctcf	Cdk20	-0.25
Egr1	Cdk20	-0.25
Mitf	Cdk20	-0.25
Nrf1	Cdk20	-0.25
Tbp	Cdk20	-0.25
Tfeb	Cdk20	-0.25
Usf1	Cdk20	-0.25
Usf2	Cdk20	-0.25
Ctcf	Cecr5	-0.25
E2f4	Cecr5	-0.25
E2f6	Cecr5	-0.25
Egr1	Cecr5	-0.25
Elf1	Cecr5	-0.25
Elf2	Cecr5	-0.25
Fos	Cecr5	-0.25
Gabpa	Cecr5	-0.25
Irf3	Cecr5	-0.25
Nfya	Cecr5	-0.25
Nfyb	Cecr5	-0.25
Nrf1	Cecr5	-0.25
Pbx3	Cecr5	-0.25
Smarcc2	Cecr5	-0.25
Sp1	Cecr5	-0.25
Zfp143	Cecr5	-0.25
Fos	Celf3	-0.25
Klf4	Celf3	-0.25
Egr1	Cep97	-0.25
Elf1	Cep97	-0.25
Fos	Cep97	-0.25
Irf1	Cep97	-0.25
Irf3	Cep97	-0.25
Klf4	Cep97	-0.25
Klf7	Cep97	-0.25
Nrf1	Cep97	-0.25
Pbx3	Cep97	-0.25
Smarcc2	Cep97	-0.25
Sp1	Cep97	-0.25
Sp2	Cep97	-0.25
Sp3	Cep97	-0.25
Sp4	Cep97	-0.25
Srf	Cep97	-0.25
Tbp	Cep97	-0.25
Zbtb7b	Cep97	-0.25
Zfp143	Cep97	-0.25
Zfp148	Cep97	-0.25
Zfp523	Cep97	-0.25
Ctcf	Chchd4	-0.25
E2f6	Chchd4	-0.25
Egr1	Chchd4	-0.25
Elf1	Chchd4	-0.25
Fos	Chchd4	-0.25
Irf1	Chchd4	-0.25
Nrf1	Chchd4	-0.25
Smarcc2	Chchd4	-0.25
Sp1	Chchd4	-0.25
Sp2	Chchd4	-0.25
Sp3	Chchd4	-0.25
Sp4	Chchd4	-0.25
Srf	Chchd4	-0.25
Usf2	Chchd4	-0.25
Zfp143	Chchd4	-0.25
Zfp523	Chchd4	-0.25
Ctcf	Chid1	-0.25
E2f6	Chid1	-0.25
Egr1	Chid1	-0.25
Elf1	Chid1	-0.25
Elf2	Chid1	-0.25
Elk1	Chid1	-0.25
Elk3	Chid1	-0.25
Elk4	Chid1	-0.25
Etv6	Chid1	-0.25
Gabpa	Chid1	-0.25
Irf1	Chid1	-0.25
Irf3	Chid1	-0.25
Klf4	Chid1	-0.25
Klf7	Chid1	-0.25
Nfe2l2	Chid1	-0.25
Sp1	Chid1	-0.25
Sp2	Chid1	-0.25
Sp3	Chid1	-0.25
Sp4	Chid1	-0.25
Tbp	Chid1	-0.25
Zfp143	Chid1	-0.25
Zfp148	Chid1	-0.25
Etv6	Chordc1	-0.25
Nfe2l2	Chordc1	-0.25
Nrf1	Chordc1	-0.25
Sp2	Chordc1	-0.25
Taf1	Chordc1	-0.25
Zfp143	Chordc1	-0.25
Bhlhe40	Ciita	-0.25
Ctcf	Ciita	-0.25
Egr1	Ciita	-0.25
Elf1	Ciita	-0.25
Elf2	Ciita	-0.25
Elk1	Ciita	-0.25
Elk3	Ciita	-0.25
Etv6	Ciita	-0.25
Gabpa	Ciita	-0.25
Irf1	Ciita	-0.25
Sp3	Ciita	-0.25
Taf1	Ciita	-0.25
Tbp	Ciita	-0.25
Tfeb	Ciita	-0.25
Usf2	Ciita	-0.25
Atf3	Cish	0.25
Zbtb7b	Cish	0.25
Atf3	Cmah	0.25
Egr1	Col14a1	-0.25
Elf1	Col14a1	-0.25
Fos	Col14a1	-0.25
Gabpa	Col14a1	-0.25
Irf1	Col14a1	-0.25
Nrf1	Col14a1	-0.25
Sp1	Col14a1	-0.25
Sp2	Col14a1	-0.25
Sp3	Col14a1	-0.25
Sp4	Col14a1	-0.25
Taf1	Col14a1	-0.25
Zbtb7b	Col14a1	-0.25
Zfp148	Col14a1	-0.25
Ctcf	Col18a1	-0.25
Ctcf	Col1a1	-0.25
Klf7	Col1a1	-0.25
Sp1	Col1a1	-0.25
Sp3	Col1a1	-0.25
Sp4	Col1a1	-0.25
Ctcf	Col1a2	-0.25
Ctcf	Col4a1	-0.25
Egr1	Col4a1	-0.25
Elf1	Col4a1	-0.25
Elf2	Col4a1	-0.25
Elk4	Col4a1	-0.25
Gabpa	Col4a1	-0.25
Irf1	Col4a1	-0.25
Sp4	Col4a1	-0.25
Zfp143	Col4a1	-0.25
E2f6	Commd5	-0.25
Egr1	Commd5	-0.25
Elf1	Commd5	-0.25
Elf2	Commd5	-0.25
Elk3	Commd5	-0.25
Elk4	Commd5	-0.25
Etv6	Commd5	-0.25
Gabpa	Commd5	-0.25
Irf1	Commd5	-0.25
Klf4	Commd5	-0.25
Klf7	Commd5	-0.25
Nrf1	Commd5	-0.25
Smarcc2	Commd5	-0.25
Sp1	Commd5	-0.25
Sp2	Commd5	-0.25
Sp3	Commd5	-0.25
Sp4	Commd5	-0.25
Tbp	Commd5	-0.25
Zfp143	Commd5	-0.25
Ctcf	Cops7b	-0.25
Egr1	Cops7b	-0.25
Pbx3	Cops7b	-0.25
Smarcc2	Cops7b	-0.25
Sp2	Cops7b	-0.25
Sp3	Cops7b	-0.25
Sp4	Cops7b	-0.25
Taf1	Cops7b	-0.25
Zbtb7b	Cops7b	-0.25
Zfp143	Cops7b	-0.25
Irf3	Cp	-0.25
Sp3	Cp	-0.25
Atf3	Cpeb3	0.25
Zbtb7b	Cpeb3	0.25
Ctcf	Cpm	-0.25
E2f6	Cpm	-0.25
Elf1	Cpm	-0.25
Irf1	Cpm	-0.25
Klf7	Cpm	-0.25
Nrf1	Cpm	-0.25
Smarcc2	Cpm	-0.25
Sp1	Cpm	-0.25
Sp2	Cpm	-0.25
Sp3	Cpm	-0.25
Sp4	Cpm	-0.25
Srf	Cpm	-0.25
Ctcf	Creb3	-0.25
E2f6	Creb3	-0.25
Egr1	Creb3	-0.25
Elf1	Creb3	-0.25
Elf2	Creb3	-0.25
Klf4	Creb3	-0.25
Klf7	Creb3	-0.25
Pbx3	Creb3	-0.25
Smarcc2	Creb3	-0.25
Sp1	Creb3	-0.25
Sp3	Creb3	-0.25
Sp4	Creb3	-0.25
Taf1	Creb3	-0.25
Tbp	Creb3	-0.25
Zbtb7b	Creb3	-0.25
Zfp143	Creb3	-0.25
Zfp148	Creb3	-0.25
Zfp523	Creb3	-0.25
Atf3	Csrp2bp	-0.25
Bhlhe40	Csrp2bp	-0.25
Egr1	Csrp2bp	-0.25
Elf1	Csrp2bp	-0.25
Elk3	Csrp2bp	-0.25
Gabpa	Csrp2bp	-0.25
Mitf	Csrp2bp	-0.25
Sp4	Csrp2bp	-0.25
Taf1	Csrp2bp	-0.25
Tfeb	Csrp2bp	-0.25
Usf1	Csrp2bp	-0.25
Usf2	Csrp2bp	-0.25
Atf3	Cxxc5	-0.25
Ctcf	Cxxc5	-0.25
Egr1	Cxxc5	-0.25
Elf1	Cxxc5	-0.25
Elf2	Cxxc5	-0.25
Elk1	Cxxc5	-0.25
Etv6	Cxxc5	-0.25
Fos	Cxxc5	-0.25
Irf3	Cxxc5	-0.25
Sp3	Cxxc5	-0.25
Sp4	Cxxc5	-0.25
Taf1	Cxxc5	-0.25
Srf	Cyr61	-0.25
Atf3	D030056l22rik	0.25
Atf3	D11wsu47e	-0.25
Ctcf	D11wsu47e	-0.25
E2f4	D11wsu47e	-0.25
Egr1	D11wsu47e	-0.25
Elf1	D11wsu47e	-0.25
Elk1	D11wsu47e	-0.25
Elk3	D11wsu47e	-0.25
Elk4	D11wsu47e	-0.25
Etv6	D11wsu47e	-0.25
Fos	D11wsu47e	-0.25
Gabpa	D11wsu47e	-0.25
Irf1	D11wsu47e	-0.25
Klf4	D11wsu47e	-0.25
Klf7	D11wsu47e	-0.25
Nfe2l2	D11wsu47e	-0.25
Nrf1	D11wsu47e	-0.25
Sp1	D11wsu47e	-0.25
Sp2	D11wsu47e	-0.25
Sp3	D11wsu47e	-0.25
Sp4	D11wsu47e	-0.25
Taf1	D11wsu47e	-0.25
Zbtb7b	D11wsu47e	-0.25
Zfp143	D11wsu47e	-0.25
Atf3	Daxx	-0.25
Ctcf	Daxx	-0.25
E2f4	Daxx	-0.25
Egr1	Daxx	-0.25
Elf1	Daxx	-0.25
Elf2	Daxx	-0.25
Elk1	Daxx	-0.25
Elk3	Daxx	-0.25
Elk4	Daxx	-0.25
Etv6	Daxx	-0.25
Fos	Daxx	-0.25
Gabpa	Daxx	-0.25
Irf1	Daxx	-0.25
Irf3	Daxx	-0.25
Klf4	Daxx	-0.25
Klf7	Daxx	-0.25
Nfya	Daxx	-0.25
Nfyb	Daxx	-0.25
Nrf1	Daxx	-0.25
Pbx3	Daxx	-0.25
Sp1	Daxx	-0.25
Sp2	Daxx	-0.25
Sp3	Daxx	-0.25
Sp4	Daxx	-0.25
Srf	Daxx	-0.25
Taf1	Daxx	-0.25
Tbp	Daxx	-0.25
Zbtb7b	Daxx	-0.25
Zfp148	Daxx	-0.25
Atf3	Ddah2	-0.25
E2f4	Ddah2	-0.25
Egr1	Ddah2	-0.25
Elf2	Ddah2	-0.25
Fos	Ddah2	-0.25
Irf1	Ddah2	-0.25
Klf4	Ddah2	-0.25
Klf7	Ddah2	-0.25
Nfya	Ddah2	-0.25
Nrf1	Ddah2	-0.25
Sp1	Ddah2	-0.25
Sp2	Ddah2	-0.25
Sp3	Ddah2	-0.25
Sp4	Ddah2	-0.25
Srf	Ddah2	-0.25
Tbp	Ddah2	-0.25
Zfp143	Ddah2	-0.25
Zfp148	Ddah2	-0.25
Atf3	Ddr2	-0.25
E2f4	Ddr2	-0.25
Gabpa	Ddr2	-0.25
Irf1	Ddr2	-0.25
Irf3	Ddr2	-0.25
Mitf	Ddr2	-0.25
Nfya	Ddr2	-0.25
Nfyb	Ddr2	-0.25
Pbx3	Ddr2	-0.25
Sp1	Ddr2	-0.25
Sp2	Ddr2	-0.25
Sp3	Ddr2	-0.25
Sp4	Ddr2	-0.25
Srf	Ddr2	-0.25
Tbp	Ddr2	-0.25
Tfeb	Ddr2	-0.25
Usf1	Ddr2	-0.25
Usf2	Ddr2	-0.25
Elf1	Ddx31	-0.25
Elk1	Ddx31	-0.25
Etv6	Ddx31	-0.25
Gabpa	Ddx31	-0.25
Nfe2l2	Ddx31	-0.25
Sp1	Ddx31	-0.25
Sp2	Ddx31	-0.25
Sp3	Ddx31	-0.25
Sp4	Ddx31	-0.25
Zfp143	Ddx31	-0.25
Atf3	Ddx55	-0.25
Bhlhe40	Ddx55	-0.25
Egr1	Ddx55	-0.25
Elf1	Ddx55	-0.25
Elk1	Ddx55	-0.25
Elk3	Ddx55	-0.25
Elk4	Ddx55	-0.25
Etv6	Ddx55	-0.25
Fos	Ddx55	-0.25
Gabpa	Ddx55	-0.25
Nfe2l2	Ddx55	-0.25
Sp3	Ddx55	-0.25
Taf1	Ddx55	-0.25
Tfeb	Ddx55	-0.25
Usf1	Ddx55	-0.25
Usf2	Ddx55	-0.25
Atf3	Dedd2	-0.25
Bhlhe40	Dedd2	-0.25
Ctcf	Dedd2	-0.25
E2f4	Dedd2	-0.25
E2f6	Dedd2	-0.25
Egr1	Dedd2	-0.25
Elf1	Dedd2	-0.25
Elf2	Dedd2	-0.25
Elk1	Dedd2	-0.25
Fos	Dedd2	-0.25
Gabpa	Dedd2	-0.25
Irf3	Dedd2	-0.25
Klf7	Dedd2	-0.25
Mitf	Dedd2	-0.25
Nfya	Dedd2	-0.25
Nfyb	Dedd2	-0.25
Nrf1	Dedd2	-0.25
Pbx3	Dedd2	-0.25
Sp1	Dedd2	-0.25
Sp2	Dedd2	-0.25
Sp3	Dedd2	-0.25
Sp4	Dedd2	-0.25
Srf	Dedd2	-0.25
Taf1	Dedd2	-0.25
Tbp	Dedd2	-0.25
Tfeb	Dedd2	-0.25
Usf1	Dedd2	-0.25
Usf2	Dedd2	-0.25
Zbtb7b	Dedd2	-0.25
Zfp148	Dedd2	-0.25
Elf1	Degs2	-0.25
Atf3	Dffb	-0.25
Bhlhe40	Dffb	-0.25
Ctcf	Dffb	-0.25
E2f4	Dffb	-0.25
E2f6	Dffb	-0.25
Egr1	Dffb	-0.25
Etv6	Dffb	-0.25
Fos	Dffb	-0.25
Gabpa	Dffb	-0.25
Mitf	Dffb	-0.25
Nfya	Dffb	-0.25
Nfyb	Dffb	-0.25
Nrf1	Dffb	-0.25
Sp1	Dffb	-0.25
Sp2	Dffb	-0.25
Sp3	Dffb	-0.25
Sp4	Dffb	-0.25
Srf	Dffb	-0.25
Tfeb	Dffb	-0.25
Usf1	Dffb	-0.25
Usf2	Dffb	-0.25
Zbtb7b	Dffb	-0.25
Zfp143	Dffb	-0.25
Atf3	Dnajb1	-0.25
Ctcf	Dnajb1	-0.25
E2f4	Dnajb1	-0.25
Egr1	Dnajb1	-0.25
Elk1	Dnajb1	-0.25
Elk3	Dnajb1	-0.25
Irf1	Dnajb1	-0.25
Irf3	Dnajb1	-0.25
Klf4	Dnajb1	-0.25
Klf7	Dnajb1	-0.25
Nfe2l2	Dnajb1	-0.25
Nfya	Dnajb1	-0.25
Nrf1	Dnajb1	-0.25
Pbx3	Dnajb1	-0.25
Sp1	Dnajb1	-0.25
Sp2	Dnajb1	-0.25
Sp3	Dnajb1	-0.25
Sp4	Dnajb1	-0.25
Srf	Dnajb1	-0.25
Taf1	Dnajb1	-0.25
Tbp	Dnajb1	-0.25
Egr1	Dnajc28	-0.25
Elf1	Dnajc28	-0.25
Elf2	Dnajc28	-0.25
Elk1	Dnajc28	-0.25
Elk3	Dnajc28	-0.25
Elk4	Dnajc28	-0.25
Etv6	Dnajc28	-0.25
Fos	Dnajc28	-0.25
Gabpa	Dnajc28	-0.25
Irf1	Dnajc28	-0.25
Nfe2l2	Dnajc28	-0.25
Pbx3	Dnajc28	-0.25
Smarcc2	Dnajc28	-0.25
Sp1	Dnajc28	-0.25
Sp2	Dnajc28	-0.25
Sp4	Dnajc28	-0.25
Srf	Dnajc28	-0.25
Tbp	Dnajc28	-0.25
Zfp143	Dnajc28	-0.25
Zfp523	Dnajc28	-0.25
Ctcf	Doc2g	-0.25
Egr1	Doc2g	-0.25
Elf1	Doc2g	-0.25
Elf2	Doc2g	-0.25
Elk1	Doc2g	-0.25
Elk3	Doc2g	-0.25
Elk4	Doc2g	-0.25
Fos	Doc2g	-0.25
Gabpa	Doc2g	-0.25
Irf1	Doc2g	-0.25
Klf4	Doc2g	-0.25
Smarcc2	Doc2g	-0.25
Sp1	Doc2g	-0.25
Sp3	Doc2g	-0.25
Sp4	Doc2g	-0.25
Tbp	Doc2g	-0.25
Zfp143	Doc2g	-0.25
Zfp523	Doc2g	-0.25
Atf3	Dscr3	-0.25
Bhlhe40	Dscr3	-0.25
Ctcf	Dscr3	-0.25
E2f4	Dscr3	-0.25
Egr1	Dscr3	-0.25
Elf1	Dscr3	-0.25
Elf2	Dscr3	-0.25
Elk1	Dscr3	-0.25
Elk3	Dscr3	-0.25
Elk4	Dscr3	-0.25
Fos	Dscr3	-0.25
Gabpa	Dscr3	-0.25
Irf1	Dscr3	-0.25
Klf4	Dscr3	-0.25
Klf7	Dscr3	-0.25
Mitf	Dscr3	-0.25
Nfe2l2	Dscr3	-0.25
Nfya	Dscr3	-0.25
Nfyb	Dscr3	-0.25
Nrf1	Dscr3	-0.25
Pbx3	Dscr3	-0.25
Sp1	Dscr3	-0.25
Sp3	Dscr3	-0.25
Sp4	Dscr3	-0.25
Srf	Dscr3	-0.25
Taf1	Dscr3	-0.25
Tbp	Dscr3	-0.25
Tfeb	Dscr3	-0.25
Usf1	Dscr3	-0.25
Usf2	Dscr3	-0.25
Zbtb7b	Dscr3	-0.25
Zfp143	Dscr3	-0.25
Zfp523	Dscr3	-0.25
Elf1	Dse	-0.25
Elf2	Dse	-0.25
Fos	Dse	-0.25
Irf1	Dse	-0.25
Nfya	Dse	-0.25
Nfyb	Dse	-0.25
Pbx3	Dse	-0.25
Sp1	Dse	-0.25
Sp2	Dse	-0.25
Sp3	Dse	-0.25
Sp4	Dse	-0.25
Srf	Dse	-0.25
Taf1	Dse	-0.25
Zbtb7b	Dse	-0.25
Zfp143	Dse	-0.25
Atf3	Dthd1	0.25
Egr1	Dusp18	-0.25
Elf1	Dusp18	-0.25
Fos	Dusp18	-0.25
Irf1	Dusp18	-0.25
Klf4	Dusp18	-0.25
Klf7	Dusp18	-0.25
Nfe2l2	Dusp18	-0.25
Nfya	Dusp18	-0.25
Sp1	Dusp18	-0.25
Sp2	Dusp18	-0.25
Sp3	Dusp18	-0.25
Sp4	Dusp18	-0.25
Srf	Dusp18	-0.25
Tbp	Dusp18	-0.25
Zbtb7b	Dusp18	-0.25
Zfp143	Dusp18	-0.25
Atf3	Dusp8	-0.25
Ctcf	Dusp8	-0.25
E2f4	Dusp8	-0.25
Egr1	Dusp8	-0.25
Elf1	Dusp8	-0.25
Fos	Dusp8	-0.25
Irf1	Dusp8	-0.25
Irf3	Dusp8	-0.25
Klf4	Dusp8	-0.25
Klf7	Dusp8	-0.25
Nfya	Dusp8	-0.25
Nfyb	Dusp8	-0.25
Nrf1	Dusp8	-0.25
Pbx3	Dusp8	-0.25
Smarcc2	Dusp8	-0.25
Sp1	Dusp8	-0.25
Sp2	Dusp8	-0.25
Sp3	Dusp8	-0.25
Sp4	Dusp8	-0.25
Srf	Dusp8	-0.25
Taf1	Dusp8	-0.25
Tbp	Dusp8	-0.25
Zfp143	Dusp8	-0.25
Zfp148	Dusp8	-0.25
Zfp523	Dusp8	-0.25
Zbtb7b	Dynlt3	0.25
Ctcf	E130311k13rik	-0.25
Egr1	E130311k13rik	-0.25
Elf1	E130311k13rik	-0.25
Etv6	E130311k13rik	-0.25
Gabpa	E130311k13rik	-0.25
Irf1	E130311k13rik	-0.25
Sp1	E130311k13rik	-0.25
Atf3	E2f7	-0.25
Ctcf	E2f7	-0.25
E2f4	E2f7	-0.25
Egr1	E2f7	-0.25
Elf1	E2f7	-0.25
Elk3	E2f7	-0.25
Fos	E2f7	-0.25
Irf1	E2f7	-0.25
Klf4	E2f7	-0.25
Klf7	E2f7	-0.25
Sp1	E2f7	-0.25
Sp2	E2f7	-0.25
Sp3	E2f7	-0.25
Sp4	E2f7	-0.25
Srf	E2f7	-0.25
Taf1	E2f7	-0.25
Tbp	E2f7	-0.25
Zbtb7b	E2f7	-0.25
Zfp148	E2f7	-0.25
Ctcf	Ebf1	-0.25
E2f4	Ebf1	-0.25
Irf3	Ebf1	-0.25
Nfya	Ebf1	-0.25
Pbx3	Ebf1	-0.25
Ctcf	Edc3	-0.25
Egr1	Edc3	-0.25
Elk1	Edc3	-0.25
Irf1	Edc3	-0.25
Klf4	Edc3	-0.25
Klf7	Edc3	-0.25
Sp1	Edc3	-0.25
Sp2	Edc3	-0.25
Sp3	Edc3	-0.25
Sp4	Edc3	-0.25
Tbp	Edc3	-0.25
Atf3	Efnb2	0.25
Egr1	Egfr	-0.25
Elf1	Egfr	-0.25
Elk4	Egfr	-0.25
Etv6	Egfr	-0.25
Gabpa	Egfr	-0.25
Irf3	Egfr	-0.25
Taf1	Egfr	-0.25
Atf3	Egr1	-0.25
Ctcf	Egr1	-0.25
Egr1	Egr1	-0.25
Elf1	Egr1	-0.25
Elf2	Egr1	-0.25
Elk1	Egr1	-0.25
Elk4	Egr1	-0.25
Gabpa	Egr1	-0.25
Irf1	Egr1	-0.25
Klf7	Egr1	-0.25
Nrf1	Egr1	-0.25
Sp1	Egr1	-0.25
Sp2	Egr1	-0.25
Sp3	Egr1	-0.25
Sp4	Egr1	-0.25
Srf	Egr1	-0.25
Taf1	Egr1	-0.25
Tbp	Egr1	-0.25
Zbtb7b	Egr1	-0.25
Zfp148	Egr1	-0.25
Atf3	Egr2	-0.25
Ctcf	Egr2	-0.25
E2f4	Egr2	-0.25
E2f6	Egr2	-0.25
Egr1	Egr2	-0.25
Elf1	Egr2	-0.25
Elk1	Egr2	-0.25
Elk3	Egr2	-0.25
Etv6	Egr2	-0.25
Gabpa	Egr2	-0.25
Irf1	Egr2	-0.25
Nfe2l2	Egr2	-0.25
Nrf1	Egr2	-0.25
Smarcc2	Egr2	-0.25
Sp1	Egr2	-0.25
Sp2	Egr2	-0.25
Sp3	Egr2	-0.25
Sp4	Egr2	-0.25
Srf	Egr2	-0.25
Taf1	Egr2	-0.25
Tbp	Egr2	-0.25
Usf1	Egr2	-0.25
Usf2	Egr2	-0.25
Zbtb7b	Egr2	-0.25
Zfp143	Egr2	-0.25
Zfp148	Egr2	-0.25
Zfp523	Egr2	-0.25
Atf3	Eid1	0.25
Zbtb7b	Eid1	0.25
Atf3	Eid3	0.25
Atf3	Eif2b1	-0.25
Egr1	Eif2b1	-0.25
Fos	Eif2b1	-0.25
Gabpa	Eif2b1	-0.25
Atf3	Eif2b4	-0.25
Ctcf	Eif2b4	-0.25
E2f4	Eif2b4	-0.25
E2f6	Eif2b4	-0.25
Egr1	Eif2b4	-0.25
Elf1	Eif2b4	-0.25
Elf2	Eif2b4	-0.25
Elk1	Eif2b4	-0.25
Elk3	Eif2b4	-0.25
Elk4	Eif2b4	-0.25
Etv6	Eif2b4	-0.25
Fos	Eif2b4	-0.25
Gabpa	Eif2b4	-0.25
Irf1	Eif2b4	-0.25
Irf3	Eif2b4	-0.25
Klf4	Eif2b4	-0.25
Klf7	Eif2b4	-0.25
Nfe2l2	Eif2b4	-0.25
Nfya	Eif2b4	-0.25
Nfyb	Eif2b4	-0.25
Nrf1	Eif2b4	-0.25
Pbx3	Eif2b4	-0.25
Smarcc2	Eif2b4	-0.25
Sp1	Eif2b4	-0.25
Sp2	Eif2b4	-0.25
Sp3	Eif2b4	-0.25
Sp4	Eif2b4	-0.25
Srf	Eif2b4	-0.25
Taf1	Eif2b4	-0.25
Tbp	Eif2b4	-0.25
Zbtb7b	Eif2b4	-0.25
Zfp143	Eif2b4	-0.25
Zfp148	Eif2b4	-0.25
Zfp523	Eif2b4	-0.25
Ctcf	Elk1	-0.25
Egr1	Elk1	-0.25
Gabpa	Elk1	-0.25
Irf1	Elk1	-0.25
Nfe2l2	Elk1	-0.25
Nfya	Elk1	-0.25
Pbx3	Elk1	-0.25
Sp1	Elk1	-0.25
Sp2	Elk1	-0.25
Sp3	Elk1	-0.25
Sp4	Elk1	-0.25
Taf1	Elk1	-0.25
Tbp	Elk1	-0.25
Usf2	Elk1	-0.25
Zfp143	Elk1	-0.25
Zfp148	Elk1	-0.25
Atf3	Entpd6	-0.25
Ctcf	Entpd6	-0.25
E2f6	Entpd6	-0.25
Egr1	Entpd6	-0.25
Elf1	Entpd6	-0.25
Elf2	Entpd6	-0.25
Elk4	Entpd6	-0.25
Etv6	Entpd6	-0.25
Gabpa	Entpd6	-0.25
Nrf1	Entpd6	-0.25
Pbx3	Entpd6	-0.25
Sp1	Entpd6	-0.25
Sp4	Entpd6	-0.25
Srf	Entpd6	-0.25
Atf3	Ext1	0.25
Atf3	Fam134c	-0.25
Bhlhe40	Fam134c	-0.25
Ctcf	Fam134c	-0.25
E2f4	Fam134c	-0.25
E2f6	Fam134c	-0.25
Egr1	Fam134c	-0.25
Elf1	Fam134c	-0.25
Elk1	Fam134c	-0.25
Etv6	Fam134c	-0.25
Fos	Fam134c	-0.25
Gabpa	Fam134c	-0.25
Irf1	Fam134c	-0.25
Irf3	Fam134c	-0.25
Mitf	Fam134c	-0.25
Nfya	Fam134c	-0.25
Nfyb	Fam134c	-0.25
Nrf1	Fam134c	-0.25
Pbx3	Fam134c	-0.25
Sp1	Fam134c	-0.25
Sp2	Fam134c	-0.25
Srf	Fam134c	-0.25
Tfeb	Fam134c	-0.25
Usf1	Fam134c	-0.25
Usf2	Fam134c	-0.25
Atf3	Fam136a	0.25
Zbtb7b	Fam136a	0.25
Atf3	Fam149a	0.25
Zbtb7b	Fam149a	0.25
Egr1	Fam185a	-0.25
Irf1	Fam185a	-0.25
Klf4	Fam185a	-0.25
Nfya	Fam185a	-0.25
Pbx3	Fam185a	-0.25
Smarcc2	Fam185a	-0.25
Sp1	Fam185a	-0.25
Sp2	Fam185a	-0.25
Sp4	Fam185a	-0.25
Srf	Fam185a	-0.25
Zfp143	Fam185a	-0.25
Atf3	Fam20c	-0.25
Egr1	Fam20c	-0.25
Elf1	Fam20c	-0.25
Fos	Fam20c	-0.25
Sp2	Fam20c	-0.25
Sp3	Fam20c	-0.25
Sp4	Fam20c	-0.25
Zfp143	Fam20c	-0.25
Ctcf	Fam96b	-0.25
Egr1	Fam96b	-0.25
Elf1	Fam96b	-0.25
Elk1	Fam96b	-0.25
Elk3	Fam96b	-0.25
Etv6	Fam96b	-0.25
Gabpa	Fam96b	-0.25
Irf1	Fam96b	-0.25
Klf4	Fam96b	-0.25
Klf7	Fam96b	-0.25
Smarcc2	Fam96b	-0.25
Sp1	Fam96b	-0.25
Sp2	Fam96b	-0.25
Sp3	Fam96b	-0.25
Sp4	Fam96b	-0.25
Taf1	Fam96b	-0.25
Tbp	Fam96b	-0.25
Zbtb7b	Fam96b	-0.25
Zfp143	Fam96b	-0.25
Zfp148	Fam96b	-0.25
Atf3	Fas	0.25
Atf3	Fbf1	-0.25
Ctcf	Fbf1	-0.25
Egr1	Fbf1	-0.25
Etv6	Fbf1	-0.25
Fos	Fbf1	-0.25
Irf1	Fbf1	-0.25
Klf4	Fbf1	-0.25
Klf7	Fbf1	-0.25
Nrf1	Fbf1	-0.25
Smarcc2	Fbf1	-0.25
Sp1	Fbf1	-0.25
Tbp	Fbf1	-0.25
Zfp143	Fbf1	-0.25
Zfp148	Fbf1	-0.25
Zfp523	Fbf1	-0.25
Ctcf	Fbn1	-0.25
Egr1	Fbn1	-0.25
Elf1	Fbn1	-0.25
Elk4	Fbn1	-0.25
Etv6	Fbn1	-0.25
Gabpa	Fbn1	-0.25
Sp1	Fbn1	-0.25
Taf1	Fbn1	-0.25
Usf1	Fbn1	-0.25
Usf2	Fbn1	-0.25
Zfp143	Fbn1	-0.25
Zfp523	Fbn1	-0.25
Atf3	Fbxl14	-0.25
Ctcf	Fbxl14	-0.25
E2f4	Fbxl14	-0.25
E2f6	Fbxl14	-0.25
Egr1	Fbxl14	-0.25
Elf1	Fbxl14	-0.25
Elf2	Fbxl14	-0.25
Etv6	Fbxl14	-0.25
Gabpa	Fbxl14	-0.25
Nfe2l2	Fbxl14	-0.25
Nrf1	Fbxl14	-0.25
Sp1	Fbxl14	-0.25
Sp2	Fbxl14	-0.25
Sp3	Fbxl14	-0.25
Sp4	Fbxl14	-0.25
Srf	Fbxl14	-0.25
Taf1	Fbxl14	-0.25
Zbtb7b	Fbxl14	-0.25
Zfp143	Fbxl14	-0.25
Zfp148	Fbxl14	-0.25
Atf3	Fbxo11	0.25
Zbtb7b	Fbxo11	0.25
Atf3	Fbxo32	-0.25
Ctcf	Fbxo32	-0.25
E2f6	Fbxo32	-0.25
Egr1	Fbxo32	-0.25
Fos	Fbxo32	-0.25
Gabpa	Fbxo32	-0.25
Irf1	Fbxo32	-0.25
Klf4	Fbxo32	-0.25
Klf7	Fbxo32	-0.25
Nfe2l2	Fbxo32	-0.25
Sp1	Fbxo32	-0.25
Sp2	Fbxo32	-0.25
Sp3	Fbxo32	-0.25
Sp4	Fbxo32	-0.25
Tbp	Fbxo32	-0.25
Usf1	Fbxo32	-0.25
Usf2	Fbxo32	-0.25
Zbtb7b	Fbxo32	-0.25
Zfp143	Fbxo32	-0.25
Zfp148	Fbxo32	-0.25
Atf3	Fbxw2	0.25
Atf3	Fkbp4	-0.25
Ctcf	Fkbp4	-0.25
E2f4	Fkbp4	-0.25
Egr1	Fkbp4	-0.25
Elf1	Fkbp4	-0.25
Elf2	Fkbp4	-0.25
Elk1	Fkbp4	-0.25
Elk3	Fkbp4	-0.25
Elk4	Fkbp4	-0.25
Etv6	Fkbp4	-0.25
Gabpa	Fkbp4	-0.25
Irf1	Fkbp4	-0.25
Klf4	Fkbp4	-0.25
Klf7	Fkbp4	-0.25
Mitf	Fkbp4	-0.25
Nfe2l2	Fkbp4	-0.25
Nrf1	Fkbp4	-0.25
Pbx3	Fkbp4	-0.25
Smarcc2	Fkbp4	-0.25
Sp1	Fkbp4	-0.25
Sp2	Fkbp4	-0.25
Sp3	Fkbp4	-0.25
Sp4	Fkbp4	-0.25
Srf	Fkbp4	-0.25
Taf1	Fkbp4	-0.25
Tbp	Fkbp4	-0.25
Tfeb	Fkbp4	-0.25
Usf2	Fkbp4	-0.25
Zbtb7b	Fkbp4	-0.25
Zfp143	Fkbp4	-0.25
Zfp148	Fkbp4	-0.25
Ctcf	Fndc1	-0.25
Atf3	Fos	-0.25
Ctcf	Fos	-0.25
E2f4	Fos	-0.25
E2f6	Fos	-0.25
Egr1	Fos	-0.25
Elf1	Fos	-0.25
Elk1	Fos	-0.25
Elk3	Fos	-0.25
Etv6	Fos	-0.25
Fos	Fos	-0.25
Gabpa	Fos	-0.25
Irf1	Fos	-0.25
Irf3	Fos	-0.25
Klf4	Fos	-0.25
Klf7	Fos	-0.25
Mitf	Fos	-0.25
Nrf1	Fos	-0.25
Sp1	Fos	-0.25
Sp2	Fos	-0.25
Sp3	Fos	-0.25
Sp4	Fos	-0.25
Srf	Fos	-0.25
Taf1	Fos	-0.25
Tbp	Fos	-0.25
Zbtb7b	Fos	-0.25
Zfp143	Fos	-0.25
Zfp148	Fos	-0.25
Zfp523	Fos	-0.25
Sp3	Fxyd4	-0.25
Zfp143	Fxyd4	-0.25
Egr1	Fzd1	-0.25
Gabpa	Fzd1	-0.25
Taf1	Fzd1	-0.25
Zbtb7b	Fzd1	-0.25
Zbtb7b	G530011o06rik	0.25
Ctcf	Gadd45gip1	-0.25
E2f4	Gadd45gip1	-0.25
E2f6	Gadd45gip1	-0.25
Egr1	Gadd45gip1	-0.25
Elf1	Gadd45gip1	-0.25
Elk1	Gadd45gip1	-0.25
Elk3	Gadd45gip1	-0.25
Elk4	Gadd45gip1	-0.25
Etv6	Gadd45gip1	-0.25
Gabpa	Gadd45gip1	-0.25
Nrf1	Gadd45gip1	-0.25
Sp1	Gadd45gip1	-0.25
Sp2	Gadd45gip1	-0.25
Sp3	Gadd45gip1	-0.25
Sp4	Gadd45gip1	-0.25
Taf1	Gadd45gip1	-0.25
Tbp	Gadd45gip1	-0.25
Zbtb7b	Gadd45gip1	-0.25
Zfp143	Gadd45gip1	-0.25
Zfp148	Gadd45gip1	-0.25
Atf3	Galk1	-0.25
Ctcf	Galk1	-0.25
E2f4	Galk1	-0.25
Egr1	Galk1	-0.25
Elf1	Galk1	-0.25
Etv6	Galk1	-0.25
Gabpa	Galk1	-0.25
Irf1	Galk1	-0.25
Klf4	Galk1	-0.25
Klf7	Galk1	-0.25
Mitf	Galk1	-0.25
Nrf1	Galk1	-0.25
Sp1	Galk1	-0.25
Sp2	Galk1	-0.25
Sp3	Galk1	-0.25
Sp4	Galk1	-0.25
Tbp	Galk1	-0.25
Tfeb	Galk1	-0.25
Usf1	Galk1	-0.25
Usf2	Galk1	-0.25
Zfp143	Galk1	-0.25
Zfp148	Galk1	-0.25
Gabpa	Gas8	-0.25
Ctcf	Gba2	-0.25
E2f4	Gba2	-0.25
E2f6	Gba2	-0.25
Egr1	Gba2	-0.25
Elf1	Gba2	-0.25
Elf2	Gba2	-0.25
Elk1	Gba2	-0.25
Elk4	Gba2	-0.25
Gabpa	Gba2	-0.25
Irf1	Gba2	-0.25
Klf4	Gba2	-0.25
Klf7	Gba2	-0.25
Nfe2l2	Gba2	-0.25
Pbx3	Gba2	-0.25
Smarcc2	Gba2	-0.25
Sp1	Gba2	-0.25
Sp2	Gba2	-0.25
Sp3	Gba2	-0.25
Sp4	Gba2	-0.25
Taf1	Gba2	-0.25
Tbp	Gba2	-0.25
Zbtb7b	Gba2	-0.25
Zfp143	Gba2	-0.25
Zfp148	Gba2	-0.25
Zfp523	Gba2	-0.25
Zbtb7b	Gbgt1	0.25
Egr1	Gcnt1	-0.25
Elf2	Gcnt1	-0.25
Fos	Gcnt1	-0.25
Irf1	Gcnt1	-0.25
Irf3	Gcnt1	-0.25
Klf7	Gcnt1	-0.25
Nfe2l2	Gcnt1	-0.25
Srf	Gcnt1	-0.25
Atf3	Gfod1	0.25
Zbtb7b	Gfod1	0.25
Atf3	Glb1l	-0.25
Ctcf	Glb1l	-0.25
E2f4	Glb1l	-0.25
E2f6	Glb1l	-0.25
Egr1	Glb1l	-0.25
Elf1	Glb1l	-0.25
Elf2	Glb1l	-0.25
Elk1	Glb1l	-0.25
Elk4	Glb1l	-0.25
Etv6	Glb1l	-0.25
Fos	Glb1l	-0.25
Gabpa	Glb1l	-0.25
Irf1	Glb1l	-0.25
Irf3	Glb1l	-0.25
Klf4	Glb1l	-0.25
Klf7	Glb1l	-0.25
Nfe2l2	Glb1l	-0.25
Nfya	Glb1l	-0.25
Nrf1	Glb1l	-0.25
Pbx3	Glb1l	-0.25
Sp1	Glb1l	-0.25
Sp2	Glb1l	-0.25
Sp3	Glb1l	-0.25
Sp4	Glb1l	-0.25
Srf	Glb1l	-0.25
Tbp	Glb1l	-0.25
Zbtb7b	Glb1l	-0.25
Zfp148	Glb1l	-0.25
Ctcf	Gm14446	-0.25
Elf1	Gm14446	-0.25
Irf1	Gm14446	-0.25
Irf3	Gm14446	-0.25
Nrf1	Gm14446	-0.25
Taf1	Gm14446	-0.25
Egr1	Gm5431	-0.25
Irf1	Gm5431	-0.25
Irf3	Gm5431	-0.25
Sp1	Gm5431	-0.25
Zfp143	Gm5431	-0.25
Zfp148	Gm5431	-0.25
Ctcf	Gmppb	-0.25
Elf1	Gmppb	-0.25
Fos	Gmppb	-0.25
Irf1	Gmppb	-0.25
Nfya	Gmppb	-0.25
Pbx3	Gmppb	-0.25
Sp1	Gmppb	-0.25
Sp2	Gmppb	-0.25
Taf1	Gmppb	-0.25
Tbp	Gmppb	-0.25
Ctcf	Gna15	-0.25
E2f4	Gna15	-0.25
E2f6	Gna15	-0.25
Egr1	Gna15	-0.25
Elf1	Gna15	-0.25
Gabpa	Gna15	-0.25
Irf1	Gna15	-0.25
Irf3	Gna15	-0.25
Klf4	Gna15	-0.25
Klf7	Gna15	-0.25
Nrf1	Gna15	-0.25
Smarcc2	Gna15	-0.25
Sp1	Gna15	-0.25
Sp2	Gna15	-0.25
Sp3	Gna15	-0.25
Sp4	Gna15	-0.25
Zfp143	Gna15	-0.25
Zfp148	Gna15	-0.25
Atf3	Gnb5	0.25
Zbtb7b	Gnb5	0.25
Atf3	Gpr126	0.25
Hmbox1	Gpr126	0.25
Zbtb7b	Gpr126	0.25
Ctcf	Grb10	-0.25
Nfe2l2	Grb10	-0.25
Atf3	Gss	-0.25
E2f4	Gss	-0.25
E2f6	Gss	-0.25
Egr1	Gss	-0.25
Elf1	Gss	-0.25
Fos	Gss	-0.25
Gabpa	Gss	-0.25
Irf1	Gss	-0.25
Klf4	Gss	-0.25
Klf7	Gss	-0.25
Nfe2l2	Gss	-0.25
Nrf1	Gss	-0.25
Sp1	Gss	-0.25
Sp2	Gss	-0.25
Sp3	Gss	-0.25
Sp4	Gss	-0.25
Tbp	Gss	-0.25
Zbtb7b	Gss	-0.25
Zfp148	Gss	-0.25
Ctcf	H2-k2	-0.25
E2f4	H2-k2	-0.25
Egr1	H2-k2	-0.25
Elk1	H2-k2	-0.25
Fos	H2-k2	-0.25
Irf1	H2-k2	-0.25
Irf3	H2-k2	-0.25
Nfya	H2-k2	-0.25
Nfyb	H2-k2	-0.25
Nrf1	H2-k2	-0.25
Pbx3	H2-k2	-0.25
Smarcc2	H2-k2	-0.25
Zfp143	H2-k2	-0.25
Zfp148	H2-k2	-0.25
Zfp523	H2-k2	-0.25
Atf3	Hes1	-0.25
Bhlhe40	Hes1	-0.25
Ctcf	Hes1	-0.25
E2f4	Hes1	-0.25
E2f6	Hes1	-0.25
Egr1	Hes1	-0.25
Elf1	Hes1	-0.25
Elf2	Hes1	-0.25
Fos	Hes1	-0.25
Gabpa	Hes1	-0.25
Irf1	Hes1	-0.25
Irf3	Hes1	-0.25
Klf4	Hes1	-0.25
Klf7	Hes1	-0.25
Nfya	Hes1	-0.25
Nrf1	Hes1	-0.25
Pbx3	Hes1	-0.25
Sp1	Hes1	-0.25
Sp2	Hes1	-0.25
Sp3	Hes1	-0.25
Sp4	Hes1	-0.25
Taf1	Hes1	-0.25
Tbp	Hes1	-0.25
Zbtb7b	Hes1	-0.25
Zfp143	Hes1	-0.25
Zfp148	Hes1	-0.25
E2f4	Hinfp	-0.25
E2f6	Hinfp	-0.25
Elk4	Hinfp	-0.25
Gabpa	Hinfp	-0.25
Irf1	Hinfp	-0.25
Irf3	Hinfp	-0.25
Nfya	Hinfp	-0.25
Nrf1	Hinfp	-0.25
Pbx3	Hinfp	-0.25
Smarcc2	Hinfp	-0.25
Sp2	Hinfp	-0.25
Atf3	Hip1	-0.25
Ctcf	Hip1	-0.25
E2f4	Hip1	-0.25
E2f6	Hip1	-0.25
Egr1	Hip1	-0.25
Elf1	Hip1	-0.25
Elf2	Hip1	-0.25
Elk1	Hip1	-0.25
Elk3	Hip1	-0.25
Elk4	Hip1	-0.25
Etv6	Hip1	-0.25
Fos	Hip1	-0.25
Gabpa	Hip1	-0.25
Irf1	Hip1	-0.25
Irf3	Hip1	-0.25
Klf4	Hip1	-0.25
Klf7	Hip1	-0.25
Mitf	Hip1	-0.25
Nfe2l2	Hip1	-0.25
Nfya	Hip1	-0.25
Nrf1	Hip1	-0.25
Pbx3	Hip1	-0.25
Smarcc2	Hip1	-0.25
Sp1	Hip1	-0.25
Sp2	Hip1	-0.25
Sp3	Hip1	-0.25
Sp4	Hip1	-0.25
Taf1	Hip1	-0.25
Tbp	Hip1	-0.25
Tfeb	Hip1	-0.25
Usf1	Hip1	-0.25
Usf2	Hip1	-0.25
Zbtb7b	Hip1	-0.25
Zfp143	Hip1	-0.25
Zfp148	Hip1	-0.25
Atf3	Hmbs	-0.25
Ctcf	Hmbs	-0.25
E2f4	Hmbs	-0.25
E2f6	Hmbs	-0.25
Egr1	Hmbs	-0.25
Fos	Hmbs	-0.25
Gabpa	Hmbs	-0.25
Irf1	Hmbs	-0.25
Klf7	Hmbs	-0.25
Nfya	Hmbs	-0.25
Nfyb	Hmbs	-0.25
Nrf1	Hmbs	-0.25
Sp1	Hmbs	-0.25
Sp2	Hmbs	-0.25
Sp3	Hmbs	-0.25
Sp4	Hmbs	-0.25
Srf	Hmbs	-0.25
Taf1	Hmbs	-0.25
Zbtb7b	Hmbs	-0.25
Zfp143	Hmbs	-0.25
Zfp148	Hmbs	-0.25
Ctcf	Hmcn1	-0.25
Egr1	Hmcn1	-0.25
Elf1	Hmcn1	-0.25
Elf2	Hmcn1	-0.25
Fos	Hmcn1	-0.25
Gabpa	Hmcn1	-0.25
Sp1	Hmcn1	-0.25
Sp2	Hmcn1	-0.25
Sp3	Hmcn1	-0.25
Srf	Hmcn1	-0.25
Tbp	Hmcn1	-0.25
Zfp143	Hmcn1	-0.25
Zfp148	Hmcn1	-0.25
Elf1	Hpgd	-0.25
Elf2	Hpgd	-0.25
Irf1	Hpgd	-0.25
Irf3	Hpgd	-0.25
Nfe2l2	Hpgd	-0.25
Nrf1	Hpgd	-0.25
Sp1	Hpgd	-0.25
Sp2	Hpgd	-0.25
Sp4	Hpgd	-0.25
Taf1	Hpgd	-0.25
Tbp	Hpgd	-0.25
Zfp148	Hpgd	-0.25
Ctcf	Hrh2	-0.25
Egr1	Hrh2	-0.25
Elf1	Hrh2	-0.25
Elf2	Hrh2	-0.25
Irf1	Hrh2	-0.25
Irf3	Hrh2	-0.25
Sp1	Hrh2	-0.25
Sp2	Hrh2	-0.25
Taf1	Hrh2	-0.25
Zfp143	Hrh2	-0.25
Zfp523	Hrh2	-0.25
Ctcf	Hsd11b1	-0.25
Atf3	Hsdl1	-0.25
E2f6	Hsdl1	-0.25
Egr1	Hsdl1	-0.25
Elf1	Hsdl1	-0.25
Fos	Hsdl1	-0.25
Gabpa	Hsdl1	-0.25
Irf1	Hsdl1	-0.25
Mitf	Hsdl1	-0.25
Nrf1	Hsdl1	-0.25
Sp1	Hsdl1	-0.25
Sp2	Hsdl1	-0.25
Sp3	Hsdl1	-0.25
Sp4	Hsdl1	-0.25
Tbp	Hsdl1	-0.25
Usf1	Hsdl1	-0.25
Usf2	Hsdl1	-0.25
Zbtb7b	Hsdl1	-0.25
Zfp148	Hsdl1	-0.25
Atf3	Hspa1a	-0.25
Ctcf	Hspa1a	-0.25
E2f4	Hspa1a	-0.25
E2f6	Hspa1a	-0.25
Egr1	Hspa1a	-0.25
Elf1	Hspa1a	-0.25
Elf2	Hspa1a	-0.25
Irf1	Hspa1a	-0.25
Nrf1	Hspa1a	-0.25
Pbx3	Hspa1a	-0.25
Sp1	Hspa1a	-0.25
Sp3	Hspa1a	-0.25
Sp4	Hspa1a	-0.25
Zfp143	Hspa1a	-0.25
Zfp148	Hspa1a	-0.25
Egr1	Hspa1b	-0.25
Fos	Hspa1b	-0.25
Pbx3	Hspa1b	-0.25
Sp3	Hspa1b	-0.25
Zfp148	Hspa1b	-0.25
Atf3	Hspa4l	-0.25
Ctcf	Hspa4l	-0.25
E2f4	Hspa4l	-0.25
E2f6	Hspa4l	-0.25
Egr1	Hspa4l	-0.25
Elf1	Hspa4l	-0.25
Elk1	Hspa4l	-0.25
Elk3	Hspa4l	-0.25
Elk4	Hspa4l	-0.25
Fos	Hspa4l	-0.25
Gabpa	Hspa4l	-0.25
Irf1	Hspa4l	-0.25
Klf4	Hspa4l	-0.25
Nrf1	Hspa4l	-0.25
Sp1	Hspa4l	-0.25
Sp2	Hspa4l	-0.25
Sp3	Hspa4l	-0.25
Sp4	Hspa4l	-0.25
Taf1	Hspa4l	-0.25
Tbp	Hspa4l	-0.25
Zbtb7b	Hspa4l	-0.25
Zfp143	Hspa4l	-0.25
Zfp148	Hspa4l	-0.25
Atf3	Hspa8	-0.25
Ctcf	Hspa8	-0.25
E2f6	Hspa8	-0.25
Egr1	Hspa8	-0.25
Elf1	Hspa8	-0.25
Fos	Hspa8	-0.25
Irf1	Hspa8	-0.25
Mitf	Hspa8	-0.25
Nfya	Hspa8	-0.25
Nfyb	Hspa8	-0.25
Nrf1	Hspa8	-0.25
Pbx3	Hspa8	-0.25
Sp1	Hspa8	-0.25
Sp2	Hspa8	-0.25
Sp3	Hspa8	-0.25
Sp4	Hspa8	-0.25
Taf1	Hspa8	-0.25
Tbp	Hspa8	-0.25
Usf1	Hspa8	-0.25
Usf2	Hspa8	-0.25
Zbtb7b	Hspa8	-0.25
Zfp143	Hspa8	-0.25
Zfp148	Hspa8	-0.25
Egr1	Hsph1	-0.25
Elf1	Hsph1	-0.25
Elk4	Hsph1	-0.25
Etv6	Hsph1	-0.25
Gabpa	Hsph1	-0.25
Nfya	Hsph1	-0.25
Nrf1	Hsph1	-0.25
Smarcc2	Hsph1	-0.25
Sp2	Hsph1	-0.25
Sp3	Hsph1	-0.25
Taf1	Hsph1	-0.25
Zfp143	Hsph1	-0.25
Atf3	Htr2a	0.25
Egr1	Htra3	-0.25
Elf2	Htra3	-0.25
Fos	Htra3	-0.25
Klf4	Htra3	-0.25
Klf7	Htra3	-0.25
Pbx3	Htra3	-0.25
Sp1	Htra3	-0.25
Sp3	Htra3	-0.25
Sp4	Htra3	-0.25
Tbp	Htra3	-0.25
Zfp148	Htra3	-0.25
Ctcf	Hyal2	-0.25
Egr1	Hyal2	-0.25
Elf1	Hyal2	-0.25
Etv6	Hyal2	-0.25
Fos	Hyal2	-0.25
Gabpa	Hyal2	-0.25
Irf1	Hyal2	-0.25
Irf3	Hyal2	-0.25
Klf7	Hyal2	-0.25
Nfe2l2	Hyal2	-0.25
Sp1	Hyal2	-0.25
Sp2	Hyal2	-0.25
Sp3	Hyal2	-0.25
Taf1	Hyal2	-0.25
Tbp	Hyal2	-0.25
Usf1	Hyal2	-0.25
Usf2	Hyal2	-0.25
Zfp143	Hyal2	-0.25
Atf3	Id2	0.25
Zbtb7b	Id2	0.25
Zbtb7b	Igf2r	0.25
Ctcf	Igsf10	-0.25
Fos	Igsf10	-0.25
Nfe2l2	Igsf10	-0.25
Zfp143	Igsf10	-0.25
Atf3	Igsf9	-0.25
Bhlhe40	Igsf9	-0.25
Ctcf	Igsf9	-0.25
E2f4	Igsf9	-0.25
E2f6	Igsf9	-0.25
Egr1	Igsf9	-0.25
Elf1	Igsf9	-0.25
Elf2	Igsf9	-0.25
Elk1	Igsf9	-0.25
Elk3	Igsf9	-0.25
Elk4	Igsf9	-0.25
Etv6	Igsf9	-0.25
Fos	Igsf9	-0.25
Gabpa	Igsf9	-0.25
Irf1	Igsf9	-0.25
Irf3	Igsf9	-0.25
Klf4	Igsf9	-0.25
Klf7	Igsf9	-0.25
Pbx3	Igsf9	-0.25
Smarcc2	Igsf9	-0.25
Sp1	Igsf9	-0.25
Sp2	Igsf9	-0.25
Sp3	Igsf9	-0.25
Sp4	Igsf9	-0.25
Srf	Igsf9	-0.25
Taf1	Igsf9	-0.25
Tbp	Igsf9	-0.25
Zbtb7b	Igsf9	-0.25
Zfp143	Igsf9	-0.25
Zfp148	Igsf9	-0.25
Zfp523	Igsf9	-0.25
Fos	Igtp	-0.25
Irf1	Igtp	-0.25
Irf3	Igtp	-0.25
Klf4	Igtp	-0.25
Klf7	Igtp	-0.25
Sp1	Igtp	-0.25
Sp2	Igtp	-0.25
Sp3	Igtp	-0.25
Sp4	Igtp	-0.25
Tbp	Igtp	-0.25
Zbtb7b	Igtp	-0.25
Atf3	Il12b	0.25
Atf3	Il16	-0.25
Bhlhe40	Il16	-0.25
Egr1	Il16	-0.25
Elf1	Il16	-0.25
Elf2	Il16	-0.25
Elk1	Il16	-0.25
Fos	Il16	-0.25
Gabpa	Il16	-0.25
Irf1	Il16	-0.25
Irf3	Il16	-0.25
Klf4	Il16	-0.25
Nfya	Il16	-0.25
Pbx3	Il16	-0.25
Sp1	Il16	-0.25
Taf1	Il16	-0.25
Tfeb	Il16	-0.25
Usf1	Il16	-0.25
Usf2	Il16	-0.25
Ctcf	Insig2	-0.25
E2f6	Insig2	-0.25
Egr1	Insig2	-0.25
Elf1	Insig2	-0.25
Elf2	Insig2	-0.25
Elk1	Insig2	-0.25
Elk3	Insig2	-0.25
Elk4	Insig2	-0.25
Gabpa	Insig2	-0.25
Nfe2l2	Insig2	-0.25
Nrf1	Insig2	-0.25
Sp1	Insig2	-0.25
Ctcf	Ints3	-0.25
Egr1	Ints3	-0.25
Elf1	Ints3	-0.25
Elf2	Ints3	-0.25
Elk1	Ints3	-0.25
Elk3	Ints3	-0.25
Elk4	Ints3	-0.25
Gabpa	Ints3	-0.25
Irf1	Ints3	-0.25
Sp1	Ints3	-0.25
Sp2	Ints3	-0.25
Sp4	Ints3	-0.25
Taf1	Ints3	-0.25
Zfp143	Ints3	-0.25
Zfp148	Ints3	-0.25
Atf3	Ipo13	-0.25
Ctcf	Ipo13	-0.25
E2f4	Ipo13	-0.25
Egr1	Ipo13	-0.25
Elf1	Ipo13	-0.25
Elf2	Ipo13	-0.25
Etv6	Ipo13	-0.25
Fos	Ipo13	-0.25
Gabpa	Ipo13	-0.25
Mitf	Ipo13	-0.25
Nfya	Ipo13	-0.25
Pbx3	Ipo13	-0.25
Smarcc2	Ipo13	-0.25
Sp1	Ipo13	-0.25
Sp2	Ipo13	-0.25
Sp3	Ipo13	-0.25
Sp4	Ipo13	-0.25
Srf	Ipo13	-0.25
Tbp	Ipo13	-0.25
Tfeb	Ipo13	-0.25
Usf1	Ipo13	-0.25
Usf2	Ipo13	-0.25
Zbtb7b	Ipo13	-0.25
Zfp143	Ipo13	-0.25
Zfp148	Ipo13	-0.25
Zfp523	Ipo13	-0.25
Atf3	Irak1bp1	-0.25
Elf1	Irak1bp1	-0.25
Gabpa	Irak1bp1	-0.25
Mitf	Irak1bp1	-0.25
Sp1	Irak1bp1	-0.25
Sp3	Irak1bp1	-0.25
Sp4	Irak1bp1	-0.25
Taf1	Irak1bp1	-0.25
Tfeb	Irak1bp1	-0.25
Usf1	Irak1bp1	-0.25
Usf2	Irak1bp1	-0.25
Zfp143	Irak1bp1	-0.25
Zfp148	Irak1bp1	-0.25
Egr1	Irf3	-0.25
Smarcc2	Irf3	-0.25
Srf	Irf3	-0.25
Tbp	Irf3	-0.25
Zfp143	Irf3	-0.25
Atf3	Irgq	0.25
Atf3	Itgb4	-0.25
Ctcf	Itgb4	-0.25
E2f4	Itgb4	-0.25
Egr1	Itgb4	-0.25
Elf1	Itgb4	-0.25
Etv6	Itgb4	-0.25
Gabpa	Itgb4	-0.25
Irf1	Itgb4	-0.25
Klf4	Itgb4	-0.25
Klf7	Itgb4	-0.25
Mitf	Itgb4	-0.25
Nrf1	Itgb4	-0.25
Sp1	Itgb4	-0.25
Sp2	Itgb4	-0.25
Sp3	Itgb4	-0.25
Sp4	Itgb4	-0.25
Tbp	Itgb4	-0.25
Tfeb	Itgb4	-0.25
Usf1	Itgb4	-0.25
Usf2	Itgb4	-0.25
Zfp143	Itgb4	-0.25
Zfp148	Itgb4	-0.25
E2f6	Jmjd4	-0.25
Irf1	Jmjd4	-0.25
Klf4	Jmjd4	-0.25
Klf7	Jmjd4	-0.25
Nrf1	Jmjd4	-0.25
Sp1	Jmjd4	-0.25
Sp2	Jmjd4	-0.25
Sp3	Jmjd4	-0.25
Srf	Jmjd4	-0.25
Tbp	Jmjd4	-0.25
Atf3	Kank2	-0.25
Ctcf	Kank2	-0.25
E2f4	Kank2	-0.25
E2f6	Kank2	-0.25
Egr1	Kank2	-0.25
Fos	Kank2	-0.25
Gabpa	Kank2	-0.25
Irf1	Kank2	-0.25
Klf4	Kank2	-0.25
Klf7	Kank2	-0.25
Nfyb	Kank2	-0.25
Nrf1	Kank2	-0.25
Pbx3	Kank2	-0.25
Sp1	Kank2	-0.25
Sp2	Kank2	-0.25
Sp3	Kank2	-0.25
Sp4	Kank2	-0.25
Srf	Kank2	-0.25
Tbp	Kank2	-0.25
Zbtb7b	Kank2	-0.25
Zfp148	Kank2	-0.25
Atf3	Kank3	-0.25
Bhlhe40	Kank3	-0.25
Ctcf	Kank3	-0.25
E2f6	Kank3	-0.25
Egr1	Kank3	-0.25
Elf1	Kank3	-0.25
Gabpa	Kank3	-0.25
Irf1	Kank3	-0.25
Klf4	Kank3	-0.25
Klf7	Kank3	-0.25
Mitf	Kank3	-0.25
Nrf1	Kank3	-0.25
Pbx3	Kank3	-0.25
Sp1	Kank3	-0.25
Sp2	Kank3	-0.25
Sp3	Kank3	-0.25
Sp4	Kank3	-0.25
Srf	Kank3	-0.25
Tbp	Kank3	-0.25
Tfeb	Kank3	-0.25
Usf1	Kank3	-0.25
Usf2	Kank3	-0.25
Zbtb7b	Kank3	-0.25
Zfp143	Kank3	-0.25
Zfp148	Kank3	-0.25
Egr1	Katnal1	-0.25
Elf1	Katnal1	-0.25
Elf2	Katnal1	-0.25
Elk4	Katnal1	-0.25
Fos	Katnal1	-0.25
Gabpa	Katnal1	-0.25
Nrf1	Katnal1	-0.25
Smarcc2	Katnal1	-0.25
Sp1	Katnal1	-0.25
Sp2	Katnal1	-0.25
Sp3	Katnal1	-0.25
Sp4	Katnal1	-0.25
Srf	Katnal1	-0.25
Tbp	Katnal1	-0.25
Zbtb7b	Katnal1	-0.25
Zfp143	Katnal1	-0.25
Atf3	Kcnc3	-0.25
E2f4	Kcnc3	-0.25
Egr1	Kcnc3	-0.25
Elf1	Kcnc3	-0.25
Irf1	Kcnc3	-0.25
Klf4	Kcnc3	-0.25
Klf7	Kcnc3	-0.25
Nrf1	Kcnc3	-0.25
Sp1	Kcnc3	-0.25
Sp2	Kcnc3	-0.25
Sp3	Kcnc3	-0.25
Sp4	Kcnc3	-0.25
Srf	Kcnc3	-0.25
Tbp	Kcnc3	-0.25
Zbtb7b	Kcnc3	-0.25
Zfp148	Kcnc3	-0.25
E2f6	Kcnrg	-0.25
Egr1	Kcnrg	-0.25
Klf4	Kcnrg	-0.25
Klf7	Kcnrg	-0.25
Nrf1	Kcnrg	-0.25
Ctcf	Kctd21	-0.25
E2f4	Kctd21	-0.25
Egr1	Kctd21	-0.25
Elk1	Kctd21	-0.25
Fos	Kctd21	-0.25
Gabpa	Kctd21	-0.25
Irf1	Kctd21	-0.25
Irf3	Kctd21	-0.25
Klf4	Kctd21	-0.25
Klf7	Kctd21	-0.25
Smarcc2	Kctd21	-0.25
Sp1	Kctd21	-0.25
Sp2	Kctd21	-0.25
Sp3	Kctd21	-0.25
Sp4	Kctd21	-0.25
Srf	Kctd21	-0.25
Taf1	Kctd21	-0.25
Tbp	Kctd21	-0.25
Zbtb7b	Kctd21	-0.25
Zfp143	Kctd21	-0.25
Zfp148	Kctd21	-0.25
Zfp523	Kctd21	-0.25
Egr1	Kctd5	-0.25
Elf1	Kctd5	-0.25
Elf2	Kctd5	-0.25
Elk1	Kctd5	-0.25
Elk3	Kctd5	-0.25
Elk4	Kctd5	-0.25
Gabpa	Kctd5	-0.25
Irf1	Kctd5	-0.25
Sp1	Kctd5	-0.25
Sp3	Kctd5	-0.25
Sp4	Kctd5	-0.25
Tbp	Kctd5	-0.25
Ctcf	Kif14	-0.25
E2f4	Kif14	-0.25
Egr1	Kif14	-0.25
Elf1	Kif14	-0.25
Elk3	Kif14	-0.25
Elk4	Kif14	-0.25
Etv6	Kif14	-0.25
Fos	Kif14	-0.25
Gabpa	Kif14	-0.25
Nfya	Kif14	-0.25
Nfyb	Kif14	-0.25
Pbx3	Kif14	-0.25
Sp1	Kif14	-0.25
Sp2	Kif14	-0.25
Sp3	Kif14	-0.25
Srf	Kif14	-0.25
Zfp148	Kif14	-0.25
Ctcf	Kif18b	-0.25
E2f4	Kif18b	-0.25
Fos	Kif18b	-0.25
Irf3	Kif18b	-0.25
Nfya	Kif18b	-0.25
Nfyb	Kif18b	-0.25
Nrf1	Kif18b	-0.25
Pbx3	Kif18b	-0.25
Sp1	Kif18b	-0.25
Sp2	Kif18b	-0.25
Tbp	Kif18b	-0.25
Ctcf	Kif2c	-0.25
E2f4	Kif2c	-0.25
Egr1	Kif2c	-0.25
Elf1	Kif2c	-0.25
Elk1	Kif2c	-0.25
Elk3	Kif2c	-0.25
Elk4	Kif2c	-0.25
Fos	Kif2c	-0.25
Gabpa	Kif2c	-0.25
Irf1	Kif2c	-0.25
Klf7	Kif2c	-0.25
Nfe2l2	Kif2c	-0.25
Nfya	Kif2c	-0.25
Nfyb	Kif2c	-0.25
Pbx3	Kif2c	-0.25
Smarcc2	Kif2c	-0.25
Sp1	Kif2c	-0.25
Sp2	Kif2c	-0.25
Taf1	Kif2c	-0.25
Zfp143	Kif2c	-0.25
Ctcf	Kifc3	-0.25
Egr1	Kifc3	-0.25
Elf1	Kifc3	-0.25
Elf2	Kifc3	-0.25
Fos	Kifc3	-0.25
Gabpa	Kifc3	-0.25
Sp1	Kifc3	-0.25
Sp3	Kifc3	-0.25
Sp4	Kifc3	-0.25
Taf1	Kifc3	-0.25
Zfp143	Kifc3	-0.25
Zfp148	Kifc3	-0.25
Atf3	Klf2	-0.25
E2f4	Klf2	-0.25
Egr1	Klf2	-0.25
Elf1	Klf2	-0.25
Elk1	Klf2	-0.25
Etv6	Klf2	-0.25
Fos	Klf2	-0.25
Gabpa	Klf2	-0.25
Irf1	Klf2	-0.25
Klf4	Klf2	-0.25
Klf7	Klf2	-0.25
Nrf1	Klf2	-0.25
Sp1	Klf2	-0.25
Sp2	Klf2	-0.25
Sp3	Klf2	-0.25
Sp4	Klf2	-0.25
Srf	Klf2	-0.25
Taf1	Klf2	-0.25
Tbp	Klf2	-0.25
Zbtb7b	Klf2	-0.25
Zfp143	Klf2	-0.25
Zfp148	Klf2	-0.25
Atf3	Kpna1	0.25
Zbtb7b	Kpna1	0.25
Ctcf	Lama2	-0.25
Egr1	Lama2	-0.25
Elf1	Lama2	-0.25
Elk1	Lama2	-0.25
Elk3	Lama2	-0.25
Etv6	Lama2	-0.25
Fos	Lama2	-0.25
Gabpa	Lama2	-0.25
Nfe2l2	Lama2	-0.25
Nfya	Lama2	-0.25
Ctcf	Lama4	-0.25
Ctcf	Lamc1	-0.25
E2f4	Lamc1	-0.25
E2f6	Lamc1	-0.25
Egr1	Lamc1	-0.25
Elf1	Lamc1	-0.25
Fos	Lamc1	-0.25
Gabpa	Lamc1	-0.25
Irf1	Lamc1	-0.25
Klf4	Lamc1	-0.25
Klf7	Lamc1	-0.25
Nfe2l2	Lamc1	-0.25
Pbx3	Lamc1	-0.25
Sp1	Lamc1	-0.25
Sp2	Lamc1	-0.25
Sp3	Lamc1	-0.25
Sp4	Lamc1	-0.25
Srf	Lamc1	-0.25
Taf1	Lamc1	-0.25
Tbp	Lamc1	-0.25
Usf2	Lamc1	-0.25
Zbtb7b	Lamc1	-0.25
Zfp143	Lamc1	-0.25
Atf3	Lats2	0.25
Zbtb7b	Lats2	0.25
Ctcf	Lepre1	-0.25
E2f6	Lepre1	-0.25
Egr1	Lepre1	-0.25
Fos	Lepre1	-0.25
Irf1	Lepre1	-0.25
Klf4	Lepre1	-0.25
Klf7	Lepre1	-0.25
Nrf1	Lepre1	-0.25
Sp1	Lepre1	-0.25
Sp2	Lepre1	-0.25
Sp3	Lepre1	-0.25
Sp4	Lepre1	-0.25
Taf1	Lepre1	-0.25
Tbp	Lepre1	-0.25
Zfp143	Lepre1	-0.25
Atf3	Lifr	-0.25
Ctcf	Lifr	-0.25
E2f4	Lifr	-0.25
Egr1	Lifr	-0.25
Elf1	Lifr	-0.25
Fos	Lifr	-0.25
Irf1	Lifr	-0.25
Klf4	Lifr	-0.25
Klf7	Lifr	-0.25
Nfe2l2	Lifr	-0.25
Nrf1	Lifr	-0.25
Sp1	Lifr	-0.25
Sp2	Lifr	-0.25
Sp3	Lifr	-0.25
Sp4	Lifr	-0.25
Srf	Lifr	-0.25
Taf1	Lifr	-0.25
Tbp	Lifr	-0.25
Zbtb7b	Lifr	-0.25
Zfp143	Lifr	-0.25
Ctcf	Lig4	-0.25
E2f4	Lig4	-0.25
E2f6	Lig4	-0.25
Egr1	Lig4	-0.25
Elf1	Lig4	-0.25
Elf2	Lig4	-0.25
Elk1	Lig4	-0.25
Elk3	Lig4	-0.25
Elk4	Lig4	-0.25
Etv6	Lig4	-0.25
Gabpa	Lig4	-0.25
Klf4	Lig4	-0.25
Klf7	Lig4	-0.25
Nrf1	Lig4	-0.25
Sp1	Lig4	-0.25
Sp2	Lig4	-0.25
Sp3	Lig4	-0.25
Sp4	Lig4	-0.25
Srf	Lig4	-0.25
Taf1	Lig4	-0.25
Tbp	Lig4	-0.25
Zbtb7b	Lig4	-0.25
Ctcf	Lilra6	-0.25
Klf4	Lilra6	-0.25
Atf3	Lmo4	0.25
Zbtb7b	Lmo4	0.25
Egr1	Loxl2	-0.25
Elf1	Loxl2	-0.25
Taf1	Loxl2	-0.25
Zfp143	Loxl2	-0.25
Atf3	Lphn2	0.25
Zbtb7b	Lphn2	0.25
E2f4	Lrp12	-0.25
E2f6	Lrp12	-0.25
Egr1	Lrp12	-0.25
Elf1	Lrp12	-0.25
Fos	Lrp12	-0.25
Gabpa	Lrp12	-0.25
Irf1	Lrp12	-0.25
Klf4	Lrp12	-0.25
Klf7	Lrp12	-0.25
Nrf1	Lrp12	-0.25
Sp1	Lrp12	-0.25
Sp2	Lrp12	-0.25
Sp3	Lrp12	-0.25
Sp4	Lrp12	-0.25
Srf	Lrp12	-0.25
Taf1	Lrp12	-0.25
Tbp	Lrp12	-0.25
Zbtb7b	Lrp12	-0.25
Zfp143	Lrp12	-0.25
Zfp148	Lrp12	-0.25
E2f4	Lrrc45	-0.25
Egr1	Lrrc45	-0.25
Fos	Lrrc45	-0.25
Irf1	Lrrc45	-0.25
Irf3	Lrrc45	-0.25
Klf4	Lrrc45	-0.25
Klf7	Lrrc45	-0.25
Nfya	Lrrc45	-0.25
Nfyb	Lrrc45	-0.25
Pbx3	Lrrc45	-0.25
Sp1	Lrrc45	-0.25
Sp2	Lrrc45	-0.25
Sp3	Lrrc45	-0.25
Sp4	Lrrc45	-0.25
Tbp	Lrrc45	-0.25
Zfp143	Lrrc45	-0.25
Zfp148	Lrrc45	-0.25
Atf3	Lrrc8b	0.25
Zbtb7b	Lrrc8b	0.25
Atf3	Lrwd1	-0.25
Ctcf	Lrwd1	-0.25
E2f4	Lrwd1	-0.25
E2f6	Lrwd1	-0.25
Egr1	Lrwd1	-0.25
Elf1	Lrwd1	-0.25
Elf2	Lrwd1	-0.25
Elk1	Lrwd1	-0.25
Elk4	Lrwd1	-0.25
Etv6	Lrwd1	-0.25
Fos	Lrwd1	-0.25
Gabpa	Lrwd1	-0.25
Irf1	Lrwd1	-0.25
Irf3	Lrwd1	-0.25
Klf7	Lrwd1	-0.25
Nfya	Lrwd1	-0.25
Nfyb	Lrwd1	-0.25
Nrf1	Lrwd1	-0.25
Pbx3	Lrwd1	-0.25
Smarcc2	Lrwd1	-0.25
Sp1	Lrwd1	-0.25
Sp2	Lrwd1	-0.25
Sp3	Lrwd1	-0.25
Sp4	Lrwd1	-0.25
Taf1	Lrwd1	-0.25
Zbtb7b	Lrwd1	-0.25
Zfp143	Lrwd1	-0.25
Zfp148	Lrwd1	-0.25
Zfp523	Lrwd1	-0.25
Ctcf	Ltbp1	-0.25
Elf1	Ltbp1	-0.25
Elf2	Ltbp1	-0.25
Elk1	Ltbp1	-0.25
Fos	Ltbp1	-0.25
Irf1	Ltbp1	-0.25
Irf3	Ltbp1	-0.25
Pbx3	Ltbp1	-0.25
Taf1	Ltbp1	-0.25
Atf3	Ly6d	0.25
Zbtb7b	Ly6d	0.25
Atf3	Maml3	0.25
Zbtb7b	Maml3	0.25
Atf3	Map4k4	0.25
Zbtb7b	Map4k4	0.25
Atf3	March3	0.25
Atf3	Marcks	0.25
Zbtb7b	Marcks	0.25
Ctcf	Mbd4	-0.25
E2f4	Mbd4	-0.25
E2f6	Mbd4	-0.25
Egr1	Mbd4	-0.25
Elf1	Mbd4	-0.25
Elf2	Mbd4	-0.25
Elk3	Mbd4	-0.25
Etv6	Mbd4	-0.25
Gabpa	Mbd4	-0.25
Irf1	Mbd4	-0.25
Irf3	Mbd4	-0.25
Klf4	Mbd4	-0.25
Nfya	Mbd4	-0.25
Nfyb	Mbd4	-0.25
Pbx3	Mbd4	-0.25
Sp1	Mbd4	-0.25
Sp2	Mbd4	-0.25
Sp3	Mbd4	-0.25
Srf	Mbd4	-0.25
Taf1	Mbd4	-0.25
Tbp	Mbd4	-0.25
Sp2	Mdp1	-0.25
Taf1	Mdp1	-0.25
Ctcf	Mertk	-0.25
E2f4	Mertk	-0.25
E2f6	Mertk	-0.25
Egr1	Mertk	-0.25
Elf1	Mertk	-0.25
Irf1	Mertk	-0.25
Klf4	Mertk	-0.25
Klf7	Mertk	-0.25
Sp1	Mertk	-0.25
Sp2	Mertk	-0.25
Sp3	Mertk	-0.25
Sp4	Mertk	-0.25
Srf	Mertk	-0.25
Tbp	Mertk	-0.25
Zfp143	Mertk	-0.25
Zfp148	Mertk	-0.25
Zfp523	Mertk	-0.25
Atf3	Metap1d	-0.25
Ctcf	Metap1d	-0.25
E2f4	Metap1d	-0.25
Egr1	Metap1d	-0.25
Elf1	Metap1d	-0.25
Fos	Metap1d	-0.25
Gabpa	Metap1d	-0.25
Irf1	Metap1d	-0.25
Mitf	Metap1d	-0.25
Nfe2l2	Metap1d	-0.25
Nfya	Metap1d	-0.25
Nfyb	Metap1d	-0.25
Nrf1	Metap1d	-0.25
Pbx3	Metap1d	-0.25
Sp1	Metap1d	-0.25
Taf1	Metap1d	-0.25
Tfeb	Metap1d	-0.25
Usf1	Metap1d	-0.25
Usf2	Metap1d	-0.25
Atf3	Micall2	-0.25
Ctcf	Micall2	-0.25
E2f4	Micall2	-0.25
Egr1	Micall2	-0.25
Elf1	Micall2	-0.25
Elf2	Micall2	-0.25
Elk1	Micall2	-0.25
Fos	Micall2	-0.25
Irf1	Micall2	-0.25
Klf4	Micall2	-0.25
Klf7	Micall2	-0.25
Nrf1	Micall2	-0.25
Sp1	Micall2	-0.25
Sp2	Micall2	-0.25
Sp3	Micall2	-0.25
Sp4	Micall2	-0.25
Srf	Micall2	-0.25
Tbp	Micall2	-0.25
Zfp143	Micall2	-0.25
Ctcf	Mitd1	-0.25
E2f6	Mitd1	-0.25
Egr1	Mitd1	-0.25
Elf1	Mitd1	-0.25
Elk1	Mitd1	-0.25
Gabpa	Mitd1	-0.25
Irf1	Mitd1	-0.25
Klf4	Mitd1	-0.25
Klf7	Mitd1	-0.25
Nrf1	Mitd1	-0.25
Sp1	Mitd1	-0.25
Sp2	Mitd1	-0.25
Sp3	Mitd1	-0.25
Sp4	Mitd1	-0.25
Srf	Mitd1	-0.25
Tbp	Mitd1	-0.25
Atf3	Mlx	-0.25
Bhlhe40	Mlx	-0.25
Ctcf	Mlx	-0.25
E2f4	Mlx	-0.25
E2f6	Mlx	-0.25
Egr1	Mlx	-0.25
Elf1	Mlx	-0.25
Elk1	Mlx	-0.25
Etv6	Mlx	-0.25
Fos	Mlx	-0.25
Gabpa	Mlx	-0.25
Irf1	Mlx	-0.25
Irf3	Mlx	-0.25
Klf4	Mlx	-0.25
Klf7	Mlx	-0.25
Mitf	Mlx	-0.25
Nfe2l2	Mlx	-0.25
Nfya	Mlx	-0.25
Nfyb	Mlx	-0.25
Nrf1	Mlx	-0.25
Pbx3	Mlx	-0.25
Sp1	Mlx	-0.25
Sp2	Mlx	-0.25
Sp3	Mlx	-0.25
Sp4	Mlx	-0.25
Tbp	Mlx	-0.25
Tfeb	Mlx	-0.25
Usf1	Mlx	-0.25
Usf2	Mlx	-0.25
Zbtb7b	Mlx	-0.25
Zfp148	Mlx	-0.25
Atf3	Mmaa	-0.25
Ctcf	Mmaa	-0.25
E2f4	Mmaa	-0.25
E2f6	Mmaa	-0.25
Egr1	Mmaa	-0.25
Elf1	Mmaa	-0.25
Elf2	Mmaa	-0.25
Klf7	Mmaa	-0.25
Nrf1	Mmaa	-0.25
Sp1	Mmaa	-0.25
Sp2	Mmaa	-0.25
Sp3	Mmaa	-0.25
Sp4	Mmaa	-0.25
Taf1	Mmaa	-0.25
Zbtb7b	Mmaa	-0.25
Zfp143	Mmaa	-0.25
Zfp148	Mmaa	-0.25
Atf3	Mms19	-0.25
Bhlhe40	Mms19	-0.25
Ctcf	Mms19	-0.25
E2f4	Mms19	-0.25
E2f6	Mms19	-0.25
Egr1	Mms19	-0.25
Elf1	Mms19	-0.25
Elf2	Mms19	-0.25
Elk1	Mms19	-0.25
Etv6	Mms19	-0.25
Fos	Mms19	-0.25
Irf1	Mms19	-0.25
Klf4	Mms19	-0.25
Klf7	Mms19	-0.25
Mitf	Mms19	-0.25
Nfya	Mms19	-0.25
Nrf1	Mms19	-0.25
Pbx3	Mms19	-0.25
Sp1	Mms19	-0.25
Sp2	Mms19	-0.25
Sp3	Mms19	-0.25
Sp4	Mms19	-0.25
Srf	Mms19	-0.25
Tbp	Mms19	-0.25
Tfeb	Mms19	-0.25
Usf1	Mms19	-0.25
Usf2	Mms19	-0.25
Zbtb7b	Mms19	-0.25
Zfp148	Mms19	-0.25
Atf3	Mpp5	0.25
Zbtb7b	Mpp5	0.25
Atf3	Mpp7	0.25
Zbtb7b	Mpp7	0.25
Atf3	Mpzl2	-0.25
Egr1	Mpzl2	-0.25
Elf1	Mpzl2	-0.25
Elk1	Mpzl2	-0.25
Elk3	Mpzl2	-0.25
Elk4	Mpzl2	-0.25
Etv6	Mpzl2	-0.25
Fos	Mpzl2	-0.25
Gabpa	Mpzl2	-0.25
Taf1	Mpzl2	-0.25
Atf3	Mul1	0.25
Atf3	Ndrg4	0.25
Zbtb7b	Ndrg4	0.25
Atf3	Neat1	-0.25
Ctcf	Neat1	-0.25
Egr1	Neat1	-0.25
Elf1	Neat1	-0.25
Elf2	Neat1	-0.25
Elk4	Neat1	-0.25
Irf1	Neat1	-0.25
Klf4	Neat1	-0.25
Nfe2l2	Neat1	-0.25
Pbx3	Neat1	-0.25
Sp1	Neat1	-0.25
Sp3	Neat1	-0.25
Taf1	Neat1	-0.25
Usf1	Neat1	-0.25
Usf2	Neat1	-0.25
Zbtb7b	Neat1	-0.25
Zfp148	Neat1	-0.25
Elf1	Neb	-0.25
Elf2	Neb	-0.25
Fos	Neb	-0.25
Irf1	Neb	-0.25
Nfe2l2	Neb	-0.25
Atf3	Nfkbid	-0.25
Ctcf	Nfkbid	-0.25
Egr1	Nfkbid	-0.25
Elf1	Nfkbid	-0.25
Elf2	Nfkbid	-0.25
Gabpa	Nfkbid	-0.25
Irf1	Nfkbid	-0.25
Klf4	Nfkbid	-0.25
Klf7	Nfkbid	-0.25
Nfe2l2	Nfkbid	-0.25
Nrf1	Nfkbid	-0.25
Sp1	Nfkbid	-0.25
Sp2	Nfkbid	-0.25
Sp3	Nfkbid	-0.25
Sp4	Nfkbid	-0.25
Srf	Nfkbid	-0.25
Taf1	Nfkbid	-0.25
Tbp	Nfkbid	-0.25
Zbtb7b	Nfkbid	-0.25
Zfp143	Nfkbid	-0.25
Zfp148	Nfkbid	-0.25
Ctcf	Nid2	-0.25
E2f4	Nid2	-0.25
E2f6	Nid2	-0.25
Elk1	Nid2	-0.25
Elk3	Nid2	-0.25
Elk4	Nid2	-0.25
Fos	Nid2	-0.25
Irf3	Nid2	-0.25
Klf4	Nid2	-0.25
Nfya	Nid2	-0.25
Nfyb	Nid2	-0.25
Pbx3	Nid2	-0.25
Sp1	Nid2	-0.25
Sp4	Nid2	-0.25
Atf3	Nkrf	0.25
Ctcf	Nmb	-0.25
Egr1	Nmb	-0.25
Elf1	Nmb	-0.25
Elk4	Nmb	-0.25
Etv6	Nmb	-0.25
Gabpa	Nmb	-0.25
Klf4	Nmb	-0.25
Klf7	Nmb	-0.25
Nrf1	Nmb	-0.25
Sp4	Nmb	-0.25
Bhlhe40	Notch3	-0.25
Ctcf	Notch3	-0.25
E2f6	Notch3	-0.25
Elf1	Notch3	-0.25
Klf4	Notch3	-0.25
Sp1	Notch3	-0.25
Sp2	Notch3	-0.25
Zbtb7b	Npas2	0.25
Atf3	Nphp1	0.25
Zbtb7b	Nphp1	0.25
Zbtb7b	Nrp2	0.25
Atf3	Nsmce2	0.25
Zbtb7b	Nsmce2	0.25
Elk1	Nt5e	-0.25
Fos	Nt5e	-0.25
Nfe2l2	Nt5e	-0.25
Egr1	Nudt22	-0.25
Elf1	Nudt22	-0.25
Elk1	Nudt22	-0.25
Etv6	Nudt22	-0.25
Fos	Nudt22	-0.25
Gabpa	Nudt22	-0.25
Irf1	Nudt22	-0.25
Klf4	Nudt22	-0.25
Klf7	Nudt22	-0.25
Nfya	Nudt22	-0.25
Pbx3	Nudt22	-0.25
Sp1	Nudt22	-0.25
Sp2	Nudt22	-0.25
Sp3	Nudt22	-0.25
Sp4	Nudt22	-0.25
Srf	Nudt22	-0.25
Tbp	Nudt22	-0.25
Zfp148	Nudt22	-0.25
Atf3	Nufip1	0.25
Egr1	Nupr1	-0.25
Elf1	Nupr1	-0.25
Elk1	Nupr1	-0.25
Fos	Nupr1	-0.25
Nfya	Nupr1	-0.25
Nfyb	Nupr1	-0.25
Sp1	Nupr1	-0.25
Ctcf	Olfml3	-0.25
Fos	Olfml3	-0.25
Irf1	Olfml3	-0.25
Irf3	Olfml3	-0.25
Nfe2l2	Olfml3	-0.25
Sp1	Olfml3	-0.25
Ctcf	Orai3	-0.25
E2f4	Orai3	-0.25
E2f6	Orai3	-0.25
Egr1	Orai3	-0.25
Elf1	Orai3	-0.25
Elf2	Orai3	-0.25
Elk1	Orai3	-0.25
Fos	Orai3	-0.25
Gabpa	Orai3	-0.25
Irf1	Orai3	-0.25
Irf3	Orai3	-0.25
Klf4	Orai3	-0.25
Klf7	Orai3	-0.25
Nrf1	Orai3	-0.25
Pbx3	Orai3	-0.25
Sp1	Orai3	-0.25
Sp2	Orai3	-0.25
Sp3	Orai3	-0.25
Sp4	Orai3	-0.25
Srf	Orai3	-0.25
Taf1	Orai3	-0.25
Tbp	Orai3	-0.25
Zbtb7b	Orai3	-0.25
Zfp148	Orai3	-0.25
Atf3	Ormdl3	-0.25
Ctcf	Ormdl3	-0.25
E2f4	Ormdl3	-0.25
E2f6	Ormdl3	-0.25
Egr1	Ormdl3	-0.25
Elf1	Ormdl3	-0.25
Gabpa	Ormdl3	-0.25
Irf1	Ormdl3	-0.25
Nrf1	Ormdl3	-0.25
Smarcc2	Ormdl3	-0.25
Sp1	Ormdl3	-0.25
Sp2	Ormdl3	-0.25
Sp3	Ormdl3	-0.25
Sp4	Ormdl3	-0.25
Srf	Ormdl3	-0.25
Taf1	Ormdl3	-0.25
Tbp	Ormdl3	-0.25
Zbtb7b	Ormdl3	-0.25
Zfp143	Ormdl3	-0.25
Zfp148	Ormdl3	-0.25
Atf3	Otud3	-0.25
Ctcf	Otud3	-0.25
E2f4	Otud3	-0.25
E2f6	Otud3	-0.25
Egr1	Otud3	-0.25
Elf1	Otud3	-0.25
Gabpa	Otud3	-0.25
Irf1	Otud3	-0.25
Klf4	Otud3	-0.25
Klf7	Otud3	-0.25
Mitf	Otud3	-0.25
Nrf1	Otud3	-0.25
Sp1	Otud3	-0.25
Sp2	Otud3	-0.25
Sp3	Otud3	-0.25
Sp4	Otud3	-0.25
Tbp	Otud3	-0.25
Tfeb	Otud3	-0.25
Usf1	Otud3	-0.25
Usf2	Otud3	-0.25
Atf3	Palld	-0.25
Ctcf	Palld	-0.25
E2f4	Palld	-0.25
Egr1	Palld	-0.25
Elf1	Palld	-0.25
Fos	Palld	-0.25
Irf1	Palld	-0.25
Irf3	Palld	-0.25
Klf7	Palld	-0.25
Nfya	Palld	-0.25
Nfyb	Palld	-0.25
Nrf1	Palld	-0.25
Pbx3	Palld	-0.25
Sp1	Palld	-0.25
Sp2	Palld	-0.25
Sp3	Palld	-0.25
Sp4	Palld	-0.25
Srf	Palld	-0.25
Taf1	Palld	-0.25
Tbp	Palld	-0.25
Zfp143	Palld	-0.25
Zfp148	Palld	-0.25
Ctcf	Pcdh19	-0.25
E2f4	Pcdh19	-0.25
Fos	Pcdh19	-0.25
Irf3	Pcdh19	-0.25
Nfya	Pcdh19	-0.25
Nfyb	Pcdh19	-0.25
Pbx3	Pcdh19	-0.25
Atf3	Pcolce	-0.25
Ctcf	Pcolce	-0.25
E2f4	Pcolce	-0.25
E2f6	Pcolce	-0.25
Egr1	Pcolce	-0.25
Elf1	Pcolce	-0.25
Elk1	Pcolce	-0.25
Etv6	Pcolce	-0.25
Fos	Pcolce	-0.25
Gabpa	Pcolce	-0.25
Irf1	Pcolce	-0.25
Klf4	Pcolce	-0.25
Klf7	Pcolce	-0.25
Nfe2l2	Pcolce	-0.25
Nfya	Pcolce	-0.25
Nfyb	Pcolce	-0.25
Nrf1	Pcolce	-0.25
Pbx3	Pcolce	-0.25
Sp1	Pcolce	-0.25
Sp2	Pcolce	-0.25
Sp3	Pcolce	-0.25
Sp4	Pcolce	-0.25
Taf1	Pcolce	-0.25
Tbp	Pcolce	-0.25
Zfp148	Pcolce	-0.25
Atf3	Pcyt2	-0.25
Ctcf	Pcyt2	-0.25
E2f4	Pcyt2	-0.25
E2f6	Pcyt2	-0.25
Egr1	Pcyt2	-0.25
Elf1	Pcyt2	-0.25
Elf2	Pcyt2	-0.25
Elk1	Pcyt2	-0.25
Elk4	Pcyt2	-0.25
Etv6	Pcyt2	-0.25
Gabpa	Pcyt2	-0.25
Irf1	Pcyt2	-0.25
Irf3	Pcyt2	-0.25
Klf4	Pcyt2	-0.25
Klf7	Pcyt2	-0.25
Nrf1	Pcyt2	-0.25
Sp1	Pcyt2	-0.25
Sp2	Pcyt2	-0.25
Sp3	Pcyt2	-0.25
Sp4	Pcyt2	-0.25
Srf	Pcyt2	-0.25
Taf1	Pcyt2	-0.25
Tbp	Pcyt2	-0.25
Zbtb7b	Pcyt2	-0.25
Zfp148	Pcyt2	-0.25
Ctcf	Pdcd2l	-0.25
E2f4	Pdcd2l	-0.25
E2f6	Pdcd2l	-0.25
Egr1	Pdcd2l	-0.25
Elf1	Pdcd2l	-0.25
Irf1	Pdcd2l	-0.25
Mitf	Pdcd2l	-0.25
Nrf1	Pdcd2l	-0.25
Sp1	Pdcd2l	-0.25
Sp2	Pdcd2l	-0.25
Sp3	Pdcd2l	-0.25
Sp4	Pdcd2l	-0.25
Taf1	Pdcd2l	-0.25
Usf1	Pdcd2l	-0.25
Usf2	Pdcd2l	-0.25
Zbtb7b	Pdcd2l	-0.25
Egr1	Pdcd7	-0.25
Elf1	Pdcd7	-0.25
Elf2	Pdcd7	-0.25
Elk4	Pdcd7	-0.25
Gabpa	Pdcd7	-0.25
Sp3	Pdcd7	-0.25
Sp4	Pdcd7	-0.25
Taf1	Pdcd7	-0.25
Zbtb7b	Pdcd7	-0.25
Zfp143	Pdcd7	-0.25
Atf3	Pde4dip	-0.25
Ctcf	Pde4dip	-0.25
E2f4	Pde4dip	-0.25
Egr1	Pde4dip	-0.25
Elf1	Pde4dip	-0.25
Elf2	Pde4dip	-0.25
Elk1	Pde4dip	-0.25
Etv6	Pde4dip	-0.25
Irf1	Pde4dip	-0.25
Klf4	Pde4dip	-0.25
Klf7	Pde4dip	-0.25
Nrf1	Pde4dip	-0.25
Pbx3	Pde4dip	-0.25
Smarcc2	Pde4dip	-0.25
Sp1	Pde4dip	-0.25
Sp2	Pde4dip	-0.25
Sp3	Pde4dip	-0.25
Sp4	Pde4dip	-0.25
Srf	Pde4dip	-0.25
Taf1	Pde4dip	-0.25
Tbp	Pde4dip	-0.25
Zbtb7b	Pde4dip	-0.25
Zfp143	Pde4dip	-0.25
Zfp148	Pde4dip	-0.25
Atf3	Pde7b	0.25
Atf3	Peo1	-0.25
E2f4	Peo1	-0.25
E2f6	Peo1	-0.25
Egr1	Peo1	-0.25
Elf1	Peo1	-0.25
Elf2	Peo1	-0.25
Elk1	Peo1	-0.25
Elk3	Peo1	-0.25
Elk4	Peo1	-0.25
Etv6	Peo1	-0.25
Fos	Peo1	-0.25
Gabpa	Peo1	-0.25
Irf1	Peo1	-0.25
Klf4	Peo1	-0.25
Klf7	Peo1	-0.25
Nfe2l2	Peo1	-0.25
Nrf1	Peo1	-0.25
Sp1	Peo1	-0.25
Sp2	Peo1	-0.25
Sp3	Peo1	-0.25
Sp4	Peo1	-0.25
Tbp	Peo1	-0.25
Zbtb7b	Peo1	-0.25
Zfp148	Peo1	-0.25
Atf3	Pex1	-0.25
Ctcf	Pex1	-0.25
Egr1	Pex1	-0.25
Fos	Pex1	-0.25
Irf1	Pex1	-0.25
Sp1	Pex1	-0.25
Sp2	Pex1	-0.25
Sp3	Pex1	-0.25
Sp4	Pex1	-0.25
Zbtb7b	Pex1	-0.25
Irf1	Pex11b	-0.25
Klf4	Pex11b	-0.25
Klf7	Pex11b	-0.25
Sp1	Pex11b	-0.25
Sp2	Pex11b	-0.25
Sp3	Pex11b	-0.25
Sp4	Pex11b	-0.25
Srf	Pex11b	-0.25
Tbp	Pex11b	-0.25
Ctcf	Pfkfb1	-0.25
E2f6	Pfkfb1	-0.25
Egr1	Pfkfb1	-0.25
Elf1	Pfkfb1	-0.25
Elf2	Pfkfb1	-0.25
Elk4	Pfkfb1	-0.25
Etv6	Pfkfb1	-0.25
Gabpa	Pfkfb1	-0.25
Sp1	Pfkfb1	-0.25
Sp2	Pfkfb1	-0.25
Sp3	Pfkfb1	-0.25
Sp4	Pfkfb1	-0.25
Usf1	Pfkfb1	-0.25
Usf2	Pfkfb1	-0.25
Zfp148	Pfkfb1	-0.25
Ctcf	Pgp	-0.25
E2f4	Pgp	-0.25
E2f6	Pgp	-0.25
Egr1	Pgp	-0.25
Elf1	Pgp	-0.25
Fos	Pgp	-0.25
Irf1	Pgp	-0.25
Irf3	Pgp	-0.25
Klf4	Pgp	-0.25
Klf7	Pgp	-0.25
Nfya	Pgp	-0.25
Nfyb	Pgp	-0.25
Nrf1	Pgp	-0.25
Pbx3	Pgp	-0.25
Sp1	Pgp	-0.25
Sp2	Pgp	-0.25
Sp3	Pgp	-0.25
Sp4	Pgp	-0.25
Taf1	Pgp	-0.25
Tbp	Pgp	-0.25
Usf2	Pgp	-0.25
Zbtb7b	Pgp	-0.25
Zfp143	Pgp	-0.25
Atf3	Pgpep1	-0.25
Ctcf	Pgpep1	-0.25
E2f4	Pgpep1	-0.25
Egr1	Pgpep1	-0.25
Elf1	Pgpep1	-0.25
Gabpa	Pgpep1	-0.25
Irf1	Pgpep1	-0.25
Irf3	Pgpep1	-0.25
Klf4	Pgpep1	-0.25
Klf7	Pgpep1	-0.25
Nrf1	Pgpep1	-0.25
Sp1	Pgpep1	-0.25
Sp2	Pgpep1	-0.25
Sp3	Pgpep1	-0.25
Sp4	Pgpep1	-0.25
Tbp	Pgpep1	-0.25
Usf1	Pgpep1	-0.25
Zfp148	Pgpep1	-0.25
Atf3	Phf23	-0.25
Bhlhe40	Phf23	-0.25
Ctcf	Phf23	-0.25
E2f4	Phf23	-0.25
E2f6	Phf23	-0.25
Egr1	Phf23	-0.25
Elf1	Phf23	-0.25
Elf2	Phf23	-0.25
Elk1	Phf23	-0.25
Elk3	Phf23	-0.25
Elk4	Phf23	-0.25
Gabpa	Phf23	-0.25
Irf1	Phf23	-0.25
Klf4	Phf23	-0.25
Klf7	Phf23	-0.25
Mitf	Phf23	-0.25
Nrf1	Phf23	-0.25
Smarcc2	Phf23	-0.25
Sp1	Phf23	-0.25
Sp2	Phf23	-0.25
Sp3	Phf23	-0.25
Sp4	Phf23	-0.25
Srf	Phf23	-0.25
Taf1	Phf23	-0.25
Tbp	Phf23	-0.25
Tfeb	Phf23	-0.25
Usf1	Phf23	-0.25
Usf2	Phf23	-0.25
Zbtb7b	Phf23	-0.25
Zfp143	Phf23	-0.25
Zfp148	Phf23	-0.25
Zfp523	Phf23	-0.25
Ctcf	Pik3r6	-0.25
Egr1	Pik3r6	-0.25
Elf1	Pik3r6	-0.25
Elf2	Pik3r6	-0.25
Elk1	Pik3r6	-0.25
Gabpa	Pik3r6	-0.25
Irf1	Pik3r6	-0.25
Nfe2l2	Pik3r6	-0.25
Nfya	Pik3r6	-0.25
Smarcc2	Pik3r6	-0.25
Sp1	Pik3r6	-0.25
Sp2	Pik3r6	-0.25
Sp3	Pik3r6	-0.25
Srf	Pik3r6	-0.25
Taf1	Pik3r6	-0.25
Zbtb7b	Pik3r6	-0.25
Zfp148	Pik3r6	-0.25
Atf3	Pkib	0.25
Hmbox1	Pkib	0.25
Ctcf	Plau	-0.25
Egr1	Plau	-0.25
Elf1	Plau	-0.25
Elk1	Plau	-0.25
Fos	Plau	-0.25
Irf1	Plau	-0.25
Klf4	Plau	-0.25
Klf7	Plau	-0.25
Nfe2l2	Plau	-0.25
Nfyb	Plau	-0.25
Pbx3	Plau	-0.25
Sp1	Plau	-0.25
Srf	Plau	-0.25
Tbp	Plau	-0.25
Atf3	Plcb3	-0.25
Ctcf	Plcb3	-0.25
E2f4	Plcb3	-0.25
Egr1	Plcb3	-0.25
Elf1	Plcb3	-0.25
Elk1	Plcb3	-0.25
Elk3	Plcb3	-0.25
Elk4	Plcb3	-0.25
Fos	Plcb3	-0.25
Gabpa	Plcb3	-0.25
Irf1	Plcb3	-0.25
Irf3	Plcb3	-0.25
Klf4	Plcb3	-0.25
Klf7	Plcb3	-0.25
Nfe2l2	Plcb3	-0.25
Nrf1	Plcb3	-0.25
Pbx3	Plcb3	-0.25
Smarcc2	Plcb3	-0.25
Sp1	Plcb3	-0.25
Sp2	Plcb3	-0.25
Sp3	Plcb3	-0.25
Sp4	Plcb3	-0.25
Srf	Plcb3	-0.25
Taf1	Plcb3	-0.25
Tbp	Plcb3	-0.25
Zbtb7b	Plcb3	-0.25
Zfp143	Plcb3	-0.25
Zfp148	Plcb3	-0.25
Atf3	Plce1	0.25
Zbtb7b	Plce1	0.25
E2f6	Polm	-0.25
Egr1	Polm	-0.25
Elf1	Polm	-0.25
Irf1	Polm	-0.25
Klf4	Polm	-0.25
Klf7	Polm	-0.25
Sp1	Polm	-0.25
Sp2	Polm	-0.25
Sp4	Polm	-0.25
Taf1	Polm	-0.25
Atf3	Polr2g	-0.25
Bhlhe40	Polr2g	-0.25
E2f4	Polr2g	-0.25
Egr1	Polr2g	-0.25
Elf1	Polr2g	-0.25
Elk3	Polr2g	-0.25
Fos	Polr2g	-0.25
Gabpa	Polr2g	-0.25
Irf1	Polr2g	-0.25
Irf3	Polr2g	-0.25
Klf4	Polr2g	-0.25
Klf7	Polr2g	-0.25
Mitf	Polr2g	-0.25
Nfya	Polr2g	-0.25
Nrf1	Polr2g	-0.25
Pbx3	Polr2g	-0.25
Sp1	Polr2g	-0.25
Sp2	Polr2g	-0.25
Sp3	Polr2g	-0.25
Sp4	Polr2g	-0.25
Srf	Polr2g	-0.25
Tbp	Polr2g	-0.25
Tfeb	Polr2g	-0.25
Usf1	Polr2g	-0.25
Usf2	Polr2g	-0.25
Zfp148	Polr2g	-0.25
Atf3	Polrmt	-0.25
Ctcf	Polrmt	-0.25
E2f4	Polrmt	-0.25
E2f6	Polrmt	-0.25
Egr1	Polrmt	-0.25
Elf1	Polrmt	-0.25
Elk4	Polrmt	-0.25
Gabpa	Polrmt	-0.25
Irf1	Polrmt	-0.25
Klf4	Polrmt	-0.25
Klf7	Polrmt	-0.25
Nrf1	Polrmt	-0.25
Smarcc2	Polrmt	-0.25
Sp1	Polrmt	-0.25
Sp2	Polrmt	-0.25
Sp3	Polrmt	-0.25
Sp4	Polrmt	-0.25
Srf	Polrmt	-0.25
Taf1	Polrmt	-0.25
Tbp	Polrmt	-0.25
Zfp143	Polrmt	-0.25
Zfp148	Polrmt	-0.25
Ctcf	Postn	-0.25
Egr1	Postn	-0.25
Fos	Postn	-0.25
Srf	Postn	-0.25
Egr1	Ppap2b	-0.25
Elf1	Ppap2b	-0.25
Elf2	Ppap2b	-0.25
Elk3	Ppap2b	-0.25
Elk4	Ppap2b	-0.25
Gabpa	Ppap2b	-0.25
Irf1	Ppap2b	-0.25
Zbtb7b	Ppp2r5b	0.25
Ctcf	Ppt2	-0.25
Egr1	Ppt2	-0.25
Gabpa	Ppt2	-0.25
Irf1	Ppt2	-0.25
Irf3	Ppt2	-0.25
Sp1	Ppt2	-0.25
Sp2	Ppt2	-0.25
Sp4	Ppt2	-0.25
Taf1	Ppt2	-0.25
Zfp143	Ppt2	-0.25
Zfp148	Ppt2	-0.25
Ctcf	Pqlc2	-0.25
E2f6	Pqlc2	-0.25
Egr1	Pqlc2	-0.25
Fos	Pqlc2	-0.25
Irf1	Pqlc2	-0.25
Nrf1	Pqlc2	-0.25
Smarcc2	Pqlc2	-0.25
Sp1	Pqlc2	-0.25
Sp2	Pqlc2	-0.25
Sp3	Pqlc2	-0.25
Sp4	Pqlc2	-0.25
Taf1	Pqlc2	-0.25
Atf3	Prc1	-0.25
E2f4	Prc1	-0.25
E2f6	Prc1	-0.25
Egr1	Prc1	-0.25
Fos	Prc1	-0.25
Irf1	Prc1	-0.25
Klf4	Prc1	-0.25
Klf7	Prc1	-0.25
Nfya	Prc1	-0.25
Nfyb	Prc1	-0.25
Nrf1	Prc1	-0.25
Pbx3	Prc1	-0.25
Sp1	Prc1	-0.25
Sp2	Prc1	-0.25
Sp3	Prc1	-0.25
Sp4	Prc1	-0.25
Srf	Prc1	-0.25
Taf1	Prc1	-0.25
Tbp	Prc1	-0.25
Zbtb7b	Prc1	-0.25
Atf3	Prdm1	0.25
Hmbox1	Prdm1	0.25
Zbtb7b	Prdm1	0.25
Atf3	Prdm15	-0.25
E2f4	Prdm15	-0.25
Egr1	Prdm15	-0.25
Elf1	Prdm15	-0.25
Elk3	Prdm15	-0.25
Elk4	Prdm15	-0.25
Etv6	Prdm15	-0.25
Fos	Prdm15	-0.25
Gabpa	Prdm15	-0.25
Nrf1	Prdm15	-0.25
Smarcc2	Prdm15	-0.25
Sp1	Prdm15	-0.25
Sp2	Prdm15	-0.25
Sp3	Prdm15	-0.25
Sp4	Prdm15	-0.25
Taf1	Prdm15	-0.25
Zbtb7b	Prdm15	-0.25
Zfp143	Prdm15	-0.25
Zfp523	Prdm15	-0.25
E2f4	Prmt2	-0.25
Irf1	Prmt2	-0.25
Klf4	Prmt2	-0.25
Klf7	Prmt2	-0.25
Nrf1	Prmt2	-0.25
Sp1	Prmt2	-0.25
Sp3	Prmt2	-0.25
Sp4	Prmt2	-0.25
Tbp	Prmt2	-0.25
Ctcf	Prmt7	-0.25
E2f4	Prmt7	-0.25
Elf1	Prmt7	-0.25
Elk1	Prmt7	-0.25
Etv6	Prmt7	-0.25
Gabpa	Prmt7	-0.25
Klf4	Prmt7	-0.25
Nrf1	Prmt7	-0.25
Sp1	Prmt7	-0.25
Sp4	Prmt7	-0.25
Taf1	Prmt7	-0.25
Zbtb7b	Prmt7	-0.25
Zfp143	Prmt7	-0.25
Ctcf	Prpsap2	-0.25
Elf1	Prpsap2	-0.25
Irf1	Prpsap2	-0.25
Klf4	Prpsap2	-0.25
Klf7	Prpsap2	-0.25
Pbx3	Prpsap2	-0.25
Sp1	Prpsap2	-0.25
Sp2	Prpsap2	-0.25
Sp3	Prpsap2	-0.25
Sp4	Prpsap2	-0.25
Srf	Prpsap2	-0.25
Taf1	Prpsap2	-0.25
Tbp	Prpsap2	-0.25
Zfp143	Prpsap2	-0.25
Hmbox1	Ptgr1	0.25
Atf3	Ptpn7	-0.25
Ctcf	Ptpn7	-0.25
E2f4	Ptpn7	-0.25
Egr1	Ptpn7	-0.25
Elf1	Ptpn7	-0.25
Etv6	Ptpn7	-0.25
Gabpa	Ptpn7	-0.25
Klf4	Ptpn7	-0.25
Nrf1	Ptpn7	-0.25
Sp1	Ptpn7	-0.25
Sp2	Ptpn7	-0.25
Sp3	Ptpn7	-0.25
Sp4	Ptpn7	-0.25
Srf	Ptpn7	-0.25
Taf1	Ptpn7	-0.25
Tbp	Ptpn7	-0.25
Zbtb7b	Ptpn7	-0.25
Zfp143	Ptpn7	-0.25
Zfp148	Ptpn7	-0.25
Atf3	Purg	0.25
Hmbox1	Purg	0.25
Zbtb7b	Purg	0.25
Atf3	Pygo2	-0.25
E2f4	Pygo2	-0.25
E2f6	Pygo2	-0.25
Egr1	Pygo2	-0.25
Elf1	Pygo2	-0.25
Elf2	Pygo2	-0.25
Etv6	Pygo2	-0.25
Fos	Pygo2	-0.25
Gabpa	Pygo2	-0.25
Irf1	Pygo2	-0.25
Mitf	Pygo2	-0.25
Nfe2l2	Pygo2	-0.25
Sp1	Pygo2	-0.25
Sp2	Pygo2	-0.25
Sp3	Pygo2	-0.25
Sp4	Pygo2	-0.25
Srf	Pygo2	-0.25
Taf1	Pygo2	-0.25
Tbp	Pygo2	-0.25
Tfeb	Pygo2	-0.25
Usf1	Pygo2	-0.25
Usf2	Pygo2	-0.25
Zbtb7b	Pygo2	-0.25
Zfp143	Pygo2	-0.25
Zfp148	Pygo2	-0.25
Atf3	Pyroxd2	0.25
Atf3	R74862	0.25
Atf3	Rab11fip5	-0.25
Ctcf	Rab11fip5	-0.25
E2f4	Rab11fip5	-0.25
Egr1	Rab11fip5	-0.25
Elf1	Rab11fip5	-0.25
Elf2	Rab11fip5	-0.25
Elk4	Rab11fip5	-0.25
Fos	Rab11fip5	-0.25
Gabpa	Rab11fip5	-0.25
Irf1	Rab11fip5	-0.25
Irf3	Rab11fip5	-0.25
Klf4	Rab11fip5	-0.25
Klf7	Rab11fip5	-0.25
Nfya	Rab11fip5	-0.25
Nrf1	Rab11fip5	-0.25
Pbx3	Rab11fip5	-0.25
Smarcc2	Rab11fip5	-0.25
Sp1	Rab11fip5	-0.25
Sp2	Rab11fip5	-0.25
Sp3	Rab11fip5	-0.25
Sp4	Rab11fip5	-0.25
Srf	Rab11fip5	-0.25
Tbp	Rab11fip5	-0.25
Zbtb7b	Rab11fip5	-0.25
Zfp143	Rab11fip5	-0.25
Zfp148	Rab11fip5	-0.25
Zfp523	Rab11fip5	-0.25
Egr1	Rab30	-0.25
Elf1	Rab30	-0.25
Elk1	Rab30	-0.25
Fos	Rab30	-0.25
Irf1	Rab30	-0.25
Irf3	Rab30	-0.25
Smarcc2	Rab30	-0.25
Taf1	Rab30	-0.25
Zfp143	Rab30	-0.25
Zfp148	Rab30	-0.25
Zfp523	Rab30	-0.25
Atf3	Rab40c	-0.25
Ctcf	Rab40c	-0.25
E2f4	Rab40c	-0.25
E2f6	Rab40c	-0.25
Egr1	Rab40c	-0.25
Elf2	Rab40c	-0.25
Gabpa	Rab40c	-0.25
Irf1	Rab40c	-0.25
Klf4	Rab40c	-0.25
Klf7	Rab40c	-0.25
Nfya	Rab40c	-0.25
Nrf1	Rab40c	-0.25
Pbx3	Rab40c	-0.25
Smarcc2	Rab40c	-0.25
Sp1	Rab40c	-0.25
Sp2	Rab40c	-0.25
Sp3	Rab40c	-0.25
Sp4	Rab40c	-0.25
Srf	Rab40c	-0.25
Tbp	Rab40c	-0.25
Zbtb7b	Rab40c	-0.25
Zfp143	Rab40c	-0.25
Zfp148	Rab40c	-0.25
Atf3	Rab5a	0.25
Atf3	Rab6b	0.25
Zbtb7b	Rab6b	0.25
Ctcf	Rad9b	-0.25
Egr1	Rad9b	-0.25
Elf1	Rad9b	-0.25
Elf2	Rad9b	-0.25
Etv6	Rad9b	-0.25
Fos	Rad9b	-0.25
Irf1	Rad9b	-0.25
Klf4	Rad9b	-0.25
Klf7	Rad9b	-0.25
Nrf1	Rad9b	-0.25
Sp1	Rad9b	-0.25
Sp2	Rad9b	-0.25
Sp3	Rad9b	-0.25
Sp4	Rad9b	-0.25
Srf	Rad9b	-0.25
Taf1	Rad9b	-0.25
Tbp	Rad9b	-0.25
Usf1	Rad9b	-0.25
Usf2	Rad9b	-0.25
Zfp143	Rad9b	-0.25
Atf3	Rbbp9	-0.25
Ctcf	Rbbp9	-0.25
E2f4	Rbbp9	-0.25
Egr1	Rbbp9	-0.25
Fos	Rbbp9	-0.25
Irf1	Rbbp9	-0.25
Irf3	Rbbp9	-0.25
Nfya	Rbbp9	-0.25
Nfyb	Rbbp9	-0.25
Pbx3	Rbbp9	-0.25
Smarcc2	Rbbp9	-0.25
Sp1	Rbbp9	-0.25
Sp2	Rbbp9	-0.25
Sp3	Rbbp9	-0.25
Tbp	Rbbp9	-0.25
Zfp143	Rbbp9	-0.25
Atf3	Rbm34	0.25
Zbtb7b	Rbm34	0.25
Ctcf	Rbm43	-0.25
E2f4	Rbm43	-0.25
Egr1	Rbm43	-0.25
Elf1	Rbm43	-0.25
Elk4	Rbm43	-0.25
Etv6	Rbm43	-0.25
Gabpa	Rbm43	-0.25
Irf1	Rbm43	-0.25
Irf3	Rbm43	-0.25
Zfp148	Rbm43	-0.25
Atf3	Relt	-0.25
Ctcf	Relt	-0.25
E2f4	Relt	-0.25
Egr1	Relt	-0.25
Elf1	Relt	-0.25
Elf2	Relt	-0.25
Elk3	Relt	-0.25
Fos	Relt	-0.25
Gabpa	Relt	-0.25
Irf1	Relt	-0.25
Klf4	Relt	-0.25
Klf7	Relt	-0.25
Nrf1	Relt	-0.25
Sp1	Relt	-0.25
Sp2	Relt	-0.25
Sp3	Relt	-0.25
Sp4	Relt	-0.25
Tbp	Relt	-0.25
Zbtb7b	Relt	-0.25
Zfp148	Relt	-0.25
Atf3	Repin1	-0.25
E2f4	Repin1	-0.25
Egr1	Repin1	-0.25
Fos	Repin1	-0.25
Gabpa	Repin1	-0.25
Irf1	Repin1	-0.25
Irf3	Repin1	-0.25
Klf4	Repin1	-0.25
Klf7	Repin1	-0.25
Mitf	Repin1	-0.25
Nfya	Repin1	-0.25
Nrf1	Repin1	-0.25
Pbx3	Repin1	-0.25
Sp1	Repin1	-0.25
Sp2	Repin1	-0.25
Sp3	Repin1	-0.25
Sp4	Repin1	-0.25
Tbp	Repin1	-0.25
Tfeb	Repin1	-0.25
Usf1	Repin1	-0.25
Usf2	Repin1	-0.25
Zbtb7b	Repin1	-0.25
Zfp143	Repin1	-0.25
Zfp148	Repin1	-0.25
Ctcf	Rgl2	-0.25
E2f4	Rgl2	-0.25
E2f6	Rgl2	-0.25
Egr1	Rgl2	-0.25
Elf1	Rgl2	-0.25
Elf2	Rgl2	-0.25
Elk1	Rgl2	-0.25
Elk3	Rgl2	-0.25
Elk4	Rgl2	-0.25
Etv6	Rgl2	-0.25
Fos	Rgl2	-0.25
Gabpa	Rgl2	-0.25
Nfe2l2	Rgl2	-0.25
Nfya	Rgl2	-0.25
Nrf1	Rgl2	-0.25
Pbx3	Rgl2	-0.25
Smarcc2	Rgl2	-0.25
Sp1	Rgl2	-0.25
Sp2	Rgl2	-0.25
Sp3	Rgl2	-0.25
Sp4	Rgl2	-0.25
Srf	Rgl2	-0.25
Taf1	Rgl2	-0.25
Zbtb7b	Rgl2	-0.25
Zfp143	Rgl2	-0.25
Zfp148	Rgl2	-0.25
Hmbox1	Rgs1	0.25
Zbtb7b	Rgs1	0.25
E2f4	Rgs14	-0.25
Egr1	Rgs14	-0.25
Elf1	Rgs14	-0.25
Elk1	Rgs14	-0.25
Elk4	Rgs14	-0.25
Etv6	Rgs14	-0.25
Gabpa	Rgs14	-0.25
Irf3	Rgs14	-0.25
Pbx3	Rgs14	-0.25
Smarcc2	Rgs14	-0.25
Taf1	Rgs14	-0.25
Zfp143	Rgs14	-0.25
Zfp523	Rgs14	-0.25
Zbtb7b	Rgs9	0.25
Atf3	Rhbdf1	-0.25
Ctcf	Rhbdf1	-0.25
E2f6	Rhbdf1	-0.25
Egr1	Rhbdf1	-0.25
Elf1	Rhbdf1	-0.25
Elf2	Rhbdf1	-0.25
Elk1	Rhbdf1	-0.25
Elk3	Rhbdf1	-0.25
Elk4	Rhbdf1	-0.25
Gabpa	Rhbdf1	-0.25
Irf1	Rhbdf1	-0.25
Irf3	Rhbdf1	-0.25
Klf4	Rhbdf1	-0.25
Klf7	Rhbdf1	-0.25
Nfe2l2	Rhbdf1	-0.25
Nfya	Rhbdf1	-0.25
Nrf1	Rhbdf1	-0.25
Pbx3	Rhbdf1	-0.25
Sp1	Rhbdf1	-0.25
Sp2	Rhbdf1	-0.25
Sp3	Rhbdf1	-0.25
Sp4	Rhbdf1	-0.25
Srf	Rhbdf1	-0.25
Tbp	Rhbdf1	-0.25
Zbtb7b	Rhbdf1	-0.25
Zfp148	Rhbdf1	-0.25
Atf3	Rhob	-0.25
Ctcf	Rhob	-0.25
Fos	Rhob	-0.25
Nfya	Rhob	-0.25
Pbx3	Rhob	-0.25
Sp1	Rhob	-0.25
Sp2	Rhob	-0.25
Sp3	Rhob	-0.25
Tbp	Rhob	-0.25
Zbtb7b	Rhob	-0.25
Zfp143	Rhob	-0.25
Zfp148	Rhob	-0.25
Zbtb7b	Rhobtb1	0.25
Ctcf	Rmnd5b	-0.25
E2f6	Rmnd5b	-0.25
Egr1	Rmnd5b	-0.25
Elf1	Rmnd5b	-0.25
Elf2	Rmnd5b	-0.25
Elk1	Rmnd5b	-0.25
Elk3	Rmnd5b	-0.25
Elk4	Rmnd5b	-0.25
Etv6	Rmnd5b	-0.25
Gabpa	Rmnd5b	-0.25
Irf1	Rmnd5b	-0.25
Klf4	Rmnd5b	-0.25
Nfe2l2	Rmnd5b	-0.25
Nrf1	Rmnd5b	-0.25
Smarcc2	Rmnd5b	-0.25
Sp1	Rmnd5b	-0.25
Sp2	Rmnd5b	-0.25
Sp3	Rmnd5b	-0.25
Sp4	Rmnd5b	-0.25
Taf1	Rmnd5b	-0.25
Zbtb7b	Rmnd5b	-0.25
Zfp143	Rmnd5b	-0.25
Zfp523	Rmnd5b	-0.25
Ctcf	Rnf135	-0.25
Egr1	Rnf135	-0.25
Elf1	Rnf135	-0.25
Elf2	Rnf135	-0.25
Gabpa	Rnf135	-0.25
Irf1	Rnf135	-0.25
Klf4	Rnf135	-0.25
Klf7	Rnf135	-0.25
Nfe2l2	Rnf135	-0.25
Nrf1	Rnf135	-0.25
Pbx3	Rnf135	-0.25
Sp1	Rnf135	-0.25
Sp2	Rnf135	-0.25
Sp3	Rnf135	-0.25
Sp4	Rnf135	-0.25
Srf	Rnf135	-0.25
Taf1	Rnf135	-0.25
Tbp	Rnf135	-0.25
Zfp143	Rnf135	-0.25
Ctcf	Rnf144b	-0.25
Egr1	Rnf144b	-0.25
Elk1	Rnf144b	-0.25
Irf1	Rnf144b	-0.25
Irf3	Rnf144b	-0.25
Sp1	Rnf144b	-0.25
Taf1	Rnf144b	-0.25
Ctcf	Rnf214	-0.25
E2f4	Rnf214	-0.25
Egr1	Rnf214	-0.25
Elf1	Rnf214	-0.25
Elk1	Rnf214	-0.25
Elk3	Rnf214	-0.25
Elk4	Rnf214	-0.25
Etv6	Rnf214	-0.25
Fos	Rnf214	-0.25
Gabpa	Rnf214	-0.25
Irf3	Rnf214	-0.25
Klf7	Rnf214	-0.25
Nfya	Rnf214	-0.25
Nfyb	Rnf214	-0.25
Pbx3	Rnf214	-0.25
Sp1	Rnf214	-0.25
Sp2	Rnf214	-0.25
Sp3	Rnf214	-0.25
Sp4	Rnf214	-0.25
Srf	Rnf214	-0.25
Zbtb7b	Rnf214	-0.25
Zfp148	Rnf214	-0.25
Egr1	Rpap1	-0.25
Elf1	Rpap1	-0.25
Etv6	Rpap1	-0.25
Gabpa	Rpap1	-0.25
Taf1	Rpap1	-0.25
E2f6	Rpgrip1l	-0.25
Egr1	Rpgrip1l	-0.25
Smarcc2	Rpgrip1l	-0.25
Sp1	Rpgrip1l	-0.25
Sp2	Rpgrip1l	-0.25
Sp3	Rpgrip1l	-0.25
Zfp143	Rpgrip1l	-0.25
Zfp523	Rpgrip1l	-0.25
Atf3	Rps19bp1	-0.25
Bhlhe40	Rps19bp1	-0.25
Ctcf	Rps19bp1	-0.25
E2f4	Rps19bp1	-0.25
Egr1	Rps19bp1	-0.25
Elf1	Rps19bp1	-0.25
Elk4	Rps19bp1	-0.25
Etv6	Rps19bp1	-0.25
Fos	Rps19bp1	-0.25
Gabpa	Rps19bp1	-0.25
Irf1	Rps19bp1	-0.25
Klf4	Rps19bp1	-0.25
Klf7	Rps19bp1	-0.25
Mitf	Rps19bp1	-0.25
Nfya	Rps19bp1	-0.25
Nfyb	Rps19bp1	-0.25
Nrf1	Rps19bp1	-0.25
Pbx3	Rps19bp1	-0.25
Sp1	Rps19bp1	-0.25
Sp2	Rps19bp1	-0.25
Sp3	Rps19bp1	-0.25
Sp4	Rps19bp1	-0.25
Srf	Rps19bp1	-0.25
Taf1	Rps19bp1	-0.25
Tbp	Rps19bp1	-0.25
Tfeb	Rps19bp1	-0.25
Usf1	Rps19bp1	-0.25
Usf2	Rps19bp1	-0.25
Zbtb7b	Rps19bp1	-0.25
Zfp143	Rps19bp1	-0.25
Zfp148	Rps19bp1	-0.25
Bhlhe40	Rreb1	-0.25
Ctcf	Rreb1	-0.25
E2f4	Rreb1	-0.25
Egr1	Rreb1	-0.25
Elf1	Rreb1	-0.25
Elf2	Rreb1	-0.25
Fos	Rreb1	-0.25
Irf1	Rreb1	-0.25
Irf3	Rreb1	-0.25
Klf4	Rreb1	-0.25
Nfya	Rreb1	-0.25
Nfyb	Rreb1	-0.25
Pbx3	Rreb1	-0.25
Sp1	Rreb1	-0.25
Sp2	Rreb1	-0.25
Sp3	Rreb1	-0.25
Sp4	Rreb1	-0.25
Srf	Rreb1	-0.25
Taf1	Rreb1	-0.25
Tbp	Rreb1	-0.25
Usf2	Rreb1	-0.25
Zbtb7b	Rreb1	-0.25
Zfp143	Rreb1	-0.25
Ctcf	Rrp9	-0.25
Egr1	Rrp9	-0.25
Elf1	Rrp9	-0.25
Fos	Rrp9	-0.25
Irf1	Rrp9	-0.25
Klf4	Rrp9	-0.25
Klf7	Rrp9	-0.25
Pbx3	Rrp9	-0.25
Sp1	Rrp9	-0.25
Sp2	Rrp9	-0.25
Sp3	Rrp9	-0.25
Sp4	Rrp9	-0.25
Taf1	Rrp9	-0.25
Tbp	Rrp9	-0.25
Zbtb7b	Rrp9	-0.25
Zbtb7b	Rusc2	0.25
Atf3	S1pr2	-0.25
Egr1	S1pr2	-0.25
Elf1	S1pr2	-0.25
Elk1	S1pr2	-0.25
Irf1	S1pr2	-0.25
Klf4	S1pr2	-0.25
Klf7	S1pr2	-0.25
Sp1	S1pr2	-0.25
Sp2	S1pr2	-0.25
Sp3	S1pr2	-0.25
Sp4	S1pr2	-0.25
Srf	S1pr2	-0.25
Tbp	S1pr2	-0.25
Usf2	S1pr2	-0.25
Zbtb7b	S1pr2	-0.25
Zfp143	S1pr2	-0.25
Zfp148	S1pr2	-0.25
Atf3	Sash3	-0.25
Ctcf	Sash3	-0.25
Elf1	Sash3	-0.25
Mitf	Sash3	-0.25
Pbx3	Sash3	-0.25
Sp1	Sash3	-0.25
Tfeb	Sash3	-0.25
Usf1	Sash3	-0.25
Usf2	Sash3	-0.25
Ctcf	Scnm1	-0.25
Elf1	Scnm1	-0.25
Elf2	Scnm1	-0.25
Elk1	Scnm1	-0.25
Elk3	Scnm1	-0.25
Elk4	Scnm1	-0.25
Etv6	Scnm1	-0.25
Gabpa	Scnm1	-0.25
Irf1	Scnm1	-0.25
Irf3	Scnm1	-0.25
Klf4	Scnm1	-0.25
Nfe2l2	Scnm1	-0.25
Pbx3	Scnm1	-0.25
Sp1	Scnm1	-0.25
Sp2	Scnm1	-0.25
Sp3	Scnm1	-0.25
Sp4	Scnm1	-0.25
Taf1	Scnm1	-0.25
Tbp	Scnm1	-0.25
Zfp148	Scnm1	-0.25
Atf3	Scyl1	-0.25
Egr1	Scyl1	-0.25
Fos	Scyl1	-0.25
Irf1	Scyl1	-0.25
Klf4	Scyl1	-0.25
Klf7	Scyl1	-0.25
Mitf	Scyl1	-0.25
Nfe2l2	Scyl1	-0.25
Nrf1	Scyl1	-0.25
Sp1	Scyl1	-0.25
Sp2	Scyl1	-0.25
Sp3	Scyl1	-0.25
Sp4	Scyl1	-0.25
Tbp	Scyl1	-0.25
Tfeb	Scyl1	-0.25
Usf1	Scyl1	-0.25
Usf2	Scyl1	-0.25
Zbtb7b	Scyl1	-0.25
Zfp148	Scyl1	-0.25
Atf3	Sdc4	0.25
Zbtb7b	Sdc4	0.25
Atf3	Sema4c	0.25
Ctcf	Sephs2	-0.25
Egr1	Sephs2	-0.25
Elf1	Sephs2	-0.25
Gabpa	Sephs2	-0.25
Pbx3	Sephs2	-0.25
Sp2	Sephs2	-0.25
Sp4	Sephs2	-0.25
Taf1	Sephs2	-0.25
Ctcf	Serpina3n	-0.25
Fos	Serpina3n	-0.25
Klf4	Serpina3n	-0.25
Nfe2l2	Serpina3n	-0.25
Sp1	Serpina3n	-0.25
Sp2	Serpina3n	-0.25
Sp3	Serpina3n	-0.25
Zfp148	Serpina3n	-0.25
Egr1	Serpinf1	-0.25
Elf1	Serpinf1	-0.25
Etv6	Serpinf1	-0.25
Irf1	Serpinf1	-0.25
Taf1	Serpinf1	-0.25
Ctcf	Serping1	-0.25
Atf3	Sh2d3c	-0.25
Ctcf	Sh2d3c	-0.25
E2f4	Sh2d3c	-0.25
E2f6	Sh2d3c	-0.25
Egr1	Sh2d3c	-0.25
Elf1	Sh2d3c	-0.25
Elk1	Sh2d3c	-0.25
Elk3	Sh2d3c	-0.25
Elk4	Sh2d3c	-0.25
Etv6	Sh2d3c	-0.25
Fos	Sh2d3c	-0.25
Gabpa	Sh2d3c	-0.25
Irf1	Sh2d3c	-0.25
Irf3	Sh2d3c	-0.25
Klf4	Sh2d3c	-0.25
Klf7	Sh2d3c	-0.25
Nfe2l2	Sh2d3c	-0.25
Nfya	Sh2d3c	-0.25
Nfyb	Sh2d3c	-0.25
Nrf1	Sh2d3c	-0.25
Pbx3	Sh2d3c	-0.25
Smarcc2	Sh2d3c	-0.25
Sp1	Sh2d3c	-0.25
Sp2	Sh2d3c	-0.25
Sp3	Sh2d3c	-0.25
Sp4	Sh2d3c	-0.25
Taf1	Sh2d3c	-0.25
Tbp	Sh2d3c	-0.25
Zbtb7b	Sh2d3c	-0.25
Zfp143	Sh2d3c	-0.25
Zfp148	Sh2d3c	-0.25
Atf3	Sipa1l2	0.25
Zbtb7b	Sipa1l2	0.25
Atf3	Skp2	-0.25
Ctcf	Skp2	-0.25
E2f4	Skp2	-0.25
Egr1	Skp2	-0.25
Elf1	Skp2	-0.25
Elk4	Skp2	-0.25
Etv6	Skp2	-0.25
Fos	Skp2	-0.25
Gabpa	Skp2	-0.25
Irf1	Skp2	-0.25
Nrf1	Skp2	-0.25
Smarcc2	Skp2	-0.25
Sp1	Skp2	-0.25
Sp2	Skp2	-0.25
Sp3	Skp2	-0.25
Sp4	Skp2	-0.25
Taf1	Skp2	-0.25
Tbp	Skp2	-0.25
Zbtb7b	Skp2	-0.25
Zfp143	Skp2	-0.25
Zfp148	Skp2	-0.25
Zfp523	Skp2	-0.25
Egr1	Slc25a14	-0.25
Elf1	Slc25a14	-0.25
Sp4	Slc25a14	-0.25
Atf3	Slc25a25	-0.25
Ctcf	Slc25a25	-0.25
E2f4	Slc25a25	-0.25
Egr1	Slc25a25	-0.25
Elf1	Slc25a25	-0.25
Elf2	Slc25a25	-0.25
Elk4	Slc25a25	-0.25
Fos	Slc25a25	-0.25
Gabpa	Slc25a25	-0.25
Irf1	Slc25a25	-0.25
Irf3	Slc25a25	-0.25
Klf4	Slc25a25	-0.25
Klf7	Slc25a25	-0.25
Nfya	Slc25a25	-0.25
Nrf1	Slc25a25	-0.25
Pbx3	Slc25a25	-0.25
Sp1	Slc25a25	-0.25
Sp2	Slc25a25	-0.25
Sp3	Slc25a25	-0.25
Sp4	Slc25a25	-0.25
Srf	Slc25a25	-0.25
Taf1	Slc25a25	-0.25
Tbp	Slc25a25	-0.25
Zbtb7b	Slc25a25	-0.25
Zfp143	Slc25a25	-0.25
Atf3	Slc28a2	-0.25
Ctcf	Slc28a2	-0.25
E2f4	Slc28a2	-0.25
E2f6	Slc28a2	-0.25
Egr1	Slc28a2	-0.25
Elf2	Slc28a2	-0.25
Fos	Slc28a2	-0.25
Gabpa	Slc28a2	-0.25
Irf1	Slc28a2	-0.25
Klf4	Slc28a2	-0.25
Klf7	Slc28a2	-0.25
Nfya	Slc28a2	-0.25
Nfyb	Slc28a2	-0.25
Nrf1	Slc28a2	-0.25
Pbx3	Slc28a2	-0.25
Sp1	Slc28a2	-0.25
Sp2	Slc28a2	-0.25
Sp3	Slc28a2	-0.25
Sp4	Slc28a2	-0.25
Srf	Slc28a2	-0.25
Tbp	Slc28a2	-0.25
Zfp143	Slc28a2	-0.25
Zfp523	Slc28a2	-0.25
Atf3	Slc30a4	0.25
Zbtb7b	Slc30a4	0.25
Ctcf	Slc38a7	-0.25
Egr1	Slc38a7	-0.25
Elf1	Slc38a7	-0.25
Elf2	Slc38a7	-0.25
Fos	Slc38a7	-0.25
Irf3	Slc38a7	-0.25
Mitf	Slc38a7	-0.25
Smarcc2	Slc38a7	-0.25
Taf1	Slc38a7	-0.25
Tfeb	Slc38a7	-0.25
Usf1	Slc38a7	-0.25
Usf2	Slc38a7	-0.25
Zfp143	Slc38a7	-0.25
Zfp523	Slc38a7	-0.25
Atf3	Slc39a14	0.25
Zbtb7b	Slc39a14	0.25
Irf1	Slc39a3	-0.25
Klf4	Slc39a3	-0.25
Klf7	Slc39a3	-0.25
Pbx3	Slc39a3	-0.25
Sp1	Slc39a3	-0.25
Sp2	Slc39a3	-0.25
Sp3	Slc39a3	-0.25
Sp4	Slc39a3	-0.25
Srf	Slc39a3	-0.25
Tbp	Slc39a3	-0.25
Atf3	Slc9a5	-0.25
Ctcf	Slc9a5	-0.25
E2f4	Slc9a5	-0.25
E2f6	Slc9a5	-0.25
Egr1	Slc9a5	-0.25
Elf1	Slc9a5	-0.25
Fos	Slc9a5	-0.25
Irf1	Slc9a5	-0.25
Klf4	Slc9a5	-0.25
Klf7	Slc9a5	-0.25
Nfe2l2	Slc9a5	-0.25
Nrf1	Slc9a5	-0.25
Pbx3	Slc9a5	-0.25
Sp1	Slc9a5	-0.25
Sp2	Slc9a5	-0.25
Sp3	Slc9a5	-0.25
Sp4	Slc9a5	-0.25
Srf	Slc9a5	-0.25
Taf1	Slc9a5	-0.25
Tbp	Slc9a5	-0.25
Zfp148	Slc9a5	-0.25
Atf3	Slco5a1	-0.25
Ctcf	Slco5a1	-0.25
E2f6	Slco5a1	-0.25
Egr1	Slco5a1	-0.25
Elf1	Slco5a1	-0.25
Fos	Slco5a1	-0.25
Gabpa	Slco5a1	-0.25
Irf1	Slco5a1	-0.25
Klf4	Slco5a1	-0.25
Klf7	Slco5a1	-0.25
Nfe2l2	Slco5a1	-0.25
Nrf1	Slco5a1	-0.25
Sp1	Slco5a1	-0.25
Sp2	Slco5a1	-0.25
Sp3	Slco5a1	-0.25
Sp4	Slco5a1	-0.25
Taf1	Slco5a1	-0.25
Tbp	Slco5a1	-0.25
Zbtb7b	Slco5a1	-0.25
Zfp143	Slco5a1	-0.25
Zfp148	Slco5a1	-0.25
Ctcf	Slit3	-0.25
Egr1	Slit3	-0.25
Elf1	Slit3	-0.25
Elf2	Slit3	-0.25
Taf1	Slit3	-0.25
Usf1	Slit3	-0.25
Atf3	Smagp	0.25
Hmbox1	Smagp	0.25
Zbtb7b	Smagp	0.25
Ctcf	Snupn	-0.25
Egr1	Snupn	-0.25
Elf1	Snupn	-0.25
Elf2	Snupn	-0.25
Elk1	Snupn	-0.25
Elk3	Snupn	-0.25
Elk4	Snupn	-0.25
Etv6	Snupn	-0.25
Gabpa	Snupn	-0.25
Irf1	Snupn	-0.25
Taf1	Snupn	-0.25
Zfp143	Snupn	-0.25
Ctcf	Sparc	-0.25
Irf1	Sparc	-0.25
Atf3	Spata13	0.25
Zbtb7b	Spata13	0.25
Atf3	Spred1	0.25
Zbtb7b	Spred1	0.25
Atf3	Spsb3	0.25
Atf3	Stat4	0.25
Zbtb7b	Stat4	0.25
Atf3	Stox2	-0.25
E2f4	Stox2	-0.25
Egr1	Stox2	-0.25
Irf1	Stox2	-0.25
Irf3	Stox2	-0.25
Nrf1	Stox2	-0.25
Sp1	Stox2	-0.25
Sp2	Stox2	-0.25
Sp3	Stox2	-0.25
Sp4	Stox2	-0.25
Zfp148	Stox2	-0.25
Atf3	Stx12	0.25
Zbtb7b	Stx12	0.25
Atf3	Stx2	-0.25
Ctcf	Stx2	-0.25
E2f4	Stx2	-0.25
Egr1	Stx2	-0.25
Elf1	Stx2	-0.25
Elf2	Stx2	-0.25
Irf1	Stx2	-0.25
Klf4	Stx2	-0.25
Klf7	Stx2	-0.25
Nrf1	Stx2	-0.25
Sp1	Stx2	-0.25
Sp2	Stx2	-0.25
Sp3	Stx2	-0.25
Sp4	Stx2	-0.25
Srf	Stx2	-0.25
Tbp	Stx2	-0.25
Zbtb7b	Stx2	-0.25
Zfp148	Stx2	-0.25
Ctcf	Sufu	-0.25
E2f6	Sufu	-0.25
Egr1	Sufu	-0.25
Gabpa	Sufu	-0.25
Irf1	Sufu	-0.25
Irf3	Sufu	-0.25
Klf4	Sufu	-0.25
Klf7	Sufu	-0.25
Nfe2l2	Sufu	-0.25
Nrf1	Sufu	-0.25
Pbx3	Sufu	-0.25
Smarcc2	Sufu	-0.25
Sp1	Sufu	-0.25
Sp2	Sufu	-0.25
Sp3	Sufu	-0.25
Sp4	Sufu	-0.25
Taf1	Sufu	-0.25
Tbp	Sufu	-0.25
Zfp143	Sufu	-0.25
Zfp523	Sufu	-0.25
Ctcf	Svep1	-0.25
Elf1	Svep1	-0.25
Elf2	Svep1	-0.25
Elk1	Svep1	-0.25
Fos	Svep1	-0.25
Irf1	Svep1	-0.25
Irf3	Svep1	-0.25
Atf3	Taf6l	-0.25
Bhlhe40	Taf6l	-0.25
Ctcf	Taf6l	-0.25
E2f4	Taf6l	-0.25
Egr1	Taf6l	-0.25
Elf1	Taf6l	-0.25
Elf2	Taf6l	-0.25
Elk1	Taf6l	-0.25
Elk3	Taf6l	-0.25
Elk4	Taf6l	-0.25
Etv6	Taf6l	-0.25
Gabpa	Taf6l	-0.25
Irf1	Taf6l	-0.25
Klf4	Taf6l	-0.25
Klf7	Taf6l	-0.25
Mitf	Taf6l	-0.25
Nfe2l2	Taf6l	-0.25
Nfya	Taf6l	-0.25
Nrf1	Taf6l	-0.25
Pbx3	Taf6l	-0.25
Sp1	Taf6l	-0.25
Sp2	Taf6l	-0.25
Sp3	Taf6l	-0.25
Sp4	Taf6l	-0.25
Srf	Taf6l	-0.25
Taf1	Taf6l	-0.25
Tbp	Taf6l	-0.25
Tfeb	Taf6l	-0.25
Usf1	Taf6l	-0.25
Usf2	Taf6l	-0.25
Zbtb7b	Taf6l	-0.25
Zfp143	Taf6l	-0.25
Zfp148	Taf6l	-0.25
Atf3	Tbc1d10c	-0.25
E2f4	Tbc1d10c	-0.25
E2f6	Tbc1d10c	-0.25
Egr1	Tbc1d10c	-0.25
Fos	Tbc1d10c	-0.25
Gabpa	Tbc1d10c	-0.25
Irf1	Tbc1d10c	-0.25
Irf3	Tbc1d10c	-0.25
Klf4	Tbc1d10c	-0.25
Klf7	Tbc1d10c	-0.25
Nrf1	Tbc1d10c	-0.25
Pbx3	Tbc1d10c	-0.25
Sp1	Tbc1d10c	-0.25
Sp2	Tbc1d10c	-0.25
Sp3	Tbc1d10c	-0.25
Sp4	Tbc1d10c	-0.25
Taf1	Tbc1d10c	-0.25
Tbp	Tbc1d10c	-0.25
Zbtb7b	Tbc1d10c	-0.25
Zfp143	Tbc1d10c	-0.25
Zfp148	Tbc1d10c	-0.25
Atf3	Tbc1d25	-0.25
Ctcf	Tbc1d25	-0.25
E2f4	Tbc1d25	-0.25
E2f6	Tbc1d25	-0.25
Egr1	Tbc1d25	-0.25
Elf1	Tbc1d25	-0.25
Elf2	Tbc1d25	-0.25
Elk1	Tbc1d25	-0.25
Elk3	Tbc1d25	-0.25
Elk4	Tbc1d25	-0.25
Etv6	Tbc1d25	-0.25
Fos	Tbc1d25	-0.25
Gabpa	Tbc1d25	-0.25
Mitf	Tbc1d25	-0.25
Nfya	Tbc1d25	-0.25
Nfyb	Tbc1d25	-0.25
Nrf1	Tbc1d25	-0.25
Pbx3	Tbc1d25	-0.25
Smarcc2	Tbc1d25	-0.25
Sp1	Tbc1d25	-0.25
Sp2	Tbc1d25	-0.25
Sp3	Tbc1d25	-0.25
Sp4	Tbc1d25	-0.25
Taf1	Tbc1d25	-0.25
Tfeb	Tbc1d25	-0.25
Usf1	Tbc1d25	-0.25
Usf2	Tbc1d25	-0.25
Zbtb7b	Tbc1d25	-0.25
Zfp143	Tbc1d25	-0.25
Zfp148	Tbc1d25	-0.25
Atf3	Tbc1d2b	-0.25
Ctcf	Tbc1d2b	-0.25
E2f4	Tbc1d2b	-0.25
E2f6	Tbc1d2b	-0.25
Egr1	Tbc1d2b	-0.25
Elf1	Tbc1d2b	-0.25
Elf2	Tbc1d2b	-0.25
Fos	Tbc1d2b	-0.25
Gabpa	Tbc1d2b	-0.25
Irf1	Tbc1d2b	-0.25
Irf3	Tbc1d2b	-0.25
Nfe2l2	Tbc1d2b	-0.25
Nrf1	Tbc1d2b	-0.25
Pbx3	Tbc1d2b	-0.25
Smarcc2	Tbc1d2b	-0.25
Sp1	Tbc1d2b	-0.25
Sp2	Tbc1d2b	-0.25
Sp3	Tbc1d2b	-0.25
Sp4	Tbc1d2b	-0.25
Srf	Tbc1d2b	-0.25
Taf1	Tbc1d2b	-0.25
Zbtb7b	Tbc1d2b	-0.25
Zfp143	Tbc1d2b	-0.25
Zfp148	Tbc1d2b	-0.25
Zfp523	Tbc1d2b	-0.25
Hmbox1	Tceb1	0.25
Fos	Tdgf1	-0.25
Irf1	Tdgf1	-0.25
Bhlhe40	Tex264	-0.25
Ctcf	Tex264	-0.25
E2f6	Tex264	-0.25
Egr1	Tex264	-0.25
Fos	Tex264	-0.25
Irf1	Tex264	-0.25
Klf4	Tex264	-0.25
Klf7	Tex264	-0.25
Smarcc2	Tex264	-0.25
Sp1	Tex264	-0.25
Sp2	Tex264	-0.25
Sp3	Tex264	-0.25
Sp4	Tex264	-0.25
Srf	Tex264	-0.25
Tbp	Tex264	-0.25
Zbtb7b	Tex264	-0.25
Zfp143	Tex264	-0.25
Zfp148	Tex264	-0.25
Atf3	Tgfbr3	-0.25
Nrf1	Tgfbr3	-0.25
Sp4	Tgfbr3	-0.25
E2f4	Them4	-0.25
E2f6	Them4	-0.25
Egr1	Them4	-0.25
Fos	Them4	-0.25
Irf1	Them4	-0.25
Nrf1	Them4	-0.25
Sp1	Them4	-0.25
Sp2	Them4	-0.25
Sp3	Them4	-0.25
Sp4	Them4	-0.25
Zbtb7b	Them4	-0.25
Elf1	Tjp1	-0.25
Irf1	Tjp1	-0.25
Irf3	Tjp1	-0.25
Taf1	Tjp1	-0.25
Ctcf	Tlcd2	-0.25
E2f4	Tlcd2	-0.25
Egr1	Tlcd2	-0.25
Fos	Tlcd2	-0.25
Irf3	Tlcd2	-0.25
Klf4	Tlcd2	-0.25
Klf7	Tlcd2	-0.25
Nfe2l2	Tlcd2	-0.25
Nfya	Tlcd2	-0.25
Nfyb	Tlcd2	-0.25
Pbx3	Tlcd2	-0.25
Smarcc2	Tlcd2	-0.25
Sp1	Tlcd2	-0.25
Sp2	Tlcd2	-0.25
Sp3	Tlcd2	-0.25
Sp4	Tlcd2	-0.25
Srf	Tlcd2	-0.25
Tbp	Tlcd2	-0.25
Zfp143	Tlcd2	-0.25
Zfp148	Tlcd2	-0.25
Atf3	Tle1	0.25
Zbtb7b	Tle1	0.25
Ctcf	Tmcc3	-0.25
E2f6	Tmcc3	-0.25
Egr1	Tmcc3	-0.25
Elf1	Tmcc3	-0.25
Elf2	Tmcc3	-0.25
Elk1	Tmcc3	-0.25
Fos	Tmcc3	-0.25
Gabpa	Tmcc3	-0.25
Irf1	Tmcc3	-0.25
Irf3	Tmcc3	-0.25
Nfe2l2	Tmcc3	-0.25
Sp1	Tmcc3	-0.25
Sp2	Tmcc3	-0.25
Sp4	Tmcc3	-0.25
Tbp	Tmcc3	-0.25
Zfp143	Tmcc3	-0.25
Zfp523	Tmcc3	-0.25
Atf3	Tmed5	0.25
Zbtb7b	Tmed5	0.25
Zbtb7b	Tmem115	0.25
Ctcf	Tmem161a	-0.25
Egr1	Tmem161a	-0.25
Klf4	Tmem161a	-0.25
Smarcc2	Tmem161a	-0.25
Sp1	Tmem161a	-0.25
Sp2	Tmem161a	-0.25
Zfp143	Tmem161a	-0.25
Zfp523	Tmem161a	-0.25
Atf3	Tmem170	-0.25
Ctcf	Tmem170	-0.25
E2f4	Tmem170	-0.25
E2f6	Tmem170	-0.25
Egr1	Tmem170	-0.25
Fos	Tmem170	-0.25
Gabpa	Tmem170	-0.25
Irf1	Tmem170	-0.25
Klf4	Tmem170	-0.25
Klf7	Tmem170	-0.25
Nrf1	Tmem170	-0.25
Sp1	Tmem170	-0.25
Sp2	Tmem170	-0.25
Sp3	Tmem170	-0.25
Sp4	Tmem170	-0.25
Srf	Tmem170	-0.25
Tbp	Tmem170	-0.25
Zbtb7b	Tmem170	-0.25
Zfp148	Tmem170	-0.25
Ctcf	Tmem204	-0.25
Irf3	Tmem204	-0.25
Atf3	Tmem229b	-0.25
Ctcf	Tmem229b	-0.25
E2f4	Tmem229b	-0.25
Egr1	Tmem229b	-0.25
Elf1	Tmem229b	-0.25
Irf1	Tmem229b	-0.25
Irf3	Tmem229b	-0.25
Sp1	Tmem229b	-0.25
Sp3	Tmem229b	-0.25
Sp4	Tmem229b	-0.25
Taf1	Tmem229b	-0.25
Zbtb7b	Tmem229b	-0.25
Irf1	Tmem26	-0.25
Tbp	Tmem26	-0.25
Zfp143	Tmem26	-0.25
Bhlhe40	Tnf	-0.25
Ctcf	Tnf	-0.25
E2f4	Tnf	-0.25
Egr1	Tnf	-0.25
Elf1	Tnf	-0.25
Elf2	Tnf	-0.25
Elk1	Tnf	-0.25
Elk3	Tnf	-0.25
Elk4	Tnf	-0.25
Etv6	Tnf	-0.25
Fos	Tnf	-0.25
Gabpa	Tnf	-0.25
Irf1	Tnf	-0.25
Irf3	Tnf	-0.25
Nfe2l2	Tnf	-0.25
Nfya	Tnf	-0.25
Pbx3	Tnf	-0.25
Sp1	Tnf	-0.25
Sp2	Tnf	-0.25
Sp3	Tnf	-0.25
Srf	Tnf	-0.25
Taf1	Tnf	-0.25
Zbtb7b	Tnf	-0.25
Zfp148	Tnf	-0.25
Ctcf	Tprkb	-0.25
Egr1	Tprkb	-0.25
Elf2	Tprkb	-0.25
Elk1	Tprkb	-0.25
Elk3	Tprkb	-0.25
Elk4	Tprkb	-0.25
Gabpa	Tprkb	-0.25
Irf1	Tprkb	-0.25
Sp1	Tprkb	-0.25
Sp2	Tprkb	-0.25
Sp3	Tprkb	-0.25
Sp4	Tprkb	-0.25
Zbtb7b	Tprkb	-0.25
Atf3	Traf5	-0.25
Ctcf	Traf5	-0.25
Egr1	Traf5	-0.25
Elf1	Traf5	-0.25
Elf2	Traf5	-0.25
Elk1	Traf5	-0.25
Elk3	Traf5	-0.25
Elk4	Traf5	-0.25
Etv6	Traf5	-0.25
Gabpa	Traf5	-0.25
Irf1	Traf5	-0.25
Irf3	Traf5	-0.25
Klf4	Traf5	-0.25
Klf7	Traf5	-0.25
Nfe2l2	Traf5	-0.25
Sp1	Traf5	-0.25
Sp2	Traf5	-0.25
Sp3	Traf5	-0.25
Sp4	Traf5	-0.25
Srf	Traf5	-0.25
Taf1	Traf5	-0.25
Tbp	Traf5	-0.25
Zbtb7b	Traf5	-0.25
Zfp143	Traf5	-0.25
Ctcf	Trappc5	-0.25
E2f6	Trappc5	-0.25
Egr1	Trappc5	-0.25
Elf1	Trappc5	-0.25
Elf2	Trappc5	-0.25
Klf4	Trappc5	-0.25
Nrf1	Trappc5	-0.25
Smarcc2	Trappc5	-0.25
Sp1	Trappc5	-0.25
Sp3	Trappc5	-0.25
Zfp148	Trappc5	-0.25
Atf3	Trim14	-0.25
Ctcf	Trim14	-0.25
E2f4	Trim14	-0.25
E2f6	Trim14	-0.25
Egr1	Trim14	-0.25
Fos	Trim14	-0.25
Gabpa	Trim14	-0.25
Irf1	Trim14	-0.25
Irf3	Trim14	-0.25
Klf4	Trim14	-0.25
Klf7	Trim14	-0.25
Nrf1	Trim14	-0.25
Sp1	Trim14	-0.25
Sp2	Trim14	-0.25
Sp3	Trim14	-0.25
Sp4	Trim14	-0.25
Srf	Trim14	-0.25
Tbp	Trim14	-0.25
Usf1	Trim14	-0.25
Zbtb7b	Trim14	-0.25
Zfp148	Trim14	-0.25
Atf3	Trim2	0.25
Zbtb7b	Trim2	0.25
Atf3	Trim65	-0.25
Ctcf	Trim65	-0.25
Egr1	Trim65	-0.25
Elf1	Trim65	-0.25
Elf2	Trim65	-0.25
Fos	Trim65	-0.25
Gabpa	Trim65	-0.25
Irf1	Trim65	-0.25
Klf4	Trim65	-0.25
Klf7	Trim65	-0.25
Nrf1	Trim65	-0.25
Sp1	Trim65	-0.25
Sp4	Trim65	-0.25
Tbp	Trim65	-0.25
Zfp143	Trim65	-0.25
Zfp148	Trim65	-0.25
Zbtb7b	Tsga10	0.25
Ctcf	Tspan4	-0.25
E2f4	Tspan4	-0.25
Egr1	Tspan4	-0.25
Elf1	Tspan4	-0.25
Irf1	Tspan4	-0.25
Klf4	Tspan4	-0.25
Klf7	Tspan4	-0.25
Nfe2l2	Tspan4	-0.25
Pbx3	Tspan4	-0.25
Smarcc2	Tspan4	-0.25
Sp1	Tspan4	-0.25
Sp2	Tspan4	-0.25
Sp3	Tspan4	-0.25
Sp4	Tspan4	-0.25
Srf	Tspan4	-0.25
Taf1	Tspan4	-0.25
Tbp	Tspan4	-0.25
Zbtb7b	Tspan4	-0.25
Zfp143	Tspan4	-0.25
Zfp148	Tspan4	-0.25
Atf3	Ttc7b	0.25
Zbtb7b	Ttc7b	0.25
Bhlhe40	Ttyh2	-0.25
Ctcf	Ttyh2	-0.25
Egr1	Ttyh2	-0.25
Elf1	Ttyh2	-0.25
Elk1	Ttyh2	-0.25
Elk3	Ttyh2	-0.25
Elk4	Ttyh2	-0.25
Etv6	Ttyh2	-0.25
Fos	Ttyh2	-0.25
Gabpa	Ttyh2	-0.25
Irf1	Ttyh2	-0.25
Irf3	Ttyh2	-0.25
Klf4	Ttyh2	-0.25
Klf7	Ttyh2	-0.25
Nfe2l2	Ttyh2	-0.25
Nfya	Ttyh2	-0.25
Pbx3	Ttyh2	-0.25
Sp1	Ttyh2	-0.25
Sp2	Ttyh2	-0.25
Sp3	Ttyh2	-0.25
Sp4	Ttyh2	-0.25
Srf	Ttyh2	-0.25
Tbp	Ttyh2	-0.25
Tfeb	Ttyh2	-0.25
Usf1	Ttyh2	-0.25
Usf2	Ttyh2	-0.25
Zfp148	Ttyh2	-0.25
Atf3	Txlnb	0.25
Atf3	Ube2e3	0.25
Zbtb7b	Ube2e3	0.25
Atf3	Ube2t	-0.25
E2f4	Ube2t	-0.25
Egr1	Ube2t	-0.25
Fos	Ube2t	-0.25
Gabpa	Ube2t	-0.25
Irf1	Ube2t	-0.25
Nfya	Ube2t	-0.25
Nrf1	Ube2t	-0.25
Pbx3	Ube2t	-0.25
Smarcc2	Ube2t	-0.25
Sp1	Ube2t	-0.25
Sp4	Ube2t	-0.25
Zfp143	Ube2t	-0.25
Zfp148	Ube2t	-0.25
Atf3	Ubr7	-0.25
Ctcf	Ubr7	-0.25
E2f4	Ubr7	-0.25
E2f6	Ubr7	-0.25
Egr1	Ubr7	-0.25
Elf1	Ubr7	-0.25
Elk4	Ubr7	-0.25
Etv6	Ubr7	-0.25
Fos	Ubr7	-0.25
Gabpa	Ubr7	-0.25
Irf1	Ubr7	-0.25
Klf4	Ubr7	-0.25
Klf7	Ubr7	-0.25
Nrf1	Ubr7	-0.25
Sp1	Ubr7	-0.25
Sp2	Ubr7	-0.25
Sp3	Ubr7	-0.25
Sp4	Ubr7	-0.25
Taf1	Ubr7	-0.25
Tbp	Ubr7	-0.25
Zbtb7b	Ubr7	-0.25
Zfp148	Ubr7	-0.25
E2f6	Uck1	-0.25
Egr1	Uck1	-0.25
Elf1	Uck1	-0.25
Elk4	Uck1	-0.25
Gabpa	Uck1	-0.25
Irf1	Uck1	-0.25
Nrf1	Uck1	-0.25
Sp1	Uck1	-0.25
Sp2	Uck1	-0.25
Sp3	Uck1	-0.25
Sp4	Uck1	-0.25
Tbp	Uck1	-0.25
Zbtb7b	Uck1	-0.25
Atf3	Uhrf1bp1	-0.25
Ctcf	Uhrf1bp1	-0.25
E2f4	Uhrf1bp1	-0.25
Egr1	Uhrf1bp1	-0.25
Elf1	Uhrf1bp1	-0.25
Elf2	Uhrf1bp1	-0.25
Elk4	Uhrf1bp1	-0.25
Etv6	Uhrf1bp1	-0.25
Fos	Uhrf1bp1	-0.25
Gabpa	Uhrf1bp1	-0.25
Irf1	Uhrf1bp1	-0.25
Klf4	Uhrf1bp1	-0.25
Klf7	Uhrf1bp1	-0.25
Nrf1	Uhrf1bp1	-0.25
Sp1	Uhrf1bp1	-0.25
Sp2	Uhrf1bp1	-0.25
Sp3	Uhrf1bp1	-0.25
Sp4	Uhrf1bp1	-0.25
Srf	Uhrf1bp1	-0.25
Taf1	Uhrf1bp1	-0.25
Tbp	Uhrf1bp1	-0.25
Zbtb7b	Uhrf1bp1	-0.25
Zfp143	Uhrf1bp1	-0.25
Zfp148	Uhrf1bp1	-0.25
Atf3	Usp18	-0.25
Ctcf	Usp18	-0.25
Egr1	Usp18	-0.25
Elf1	Usp18	-0.25
Etv6	Usp18	-0.25
Fos	Usp18	-0.25
Irf1	Usp18	-0.25
Irf3	Usp18	-0.25
Klf4	Usp18	-0.25
Klf7	Usp18	-0.25
Nrf1	Usp18	-0.25
Sp1	Usp18	-0.25
Sp2	Usp18	-0.25
Sp3	Usp18	-0.25
Sp4	Usp18	-0.25
Srf	Usp18	-0.25
Taf1	Usp18	-0.25
Tbp	Usp18	-0.25
Usf1	Usp18	-0.25
Zbtb7b	Usp18	-0.25
Zfp143	Usp18	-0.25
Zbtb7b	Usp35	0.25
Atf3	Vdr	0.25
Zbtb7b	Vdr	0.25
Atf3	Vwa1	-0.25
Ctcf	Vwa1	-0.25
E2f4	Vwa1	-0.25
E2f6	Vwa1	-0.25
Egr1	Vwa1	-0.25
Elf1	Vwa1	-0.25
Elf2	Vwa1	-0.25
Gabpa	Vwa1	-0.25
Irf1	Vwa1	-0.25
Klf4	Vwa1	-0.25
Nrf1	Vwa1	-0.25
Sp1	Vwa1	-0.25
Sp3	Vwa1	-0.25
Sp4	Vwa1	-0.25
Srf	Vwa1	-0.25
Taf1	Vwa1	-0.25
Zbtb7b	Vwa1	-0.25
Atf3	Wdfy2	-0.25
E2f4	Wdfy2	-0.25
E2f6	Wdfy2	-0.25
Egr1	Wdfy2	-0.25
Elf1	Wdfy2	-0.25
Elk1	Wdfy2	-0.25
Elk4	Wdfy2	-0.25
Etv6	Wdfy2	-0.25
Fos	Wdfy2	-0.25
Gabpa	Wdfy2	-0.25
Irf1	Wdfy2	-0.25
Irf3	Wdfy2	-0.25
Klf4	Wdfy2	-0.25
Nfe2l2	Wdfy2	-0.25
Nrf1	Wdfy2	-0.25
Smarcc2	Wdfy2	-0.25
Sp1	Wdfy2	-0.25
Sp2	Wdfy2	-0.25
Sp3	Wdfy2	-0.25
Sp4	Wdfy2	-0.25
Taf1	Wdfy2	-0.25
Tbp	Wdfy2	-0.25
Zfp143	Wdfy2	-0.25
Zfp148	Wdfy2	-0.25
Zfp523	Wdfy2	-0.25
Atf3	Wdr45	-0.25
Ctcf	Wdr45	-0.25
E2f4	Wdr45	-0.25
E2f6	Wdr45	-0.25
Egr1	Wdr45	-0.25
Elf1	Wdr45	-0.25
Elk1	Wdr45	-0.25
Elk3	Wdr45	-0.25
Etv6	Wdr45	-0.25
Fos	Wdr45	-0.25
Gabpa	Wdr45	-0.25
Irf1	Wdr45	-0.25
Klf4	Wdr45	-0.25
Klf7	Wdr45	-0.25
Nfya	Wdr45	-0.25
Nfyb	Wdr45	-0.25
Nrf1	Wdr45	-0.25
Pbx3	Wdr45	-0.25
Smarcc2	Wdr45	-0.25
Sp1	Wdr45	-0.25
Sp2	Wdr45	-0.25
Sp3	Wdr45	-0.25
Sp4	Wdr45	-0.25
Tbp	Wdr45	-0.25
Zbtb7b	Wdr45	-0.25
Zfp143	Wdr45	-0.25
Zfp523	Wdr45	-0.25
Elf1	Wdr76	-0.25
Elf2	Wdr76	-0.25
Elk1	Wdr76	-0.25
Elk3	Wdr76	-0.25
Elk4	Wdr76	-0.25
Etv6	Wdr76	-0.25
Gabpa	Wdr76	-0.25
Zfp143	Wdr76	-0.25
Atf3	Wdr8	-0.25
Ctcf	Wdr8	-0.25
E2f4	Wdr8	-0.25
E2f6	Wdr8	-0.25
Egr1	Wdr8	-0.25
Elf1	Wdr8	-0.25
Elk1	Wdr8	-0.25
Elk3	Wdr8	-0.25
Elk4	Wdr8	-0.25
Fos	Wdr8	-0.25
Gabpa	Wdr8	-0.25
Irf1	Wdr8	-0.25
Irf3	Wdr8	-0.25
Klf4	Wdr8	-0.25
Klf7	Wdr8	-0.25
Nfya	Wdr8	-0.25
Nfyb	Wdr8	-0.25
Nrf1	Wdr8	-0.25
Pbx3	Wdr8	-0.25
Smarcc2	Wdr8	-0.25
Sp1	Wdr8	-0.25
Sp2	Wdr8	-0.25
Sp3	Wdr8	-0.25
Sp4	Wdr8	-0.25
Srf	Wdr8	-0.25
Tbp	Wdr8	-0.25
Zbtb7b	Wdr8	-0.25
Zfp143	Wdr8	-0.25
Zfp148	Wdr8	-0.25
Zfp523	Wdr8	-0.25
Atf3	Xcr1	0.25
Atf3	Xkr8	0.25
Zbtb7b	Xkr8	0.25
Atf3	Xylt1	0.25
Zbtb7b	Xylt1	0.25
Atf3	Yod1	0.25
Zbtb7b	Yod1	0.25
Atf3	Zbtb22	0.25
Zbtb7b	Zbtb22	0.25
Atf3	Zc3hc1	0.25
E2f6	Zfp12	-0.25
Egr1	Zfp12	-0.25
Nrf1	Zfp12	-0.25
Atf3	Zfp213	-0.25
Ctcf	Zfp213	-0.25
E2f6	Zfp213	-0.25
Egr1	Zfp213	-0.25
Elf1	Zfp213	-0.25
Elf2	Zfp213	-0.25
Elk1	Zfp213	-0.25
Elk4	Zfp213	-0.25
Etv6	Zfp213	-0.25
Fos	Zfp213	-0.25
Gabpa	Zfp213	-0.25
Irf1	Zfp213	-0.25
Irf3	Zfp213	-0.25
Klf7	Zfp213	-0.25
Nfya	Zfp213	-0.25
Nrf1	Zfp213	-0.25
Pbx3	Zfp213	-0.25
Sp1	Zfp213	-0.25
Sp2	Zfp213	-0.25
Sp3	Zfp213	-0.25
Sp4	Zfp213	-0.25
Zfp143	Zfp213	-0.25
Atf3	Zfp251	-0.25
Ctcf	Zfp251	-0.25
E2f4	Zfp251	-0.25
E2f6	Zfp251	-0.25
Egr1	Zfp251	-0.25
Elk1	Zfp251	-0.25
Elk3	Zfp251	-0.25
Elk4	Zfp251	-0.25
Fos	Zfp251	-0.25
Gabpa	Zfp251	-0.25
Irf1	Zfp251	-0.25
Klf4	Zfp251	-0.25
Klf7	Zfp251	-0.25
Nrf1	Zfp251	-0.25
Sp1	Zfp251	-0.25
Sp2	Zfp251	-0.25
Sp3	Zfp251	-0.25
Sp4	Zfp251	-0.25
Srf	Zfp251	-0.25
Taf1	Zfp251	-0.25
Tbp	Zfp251	-0.25
Zfp148	Zfp251	-0.25
Atf3	Zfp276	-0.25
E2f4	Zfp276	-0.25
E2f6	Zfp276	-0.25
Egr1	Zfp276	-0.25
Elf1	Zfp276	-0.25
Elf2	Zfp276	-0.25
Etv6	Zfp276	-0.25
Fos	Zfp276	-0.25
Gabpa	Zfp276	-0.25
Irf1	Zfp276	-0.25
Klf4	Zfp276	-0.25
Klf7	Zfp276	-0.25
Nrf1	Zfp276	-0.25
Sp1	Zfp276	-0.25
Sp2	Zfp276	-0.25
Sp3	Zfp276	-0.25
Sp4	Zfp276	-0.25
Taf1	Zfp276	-0.25
Tbp	Zfp276	-0.25
Zbtb7b	Zfp276	-0.25
Zfp143	Zfp276	-0.25
Zfp148	Zfp276	-0.25
Atf3	Zfp282	-0.25
Ctcf	Zfp282	-0.25
E2f4	Zfp282	-0.25
Egr1	Zfp282	-0.25
Elf1	Zfp282	-0.25
Elf2	Zfp282	-0.25
Etv6	Zfp282	-0.25
Fos	Zfp282	-0.25
Gabpa	Zfp282	-0.25
Irf1	Zfp282	-0.25
Irf3	Zfp282	-0.25
Klf4	Zfp282	-0.25
Klf7	Zfp282	-0.25
Nrf1	Zfp282	-0.25
Sp1	Zfp282	-0.25
Sp2	Zfp282	-0.25
Sp3	Zfp282	-0.25
Sp4	Zfp282	-0.25
Srf	Zfp282	-0.25
Tbp	Zfp282	-0.25
Zbtb7b	Zfp282	-0.25
Zfp143	Zfp282	-0.25
Zfp148	Zfp282	-0.25
Atf3	Zfp386	0.25
Egr1	Zfp41	-0.25
Elf1	Zfp41	-0.25
Gabpa	Zfp41	-0.25
Irf1	Zfp41	-0.25
Klf4	Zfp41	-0.25
Klf7	Zfp41	-0.25
Nrf1	Zfp41	-0.25
Sp1	Zfp41	-0.25
Sp2	Zfp41	-0.25
Sp3	Zfp41	-0.25
Sp4	Zfp41	-0.25
Srf	Zfp41	-0.25
Tbp	Zfp41	-0.25
Atf3	Zfp51	0.25
Atf3	Zfp61	-0.25
E2f4	Zfp61	-0.25
Egr1	Zfp61	-0.25
Gabpa	Zfp61	-0.25
Irf1	Zfp61	-0.25
Klf4	Zfp61	-0.25
Klf7	Zfp61	-0.25
Nrf1	Zfp61	-0.25
Sp1	Zfp61	-0.25
Sp2	Zfp61	-0.25
Sp3	Zfp61	-0.25
Sp4	Zfp61	-0.25
Tbp	Zfp61	-0.25
Zbtb7b	Zfp61	-0.25
Zfp148	Zfp61	-0.25
Egr1	Zfp623	-0.25
Elf1	Zfp623	-0.25
Elf2	Zfp623	-0.25
Elk4	Zfp623	-0.25
Ctcf	Zfp691	-0.25
Egr1	Zfp691	-0.25
Elf1	Zfp691	-0.25
Elk1	Zfp691	-0.25
Irf1	Zfp691	-0.25
Sp1	Zfp691	-0.25
Sp3	Zfp691	-0.25
Sp4	Zfp691	-0.25
Taf1	Zfp691	-0.25
Zfp143	Zfp691	-0.25
Zfp148	Zfp691	-0.25
Ctcf	Zfp839	-0.25
E2f6	Zfp839	-0.25
Egr1	Zfp839	-0.25
Elf1	Zfp839	-0.25
Elk1	Zfp839	-0.25
Elk4	Zfp839	-0.25
Etv6	Zfp839	-0.25
Gabpa	Zfp839	-0.25
Irf1	Zfp839	-0.25
Klf4	Zfp839	-0.25
Klf7	Zfp839	-0.25
Nrf1	Zfp839	-0.25
Sp1	Zfp839	-0.25
Sp2	Zfp839	-0.25
Sp3	Zfp839	-0.25
Sp4	Zfp839	-0.25
Srf	Zfp839	-0.25
Taf1	Zfp839	-0.25
Tbp	Zfp839	-0.25
Zfp143	Zfp839	-0.25
Zfp523	Zfp839	-0.25
Atf3	Zfp963	0.25
Atf3	Zhx2	0.25
Atf3	Zmynd15	0.25
