	Irf1	Nr2f2	Plag1	Prdm1	Rara	Sp3	Stat3	Tbp	Tcf7l2	Zbtb7a	Zfp263
0610009o20rik	0	0	0	0	0	0	0	-0.5	0	0	-0.5
0610040j01rik	0	0	0	0	0	0	-0.5	0	0	0	-0.5
1110006o24rik	0.5	0	0.5	0	0	0.5	0.5	0.5	0	0.5	0.5
1110032f04rik	0	0	0	0	0	0	0	0	0	0.5	0.5
1110051m20rik	0	0	0	0	0	0	-0.5	0	0	0	-0.5
1300002k09rik	-0.5	0	0	0	0	-0.5	-0.5	-0.5	0	0	-0.5
1500012f01rik	-0.5	0	0	0	0	-0.5	0	-0.5	0	0	-0.5
1600002k03rik	-0.5	0	0	0	0	-0.5	-0.5	-0.5	0	0	-0.5
1600012h06rik	0.5	0	0	0	0	0.5	0	0	0	0	0.5
1600029i14rik	0	0	0	0	0	-0.5	0	0	0	0	0
1700020i14rik	0.5	0	0.5	0	0	0.5	0	0.5	0	0	0
1700025g04rik	-0.5	0	0	0	0	-0.5	-0.5	-0.5	0	0	-0.5
1700029h14rik	0	0	0	0	0	0	0	0	0	0	0.5
1700034h15rik	-0.5	0	0	0	0	-0.5	-0.5	-0.5	0	0	0
1700052k11rik	0.5	0	0.5	0	0	0.5	0	0	0	0	0.5
1700061g19rik	0	0	0	0	0	0.5	0	0	0	0	0
1700086o06rik	0	0	0	0	0	0	-0.5	-0.5	0	0	-0.5
1700092m07rik	-0.5	0	0	0	0	-0.5	0	-0.5	0	0	-0.5
1700096k18rik	-0.5	0	0	0	0	-0.5	0	-0.5	0	0	-0.5
2010107g12rik	0.5	0	0.5	0.5	1.0	0.5	0.5	0.5	0	0	0.5
2010111i01rik	0.5	0	0	0.5	0	0.5	0.5	0.5	0.5	0.5	0.5
2010300c02rik	-0.5	0	0	0	0	-0.5	0	0	0	0	-0.5
2210417a02rik	-0.5	0	0	0	0	-0.5	0	0	0	0	0
2310003h01rik	0.5	0	0	0	0	0.5	0	0.5	0	0	0
2310022a10rik	0.5	0	0	0	0	0.5	0.5	0.5	0	0	0.5
2310022b05rik	0.5	0	0.5	0	0	0.5	0	0.5	0	0	0.5
2310057m21rik	0	0	0	0	0	0.5	0	0	0	0.5	0.5
2410004b18rik	0.5	0	0	0	0	0	0.5	0	0	0.5	0.5
2410006h16rik	0	0	0	0	0	-0.5	0	-0.5	0	0	0
2610008e11rik	0	0	0	0	0	0	0	0	0	0.5	0
2610035d17rik	0.5	0	0.5	0.5	0	0	0.5	0.5	0.5	0	0.5
2700062c07rik	0	0	0	0	0	0	0	0	0	0	0.5
2810408a11rik	-0.5	0	0	0	0	0	-0.5	-0.5	0	0	-0.5
2810442i21rik	0.5	0	0.5	0.5	0	0.5	0.5	0	0.5	0	0.5
2810454h06rik	0	0	0	0	0	-0.5	-0.5	0	0	0	0
2810474o19rik	0.5	0	0.5	0.5	0	0.5	0.5	0.5	0	0.5	0.5
2900005j15rik	0	0	0	0	0	0	0	0	0	0	-0.5
2900026a02rik	-0.5	0	0	0	0	-0.5	0	-0.5	0	0	-0.5
3000002c10rik	0	0	0	0	0	0	0	0	0	0	-0.5
3110002h16rik	0.5	0	0	0.5	0	0.5	0.5	0.5	0	0.5	0.5
3110040n11rik	0	0	0	0	0	0	-0.5	0	0	0	0
3110043o21rik	0.5	0	0	0.5	0	0.5	0	0.5	0	0	0.5
4632428n05rik	-0.5	0	0	0	0	-0.5	-0.5	0	0	0	-0.5
4831440e17rik	0.5	0	0	0	0	0.5	0.5	0.5	0	0.5	0.5
4930452b06rik	0	0	0	0	0	0	-0.5	-0.5	0	0	-0.5
4930481a15rik	-0.5	0	0	0	0	-0.5	-0.5	-0.5	0	0	0
4931406p16rik	0.5	0	0.5	0	0	0.5	0.5	0.5	0	0.5	0.5
4932438a13rik	0.5	0	0	0.5	0	0.5	0	0.5	0.5	0.5	0
4933426m11rik	-0.5	0	0	0	0	-0.5	-0.5	-0.5	0	0	-0.5
5031414d18rik	0.5	0	0.5	0.5	0	0.5	0.5	0	0.5	0	0.5
5430405h02rik	-0.5	0	0	0	0	-0.5	-0.5	-0.5	0	0	-0.5
5430417l22rik	-0.5	0	0	0	0	-0.5	0	-0.5	0	0	0
5430435g22rik	0.5	0	0.5	0.5	0	0.5	0.5	0.5	0.5	0.5	0.5
6230400d17rik	0.5	0	0	0	0	0.5	0.5	0.5	0	0	0.5
6330416g13rik	-0.5	0	0	0	0	0	-0.5	0	0	0	-0.5
6330549d23rik	0.5	0	0	0.5	0	0.5	0.5	0.5	0.5	0	0.5
6430548m08rik	0.5	0	0	0	0	0.5	0.5	0.5	0	0.5	0.5
8030462n17rik	0.5	0	0	0.5	0	0	0.5	0	0.5	0	0
8430419l09rik	-0.5	0	0	0	0	0	-0.5	-0.5	0	0	-0.5
8430427h17rik	0.5	0	0.5	0.5	0	0.5	0.5	0.5	0	0.5	0.5
9030617o03rik	0.5	0	0	0.5	0	0.5	0.5	0	0.5	0.5	0.5
9130019o22rik	0.5	0	0	0	0	0	0.5	0.5	0	0	0
9330133o14rik	0	0	0	0	0	0	0	-0.5	0	0	-0.5
9330175e14rik	0.5	0	0	0.5	0	0	0.5	0	0	0	0.5
9430015g10rik	0	0	0	0	0	-0.5	0	0	0	0	0
9430076c15rik	0.5	0	0	0	0	0.5	0.5	0.5	0	0	0
9530082p21rik	-0.5	0	0	0	0	-0.5	-0.5	-0.5	0	0	-0.5
A430078g23rik	0	0	0	0	0	0	0	-0.5	0	0	-0.5
A630072m18rik	0	0	0.5	0.5	0	0.5	0	0	0	0.5	0.5
Aa467197	0	0	0	0	0	0	-0.5	0	0	0	-0.5
Aa543186	0	0	0	0	0	-0.5	-0.5	0	0	0	-0.5
Aa987161	0	0	0	0.5	0	0.5	0.5	0	0	0.5	0
Aaas	0	0	0	0	0	0	0	-0.5	0	0	0
Aatf	-0.5	0	0	0	0	-0.5	0	-0.5	0	0	-0.5
Ab124611	0.5	0	0	0	0	0.5	0.5	0.5	0	0.5	0.5
Abca1	0.5	0	0	0.5	0	0.5	0.5	0.5	0	0.5	0.5
Abca2	-0.5	0	0	0	0	-0.5	-0.5	-0.5	0	0	0
Abca3	-0.5	0	0	0	0	-0.5	-0.5	0	0	0	-0.5
Abca6	0	0	0	0	0	0	-0.5	0	0	0	-0.5
Abcd1	-0.5	0	0	0	0	-0.5	-0.5	-0.5	0	0	-0.5
Abcd2	0	0	0	0	0	0	-0.5	0	0	0	-0.5
Abcg3	-0.5	0	0	0	0	-0.5	-0.5	0	0	0	0
Abhd13	0	0	0	0	0	0.5	0	0.5	0	0	0.5
Abhd15	-0.5	0	0	0	0	-0.5	0	-0.5	0	0	-0.5
Abi3	0	0	0	0	0	-0.5	-0.5	-0.5	0	0	-0.5
Abl1	-0.5	0	0	0	0	-0.5	0	-0.5	0	0	0
Abl2	0.5	0	0	0.5	0	0.5	0.5	0.5	0.5	0	0.5
Ablim3	0	0	0	0	0	0	0	0	0	0.5	0
Abr	-0.5	0	0	0	0	0	-0.5	0	0	0	-0.5
Abtb2	0.5	0	0.5	0.5	0	0	0.5	0.5	0.5	0	0.5
Acaa2	-0.5	0	0	0	0	-0.5	-0.5	-0.5	0	0	-0.5
Acbd3	0.5	0	0.5	0	0	0.5	0.5	0.5	0	0	0.5
Acer2	0.5	0	0	0	0	0.5	0.5	0.5	0	0	0.5
Aco1	-0.5	0	0	0	0	-0.5	0	-0.5	0	0	-0.5
Acot11	0	0	0	0	0	-0.5	-0.5	0	0	0	-0.5
Acot13	-0.5	0	0	0	0	-0.5	-0.5	-0.5	0	0	-0.5
Acot9	0.5	0	0	0	0	0.5	0.5	0.5	0	0	0
Acsf2	-0.5	0	0	0	0	-0.5	-0.5	-0.5	0	0	-0.5
Acsl1	-0.5	0	0	0	0	-0.5	-0.5	-0.5	0	0	-0.5
Acsl5	-0.5	0	0	0	0	-0.5	-0.5	-0.5	0	0	-0.5
Acta2	0	0	0	0	0	0	0.5	0.5	0.5	0	0
Actr5	-0.5	0	0	0	0	-0.5	0	-0.5	0	0	0
Acvr2a	0.5	0	0.5	0	0	0.5	0	0.5	0	0.5	0
Adam23	0	0	0	0	0	0	-0.5	0	0	0	-0.5
Adam8	0.5	0	0	0	0	0.5	0.5	0.5	0	0	0.5
Adam9	0.5	0	0	0.5	0	0.5	0.5	0.5	0	0.5	0.5
Adamts10	-0.5	0	0	0	0	-0.5	0	0	0	0	-0.5
Adamts2	0.5	0	0	0	0	0	0	0	0	0	0
Adamts4	0	0	0	0	0	0	0	0	0	0.5	0
Adap1	-0.5	0	0	0	0	-0.5	-0.5	-0.5	0	0	0
Adap2	0.5	0	0	0.5	0	0.5	0.5	0.5	0	0	0.5
Adarb1	0.5	0	0	0	0	0.5	0	0.5	0	0.5	0
Adc	-0.5	0	0	0	0	-0.5	0	-0.5	0	0	-0.5
Adck1	-0.5	0	0	0	0	-0.5	-0.5	-0.5	0	0	-0.5
Adcy4	0.5	0	0	0.5	0	0.5	0.5	0.5	0	0.5	0.5
Adcy9	0.5	0	0	0.5	0	0.5	0.5	0.5	0	0.5	0.5
Adnp2	-0.5	0	0	0	0	-0.5	-0.5	-0.5	0	0	-0.5
Adora2a	-0.5	0	0	0	0	-0.5	-0.5	-0.5	0	0	0
Adora2b	0	0	0	0	0	0.5	0.5	0	0	0	0
Adora3	0.5	0	0	0.5	0	0	0.5	0	0	0	0.5
Adra2b	0	0	0	0	0	0	0	0	0	0.5	0
Adrb2	-0.5	0	0	0	0	0	-0.5	-0.5	0	0	-0.5
Adss	0.5	0	0	0	0	0.5	0	0.5	0	0.5	0
Aebp1	0.5	0	0.5	0	0	0.5	0	0.5	0	0.5	0
Af251705	0	0	0	0	0	0	-0.5	0	0	0	0
Afap1	0.5	0	0	0	0	0.5	0	0.5	0	0.5	0
Afap1l2	0	0	0	0	0	0	0	0	0	0	0.5
Aff1	0.5	0	0.5	0.5	0	0.5	0.5	0.5	0.5	0.5	0.5
Aftph	0	0	0	0	0	0.5	0	0	0	0.5	0.5
Agap1	0.5	0	0	0.5	0	0.5	0.5	0.5	0.5	0.5	0.5
Agfg2	-0.5	0	0	0	0	-0.5	-0.5	-0.5	0	0	-0.5
Agpat2	0.5	0	0	0	0	0.5	0.5	0.5	0	0.5	0.5
Agpat4	0.5	0	0	0.5	0	0.5	0.5	0	0.5	0	0.5
Agpat9	0	0	0	0.5	0	0.5	0.5	0.5	0.5	0	0
Agrn	0.5	0	0	0	0	0.5	0.5	0.5	0	0.5	0.5
Ahnak	0.5	0	0.5	0.5	0	0.5	0.5	0.5	0.5	0.5	0.5
Ahsa1	-0.5	0	0	0	0	-0.5	-0.5	0	0	0	-0.5
Ahsa2	-0.5	0	0	0	0	-0.5	0	-0.5	0	0	-0.5
Ai467606	-0.5	0	0	0	0	-0.5	0	-0.5	0	0	-0.5
Ai504432	0.5	0	0	0.5	0	0.5	0	0	0	0	0.5
Ai661453	0	0	0	0	0	0	0.5	0	0	0.5	0.5
Aim1	0.5	0	0	0.5	0	0.5	0	0.5	0	0	0.5
Aim2	-0.5	0	0	0	0	-0.5	-0.5	-0.5	0	0	-0.5
Aimp1	0	0	0	0	0	-0.5	-0.5	0	0	0	-0.5
Aip	-0.5	0	0	0	0	-0.5	0	-0.5	0	0	-0.5
Airn	0.5	0	0	0.5	0	0.5	0.5	0	0.5	0	0.5
Ak129341	0.5	0	0	0	0	0.5	0	0.5	0	0.5	0
Ak2	-0.5	0	0	0	0	0	-0.5	-0.5	0	0	0
Akap12	0.5	0	0	0	0	0.5	0	0.5	0	0.5	0
Akap5	0.5	0	0	0	0	0.5	0.5	0.5	0	0.5	0
Akap7	-0.5	0	0	0	0	-0.5	0	-0.5	0	0	-0.5
Akr7a5	-0.5	0	0	0	0	-0.5	0	0	0	0	0
Alcam	0.5	0	0	0.5	0	0.5	0.5	0.5	0.5	0	0.5
Aldh1a2	-0.5	0	0	0	0	0	0	-0.5	0	0	0
Aldh2	-0.5	0	0	0	0	-0.5	-0.5	0	0	0	0
Aldh3b1	0.5	0	0.5	0.5	0	0.5	0.5	0.5	0	0.5	0.5
Alkbh4	0	0	0	0	0	0	0	0	0	0	0.5
Alox5ap	0.5	0	0	0.5	0	0.5	0.5	0	0	0.5	0.5
Aloxe3	0	0	0.5	0	0	0.5	0.5	0	0	0.5	0.5
Als2	-0.5	0	0	0	0	-0.5	0	-0.5	0	0	0
Amica1	-0.5	0	0	0	0	0	0	0	0	0	0
Ammecr1l	0.5	0	0.5	0	0	0.5	0.5	0.5	0	0	0.5
Amotl1	0	0	0	0	0	0	0.5	0	0	0	0.5
Amotl2	0	0	0	0	0	0.5	0	0	0.5	0.5	0.5
Ampd2	-0.5	0	0	0	0	-0.5	-0.5	-0.5	0	0	-0.5
Ampd3	-0.5	0	0	0	0	-0.5	-0.5	-0.5	0	0	-0.5
Ang	0.5	0	0	0	0	0.5	0.5	0	0	0	0
Ank	0	0	0	0.5	0	0.5	0.5	0	0.5	0.5	0
Ank3	0.5	0	0	0	0	0	0	0.5	0	0.5	0
Ankle1	-0.5	0	0	0	0	-0.5	-0.5	-0.5	0	0	-0.5
Ankrd13b	-0.5	0	0	0	0	-0.5	-0.5	-0.5	0	0	-0.5
Ankrd24	-0.5	0	0	0	0	-0.5	-0.5	-0.5	0	0	-0.5
Ankrd26	-0.5	0	0	0	0	0	0	0	0	0	0
Ankrd27	-0.5	0	0	0	0	-0.5	-0.5	-0.5	0	0	-0.5
Ankrd28	0.5	0	0	0.5	0	0.5	0.5	0.5	0.5	0.5	0
Ankrd50	0.5	0	0	0	0	0.5	0.5	0.5	0	0	0.5
Anks1	-0.5	0	0	0	0	-0.5	-0.5	-0.5	0	0	-0.5
Anpep	0	0	0	0	0	-0.5	0	0	0	0	0
Antxr1	0.5	0	0	0	0	0.5	0.5	0	0.5	0.5	0.5
Antxr2	0.5	0	0	0.5	0	0.5	0.5	0.5	0.5	0	0.5
Anxa1	0.5	0	0	0.5	0	0	0.5	0	0.5	0	0
Anxa11	0.5	0	0	0.5	0	0.5	0.5	0.5	0.5	0.5	0.5
Anxa2	0.5	0	0	0.5	0	0.5	0.5	0.5	0.5	0	0.5
Anxa7	0.5	0	0	0	0	0.5	0	0	0	0	0
Ap1g1	0.5	0	0.5	0.5	0	0.5	0.5	0.5	0	0.5	0.5
Ap3d1	-0.5	0	0	0	0	-0.5	-0.5	-0.5	0	0	-0.5
Ap3s2	-0.5	0	0	0	0	0	-0.5	0	0	0	0
Apba1	-0.5	0	0	0	0	-0.5	-0.5	-0.5	0	0	-0.5
Aplp2	0	0	0	0	0	0.5	0.5	0.5	0	0.5	0
Apobec1	-0.5	0	0	0	0	0	-0.5	-0.5	0	0	0
Apoe	0.5	0	0	0	0	0.5	0	0.5	0	0	0
Appl1	0.5	0	0.5	0	0	0.5	0	0.5	0	0	0
Aprt	-0.5	0	0	0	0	0	-0.5	-0.5	0	0	-0.5
Aqp9	0	0	0	0	0	0	-0.5	-0.5	0	0	-0.5
Arf6	0.5	0	0	0.5	0	0.5	0.5	0.5	0.5	0.5	0.5
Arfgef2	-0.5	0	0	0	0	-0.5	-0.5	-0.5	0	0	-0.5
Arhgap10	0.5	0	0	0.5	0	0.5	0.5	0.5	0.5	0	0.5
Arhgap12	0.5	0	0	0	0	0.5	0.5	0.5	0	0	0.5
Arhgap19	-0.5	0	0	0	0	0	0	-0.5	0	0	0
Arhgap23	0	0	0	0	0	0	0.5	0	0	0	0
Arhgap25	0	0	0	0	0	-0.5	-0.5	-0.5	0	0	-0.5
Arhgap26	0.5	0	0.5	0.5	0	0.5	0.5	0.5	0.5	0.5	0.5
Arhgap27	-0.5	0	0	0	0	-0.5	-0.5	0	0	0	-0.5
Arhgap32	0	0	0	0	0	0	0	-0.5	0	0	0
Arhgap39	-0.5	0	0	0	0	-0.5	-0.5	-0.5	0	0	0
Arhgap4	-0.5	0	0	0	0	-0.5	0	-0.5	0	0	0
Arhgap9	0	0	0	0	0	-0.5	-0.5	0	0	0	-0.5
Arhgef18	0	0	0	0	0	0	0	-0.5	0	0	0
Arhgef3	-0.5	0	0	0	0	-0.5	-0.5	-0.5	0	0	-0.5
Arhgef37	-0.5	0	0	0	0	-0.5	-0.5	-0.5	0	0	-0.5
Arhgef6	-0.5	0	0	0	0	-0.5	-0.5	0	0	0	-0.5
Arid1a	-0.5	0	0	0	0	-0.5	-0.5	-0.5	0	0	-0.5
Arid3a	0.5	0	0	0.5	0	0.5	0.5	0.5	0.5	0	0.5
Arid4b	0.5	0	0.5	0.5	0	0.5	0.5	0	0	0	0.5
Arl11	0	0	0	0	0	0	0	-0.5	0	0	0
Arl2bp	0.5	0	0	0	0	0.5	0	0.5	0	0	0
Arl5a	0.5	0	0.5	0	0	0.5	0.5	0.5	0	0.5	0.5
Arl5c	0	0	0	0	0	0	-0.5	0	0	0	-0.5
Arl6	0.5	0	0	0.5	0	0.5	0.5	0	0	0	0.5
Arnt	0.5	0	0	0	0	0	0	0	0	0	0.5
Arntl	0.5	0	0	0.5	0	0.5	0.5	0.5	0	0	0.5
Arrb1	0.5	0	0	0	0	0.5	0	0	0	0.5	0.5
Arrdc3	-0.5	0	0	0	0	-0.5	-0.5	-0.5	0	0	-0.5
Arsi	0.5	0	0	0.5	0	0	0.5	0	0.5	0	0.5
Asap2	0.5	0	0	0.5	0	0.5	0.5	0.5	0.5	0.5	0.5
Asb2	0	0	0	0	0	0	-0.5	0	0	0	-0.5
Asb4	0	0	0	0	0	0	0	0	0	0.5	0
Ascc1	-0.5	0	0	0	0	-0.5	-0.5	-0.5	0	0	-0.5
Asgr2	-0.5	0	0	0	0	0	-0.5	0	0	0	-0.5
Aspm	0	0	0	0	0	-0.5	0	0	0	0	0
Asxl1	0	0	0	0.5	0	0.5	0.5	0	0.5	0.5	0
Atf2	0.5	0	0.5	0	0	0.5	0	0.5	0	0	0.5
Atf3	-0.5	0	0	0	0	-0.5	-0.5	-0.5	0	0	-0.5
Atf6b	-0.5	0	0	0	0	-0.5	-0.5	0	0	0	-0.5
Atg4c	-0.5	0	0	0	0	0	-0.5	0	0	0	-0.5
Atmin	0.5	0	0	0	0	0.5	0.5	0.5	0	0.5	0.5
Atp10a	0.5	1.0	0.5	0.5	1.0	0.5	0.5	0.5	0	0.5	0.5
Atp11b	0.5	0	0.5	0.5	0	0.5	0.5	0.5	0.5	0	0.5
Atp11c	0.5	0	0	0.5	0	0.5	0	0	0	0	0
Atp1a1	0.5	0	0	0.5	0	0.5	0.5	0	0	0.5	0.5
Atp1a2	0	0	0.5	0	0	0	0	0	0	0.5	0
Atp1a3	-0.5	0	0	0	0	-0.5	0	-0.5	0	0	0
Atp1b3	0.5	0	0	0	0	0.5	0	0.5	0	0	0
Atp2a3	-0.5	0	0	0	0	-0.5	0	-0.5	0	0	0
Atp2b1	0.5	0	0.5	0.5	0	0.5	0.5	0	0	0.5	0.5
Atp2b4	0.5	0	0	0	0	0.5	0.5	0.5	0	0	0.5
Atp4a	-0.5	0	0	0	0	-0.5	-0.5	-0.5	0	0	-0.5
Atp5s	-0.5	0	0	0	0	-0.5	0	-0.5	0	0	0
Atp5sl	-0.5	0	0	0	0	-0.5	-0.5	-0.5	0	0	-0.5
Atp8b1	0	0	0	0.5	0	0.5	0.5	0	0	0	0.5
Atp8b4	0.5	0	0.5	0.5	0	0.5	0.5	0	0.5	0	0.5
Atrn	0.5	0	0	0	0	0.5	0	0.5	0	0	0
Au019823	0	0	0.5	0.5	0	0.5	0	0	0	0	0
Auh	0.5	0	0	0.5	0	0.5	0	0.5	0.5	0	0.5
Aurkb	-0.5	0	0	0	0	-0.5	0	-0.5	0	0	-0.5
Avl9	0.5	0	0	0	0	0.5	0.5	0.5	0	0.5	0.5
Aw011738	-0.5	0	0	0	0	-0.5	-0.5	-0.5	0	0	-0.5
Aw112010	-0.5	0	0	0	0	-0.5	-0.5	-0.5	0	0	0
Aw549877	0.5	0	0.5	0.5	0	0.5	0.5	0.5	0.5	0	0.5
Axl	0.5	0	0.5	0.5	0	0.5	0.5	0.5	0.5	0.5	0.5
B230217c12rik	0	0	0	0	0	-0.5	-0.5	-0.5	0	0	-0.5
B3gnt5	0.5	0	0	0	0	0.5	0.5	0.5	0	0.5	0
B3gnt8	0.5	0	0	0	0	0.5	0.5	0.5	0	0	0.5
B430306n03rik	0	0	0	0	0	0	-0.5	0	0	0	-0.5
B4galnt1	0	0	0	0	0	-0.5	-0.5	0	0	0	0
B4galt3	0.5	0	0	0.5	0	0.5	0.5	0.5	0	0.5	0
B4galt4	-0.5	0	0	0	0	-0.5	0	-0.5	0	0	-0.5
B4galt5	0.5	0	0.5	0	0	0.5	0.5	0.5	0	0	0.5
B4galt6	-0.5	0	0	0	0	-0.5	-0.5	-0.5	0	0	-0.5
Bahcc1	0.5	0	0.5	0.5	0	0	0.5	0	0.5	0	0.5
Baiap2l1	-0.5	0	0	0	0	-0.5	-0.5	-0.5	0	0	-0.5
Bank1	-0.5	0	0	0	0	-0.5	-0.5	0	0	0	-0.5
Banp	-0.5	0	0	0	0	-0.5	-0.5	-0.5	0	0	0
Basp1	0.5	0	0.5	0.5	0	0.5	0.5	0.5	0	0.5	0.5
Batf2	-0.5	0	0	0	0	0	0	0	0	0	0
Batf3	-0.5	0	0	0	0	-0.5	-0.5	-0.5	0	0	0
Bbs12	0.5	0	0	0.5	0	0	0	0.5	0	0	0
Bc026585	-0.5	0	0	0	0	-0.5	-0.5	-0.5	0	0	0
Bc028528	0.5	0	0.5	0.5	0	0.5	0	0.5	0	0.5	0.5
Bc029214	-0.5	0	0	0	0	-0.5	-0.5	-0.5	0	0	0
Bc030307	-0.5	0	0	0	0	-0.5	-0.5	-0.5	0	0	-0.5
Bc030336	0.5	0	0	0.5	0	0.5	0.5	0	0	0.5	0.5
Bc052040	0	0	0	0	0	0	-0.5	0	0	0	0
Bc053749	-0.5	0	0	0	0	-0.5	-0.5	-0.5	0	0	-0.5
Bc068157	0	0	0	0	0	-0.5	-0.5	0	0	0	-0.5
Bcar1	0.5	0	0	0.5	0	0.5	0	0.5	0	0	0.5
Bcar3	0	0	0	0	0	0.5	0.5	0.5	0	0	0.5
Bccip	0.5	0	0	0	0	0.5	0	0	0	0	0.5
Bckdha	-0.5	0	0	0	0	-0.5	-0.5	-0.5	0	0	-0.5
Bcl11a	-0.5	0	0	0	0	-0.5	-0.5	0	0	0	-0.5
Bcl2l1	0.5	0	0	0.5	0	0.5	0.5	0.5	0	0.5	0.5
Bcl2l11	0.5	0	0.5	0	0	0.5	0	0.5	0	0.5	0.5
Bcl2l2	-0.5	0	0	0	0	-0.5	-0.5	-0.5	0	0	-0.5
Bcl3	0.5	0	0.5	0	0	0.5	0.5	0.5	0	0.5	0.5
Bcl6	-0.5	0	0	0	0	-0.5	-0.5	-0.5	0	0	-0.5
Bco2	0.5	0	0	0.5	0	0.5	0.5	0.5	0.5	0.5	0
Bcorl1	0.5	0	0	0	0	0.5	0.5	0.5	0	0.5	0.5
Bcr	0.5	0	0	0.5	0	0.5	0.5	0	1.5	0.5	0.5
Bend3	0	0	0	0	0	0.5	0	0	0	0.5	0
Bhlhb9	-0.5	0	0	0	0	-0.5	0	-0.5	0	0	-0.5
Blnk	0	0	0	0	0	0	0	0	0	0	-0.5
Blvra	0	0	0	0	0	0	0	0	0	0	-0.5
Blzf1	0.5	0	0	0	0	0.5	0	0.5	0	0.5	0.5
Bmf	-0.5	0	0	0	0	-0.5	-0.5	-0.5	0	0	-0.5
Bmp2k	-0.5	0	0	0	0	-0.5	-0.5	-0.5	0	0	-0.5
Bmp6	0.5	0	0	0.5	0	0	0	0	0	0	0.5
Bmpr1a	0.5	0	0	0	0	0.5	0.5	0.5	0	0	0
Bnc2	0.5	0	0	0	0	0	0.5	0	0	0	0
Boc	0.5	0	0	0	0	0	0	0	0	0	0
Bpnt1	0.5	0	0	0	0	0.5	0	0.5	0	0.5	0.5
Braf	0.5	0	0.5	0	0	0.5	0.5	0.5	0	0.5	0.5
Bspry	-0.5	0	0	0	0	-0.5	0	-0.5	0	0	-0.5
Bst2	-0.5	0	0	0	0	-0.5	-0.5	0	0	0	-0.5
Btaf1	0.5	0	0.5	0	0	0.5	0.5	0.5	0	0	0.5
Btbd16	-0.5	0	0	0	0	-0.5	-0.5	-0.5	0	0	-0.5
Btbd19	-0.5	0	0	0	0	-0.5	-0.5	-0.5	0	0	-0.5
Btbd2	-0.5	0	0	0	0	-0.5	-0.5	-0.5	0	0	-0.5
Btbd7	0.5	0	0	0.5	0	0.5	0.5	0	0	0.5	0.5
Btg2	0	0	0	0	0	-0.5	-0.5	0	0	0	-0.5
Bub1b	-0.5	0	0	0	0	0	-0.5	0	0	0	-0.5
Bzw1	0	0	0.5	0.5	0	0.5	0.5	0.5	0.5	0.5	0.5
C030034i22rik	0	0	0	0	0	0	0	0.5	0	0	0
C030039l03rik	0	0	0	0	0	-0.5	-0.5	0	0	0	0
C130036l24rik	-0.5	0	0	0	0	-0.5	0	-0.5	0	0	-0.5
C130050o18rik	0	0	0	0.5	0	0.5	0	0	0.5	0.5	0.5
C1qbp	-0.5	0	0	0	0	-0.5	-0.5	-0.5	0	0	0
C1qtnf1	0	0	0	0	0	0	0.5	0	0	0.5	0
C1qtnf3	0.5	0	0	0	0	0.5	0.5	0.5	0	0.5	0.5
C230091d08rik	0	0	0	0	0	0	0.5	0	0	0	0
C2cd2	0.5	0	0.5	0	0	0.5	0	0.5	0	0.5	0
C2cd3	-0.5	0	0	0	0	-0.5	-0.5	-0.5	0	0	-0.5
C3	0	0	0	0	0	0	0.5	0	0	0	0.5
C78339	0	0	0	0	0	0.5	0	0	0	0	0
Cab39	0	0	0	0	0	0.5	0	0.5	0	0	0.5
Cacna1d	0.5	0	0.5	0.5	0	0	0.5	0	0	0.5	0
Cacna1s	-0.5	0	0	0	0	0	0	0	0	0	0
Cacna2d2	-0.5	0	0	0	0	-0.5	0	-0.5	0	0	0
Cacnb1	-0.5	0	0	0	0	-0.5	-0.5	0	0	0	-0.5
Cacnb2	0.5	0	0	0	0	0.5	0.5	0	0	0	0.5
Cacnb4	-0.5	0	0	0	0	-0.5	-0.5	-0.5	0	0	-0.5
Cacybp	-0.5	0	0	0	0	-0.5	-0.5	-0.5	0	0	0
Cadm1	0.5	0	0.5	0.5	0	0.5	0.5	0.5	0.5	0.5	0.5
Cadm3	0.5	0	0	0	0	0	0	0	0	0	0
Cald1	0.5	0	0	0	0	0.5	0	0	0	0	0
Camkk1	-0.5	0	0	0	0	-0.5	0	-0.5	0	0	-0.5
Caml	0.5	0	0	0	0	0.5	0.5	0	0	0	0.5
Camsap1	0.5	0	0	0	0	0.5	0.5	0.5	0	0.5	0.5
Cand1	0.5	0	0	0	0	0.5	0.5	0.5	0	0	0.5
Cand2	0	0	0	0	0	-0.5	0	0	0	0	-0.5
Capg	0	0	0.5	0.5	0	0.5	0.5	0	0.5	0	0.5
Capn2	0	0	0	0.5	0	0.5	0.5	0.5	0.5	0	0.5
Capn3	0.5	0	0	0	0	0	0.5	0.5	0.5	0	0
Capn5	0.5	1.0	0	0.5	0	0	0.5	0.5	0.5	0	0.5
Caprin1	-0.5	0	0	0	0	-0.5	-0.5	-0.5	0	0	-0.5
Car13	0.5	0	0	0.5	0	0.5	0.5	0.5	0.5	0.5	0
Car5b	0.5	0	0	0	0	0.5	0	0.5	0	0	0
Card10	0.5	0	0	0	0	0.5	0.5	0.5	0	0.5	0
Card11	0	0	0	0	0	-0.5	-0.5	0	0	0	-0.5
Cask	-0.5	0	0	0	0	-0.5	-0.5	-0.5	0	0	-0.5
Casp1	-0.5	0	0	0	0	0	-0.5	-0.5	0	0	0
Casp6	0.5	0	0	0	0	0.5	0	0.5	0	0	0.5
Casp7	-0.5	0	0	0	0	-0.5	-0.5	-0.5	0	0	-0.5
Cav1	0	0	0	0	0	0	0	0	0	0	0.5
Cav2	0.5	0	0	0.5	0	0.5	0.5	0.5	0.5	0	0
Cbl	-0.5	0	0	0	0	-0.5	-0.5	-0.5	0	0	-0.5
Cblb	0.5	0	0	0.5	0	0.5	0.5	0.5	0.5	0.5	0.5
Cbll1	0	0	0.5	0	0	0.5	0	0	0	0.5	0.5
Cbr1	-0.5	0	0	0	0	-0.5	0	-0.5	0	0	0
Cbx4	-0.5	0	0	0	0	-0.5	0	0	0	0	-0.5
Ccbl2	-0.5	0	0	0	0	-0.5	0	0	0	0	-0.5
Ccdc101	-0.5	0	0	0	0	-0.5	-0.5	-0.5	0	0	-0.5
Ccdc109b	0.5	0	0	0	0	0	0.5	0	0	0	0.5
Ccdc114	0.5	0	0.5	0.5	0	0.5	0.5	0.5	0.5	0.5	0.5
Ccdc141	0.5	0	0	0	0	0	0	0	0	0	0
Ccdc146	0.5	0	0	0.5	0	0.5	0.5	0	0.5	0	0.5
Ccdc15	-0.5	0	0	0	0	0	-0.5	0	0	0	0
Ccdc40	-0.5	0	0	0	0	-0.5	0	-0.5	0	0	-0.5
Ccdc53	-0.5	0	0	0	0	-0.5	-0.5	-0.5	0	0	0
Ccdc6	0.5	0	0	0.5	0	0.5	0.5	0.5	0	0.5	0.5
Ccdc69	-0.5	0	0	0	0	0	-0.5	0	0	0	-0.5
Ccdc74a	0.5	0	0	0	0	0.5	0	0.5	0	0	0
Ccdc88a	-0.5	0	0	0	0	-0.5	-0.5	-0.5	0	0	-0.5
Ccdc88b	-0.5	0	0	0	0	-0.5	-0.5	0	0	0	0
Ccdc88c	-0.5	0	0	0	0	-0.5	-0.5	-0.5	0	0	-0.5
Ccdc91	-0.5	0	0	0	0	0	0	0	0	0	0
Ccl11	0	0	0	0	0	0	0.5	0	0	0	0
Ccl17	0	0	0.5	0	0	0.5	0.5	0	0	0.5	0.5
Ccl3	-0.5	0	0	0	0	0	-0.5	-0.5	0	0	-0.5
Ccl4	-0.5	0	0	0	0	0	-0.5	0	0	0	-0.5
Ccl7	0.5	0	0	0	0	0	0.5	0.5	0	0	0
Ccl9	0	0	0	0.5	0	0	0.5	0	0	0.5	0
Ccnc	0	0	0	0	0	0.5	0.5	0	0	0	0
Ccnd2	-0.5	0	0	0	0	-0.5	-0.5	-0.5	0	0	-0.5
Ccne2	0.5	0	0.5	0	0	0.5	0.5	0.5	0	0	0.5
Ccnf	-0.5	0	0	0	0	-0.5	-0.5	-0.5	0	0	-0.5
Ccng2	-0.5	0	0	0	0	-0.5	-0.5	-0.5	0	0	-0.5
Ccny	0.5	0	0.5	0.5	0	0.5	0	0.5	0	0.5	0
Ccr5	0	0	0	0	0	0	0	0	0	0.5	0
Ccr9	-0.5	0	0	0	0	0	0	-0.5	0	0	-0.5
Ccrl2	-0.5	0	0	0	0	0	-0.5	0	0	0	-0.5
Ccrn4l	0	0	0.5	0.5	0	0.5	0	0	0	0	0.5
Cct7	-0.5	0	0	0	0	-0.5	-0.5	-0.5	0	0	-0.5
Cd101	-0.5	0	0	0	0	0	-0.5	0	0	0	-0.5
Cd109	0.5	0	0	0.5	0	0	0	0	0.5	0	0
Cd14	0	0	0	0	0	0.5	0.5	0.5	0	0	0
Cd151	0.5	0	0.5	0.5	0	0.5	0.5	0.5	0	0.5	0.5
Cd160	0	0	0	0	0	0	0	0	0	0.5	0
Cd164	0.5	0	0	0	0	0.5	0	0.5	0	0	0
Cd180	-0.5	0	0	0	0	0	-0.5	0	0	0	0
Cd200r1	0	0	0	0	0	0	0	0	0	0	-0.5
Cd207	0	0	0	0	0	0	0	0	0	0	0.5
Cd209a	0	0	0	0	0	-0.5	0	0	0	0	-0.5
Cd226	0.5	0	0	0	0	0	0	0	0	0	0
Cd2ap	-0.5	0	0	0	0	-0.5	-0.5	-0.5	0	0	-0.5
Cd300a	0	0	0	0	0	-0.5	-0.5	-0.5	0	0	-0.5
Cd300c	0	0	0	0	0	-0.5	-0.5	0	0	0	0
Cd300lf	0	0	0	0	0	-0.5	-0.5	0	0	0	-0.5
Cd302	-0.5	0	0	0	0	-0.5	0	0	0	0	-0.5
Cd33	-0.5	0	0	0	0	0	-0.5	0	0	0	-0.5
Cd37	0.5	0	0	0.5	0	0.5	0	0.5	0	0.5	0
Cd4	-0.5	0	0	0	0	-0.5	0	0	0	0	-0.5
Cd44	0.5	0	0.5	0.5	0	0.5	0.5	0.5	0.5	0	0.5
Cd53	0.5	0	0	0.5	0	0	0.5	0	0	0	0.5
Cd55	0.5	0	0	0	0	0.5	0.5	0.5	0	0.5	0
Cd63	0	0	0	0	0	0.5	0.5	0	0	0.5	0.5
Cd69	0	0	0	0	0	0	0	0	0	0	-0.5
Cd72	-0.5	0	0	0	0	-0.5	0	-0.5	0	0	-0.5
Cd79b	-0.5	0	0	0	0	0	0	0	0	0	-0.5
Cd81	0.5	0	0	0	0	0	0.5	0	0	0	0.5
Cd83	-0.5	0	0	0	0	-0.5	-0.5	-0.5	0	0	-0.5
Cd86	0.5	0	0	0.5	0	0.5	0.5	0.5	0.5	0	0.5
Cd9	0.5	0	0	0	0	0	0	0	0	0	0
Cd93	0.5	0	0	0.5	0	0	0.5	0	0	0	0.5
Cd99l2	0.5	0	0	0	0	0.5	0.5	0.5	0	0	0.5
Cdc16	0.5	0	0	0	0	0.5	0.5	0.5	0	0.5	0.5
Cdc25c	-0.5	0	0	0	0	-0.5	-0.5	0	0	0	0
Cdc27	0.5	0	0	0	0	0.5	0	0	0	0.5	0
Cdc42ep1	0	0	0	0	0	0.5	0	0	0	0.5	0
Cdc42ep2	-0.5	0	0	0	0	-0.5	-0.5	-0.5	0	0	-0.5
Cdc42ep3	0.5	0	0	0	0	0.5	0.5	0.5	0	0	0.5
Cdc42ep5	0.5	0	0	0	0	0.5	0	0.5	0	0	0
Cdc45	-0.5	0	0	0	0	0	0	-0.5	0	0	0
Cdca4	0.5	0	0	0	0	0.5	0.5	0.5	0	0.5	0.5
Cdca7l	-0.5	0	0	0	0	0	0	0	0	0	0
Cdh23	0.5	1.0	0.5	0.5	1.0	0.5	0.5	0	0.5	0	0.5
Cdk17	0.5	0	0	0.5	0	0.5	0.5	0.5	0.5	0.5	0.5
Cdk20	0	0	0	0	0	0	0	-0.5	0	0	0
Cdk5rap2	-0.5	0	0	0	0	-0.5	-0.5	0	0	0	0
Cdkl3	-0.5	0	0	0	0	-0.5	-0.5	-0.5	0	0	-0.5
Cdkn1a	0.5	0	0	0.5	0	0.5	0.5	0.5	0.5	0.5	0.5
Cdkn2aip	0.5	0	0.5	0	0	0.5	0.5	0.5	0	0.5	0
Cdkn2c	-0.5	0	0	0	0	-0.5	0	-0.5	0	0	-0.5
Cdkn2d	0	0	0	0	0	0	0.5	0.5	0	0	0.5
Cdnf	-0.5	0	0	0	0	0	-0.5	-0.5	0	0	-0.5
Cdr2	0.5	0	0	0	0	0	0	0	0	0	0.5
Cdyl2	-0.5	0	0	0	0	-0.5	-0.5	0	0	0	-0.5
Cebpa	0	0	0	0	0	-0.5	0	-0.5	0	0	-0.5
Cebpg	0.5	0	0.5	0	0	0.5	0	0	0	0.5	0.5
Celf4	-0.5	0	0	0	0	-0.5	-0.5	-0.5	0	0	-0.5
Cenpa	0	0	0	0	0	0.5	0	0.5	0	0	0
Cenpb	0.5	0	0	0	0	0.5	0.5	0.5	0	0.5	0
Cenpe	-0.5	0	0	0	0	-0.5	-0.5	-0.5	0	0	0
Cenpf	-0.5	0	0	0	0	-0.5	0	-0.5	0	0	0
Cenpv	-0.5	0	0	0	0	0	0	0	0	0	0
Cep250	-0.5	0	0	0	0	-0.5	-0.5	0	0	0	-0.5
Cep57l1	-0.5	0	0	0	0	-0.5	-0.5	-0.5	0	0	-0.5
Cep63	-0.5	0	0	0	0	-0.5	0	-0.5	0	0	-0.5
Cfb	-0.5	0	0	0	0	-0.5	0	-0.5	0	0	0
Cflar	0.5	0	0	0.5	0	0.5	0.5	0.5	0.5	0.5	0.5
Cggbp1	0.5	0	0	0	0	0.5	0.5	0.5	0	0.5	0.5
Ch25h	0	0	0	0.5	0	0	0	0.5	0.5	0	0
Chchd7	-0.5	0	0	0	0	-0.5	0	-0.5	0	0	-0.5
Chd3	-0.5	0	0	0	0	-0.5	0	0	0	0	-0.5
Chd5	0.5	0	0	0	0	0.5	0.5	0	0	0	0.5
Chd9	-0.5	0	0	0	0	-0.5	-0.5	-0.5	0	0	-0.5
Chek2	0	0	0	0	0	-0.5	0	-0.5	0	0	0
Chid1	-0.5	0	0	0	0	-0.5	-0.5	-0.5	0	0	0
Chka	-0.5	0	0	0	0	-0.5	-0.5	-0.5	0	0	0
Chordc1	0	0	0	0	0	0	-0.5	0	0	0	-0.5
Chrac1	-0.5	0	0	0	0	-0.5	-0.5	-0.5	0	0	-0.5
Chst11	0.5	0	0.5	0.5	0	0.5	0.5	0.5	0.5	0.5	0.5
Chst15	-0.5	0	0	0	0	-0.5	-0.5	-0.5	0	0	0
Chsy1	0.5	0	0	0.5	0	0.5	0.5	0	0	0.5	0.5
Cideb	0.5	0	0	0	0	0.5	0.5	0.5	0	0.5	0.5
Ciita	-0.5	0	0	0	0	-0.5	-0.5	-0.5	0	0	-0.5
Cirh1a	0.5	0	0	0.5	0	0.5	0.5	0.5	0.5	0.5	0.5
Cish	0.5	0	0.5	0	0	0.5	0.5	0.5	0	0.5	0.5
Cit	-0.5	0	0	0	0	0	0	0	0	0	0
Cited4	-0.5	0	0	0	0	-0.5	0	0	0	0	0
Ciz1	-0.5	0	0	0	0	-0.5	0	-0.5	0	0	-0.5
Ckap4	0.5	0	0	0	0	0.5	0	0	0.5	0.5	0.5
Clasp2	0.5	0	0	0.5	0	0.5	0.5	0.5	0.5	0.5	0.5
Clcf1	0	0	0	0	0	0.5	0.5	0.5	0	0	0.5
Cldn1	0.5	0	0	0	0	0.5	0.5	0.5	0	0.5	0
Cldn12	0.5	0	0	0	0	0.5	0	0	0	0.5	0
Clec1a	-0.5	0	0	0	0	0	-0.5	0	0	0	-0.5
Clec1b	-0.5	0	0	0	0	0	0	0	0	0	0
Clec2i	0	0	0	0.5	0	0.5	0.5	0	0.5	0	0.5
Clec4a2	0	0	0	0	0	0	0	-0.5	0	0	-0.5
Clec4a4	0	0	0	0	0	0	0	0	0	0	-0.5
Clec4d	0.5	0	0	0.5	0	0.5	0.5	0	0.5	0	0.5
Clec4g	-0.5	0	0	0	0	0	-0.5	0	0	0	-0.5
Clic4	0.5	0	0	0.5	0	0.5	0	0.5	0.5	0.5	0.5
Clip2	-0.5	0	0	0	0	-0.5	-0.5	-0.5	0	0	-0.5
Cln3	0.5	0	0	0.5	0	0	0.5	0	0	0	0.5
Cln8	0	0	0	0	0	-0.5	-0.5	0	0	0	-0.5
Clock	0.5	0	0.5	0	0	0.5	0.5	0.5	0	0.5	0.5
Clpx	0.5	0	0	0	0	0.5	0.5	0	0	0	0.5
Clybl	-0.5	0	0	0	0	-0.5	0	-0.5	0	0	-0.5
Cmtm6	0.5	0	0	0.5	0	0.5	0.5	0.5	0.5	0.5	0
Cnksr3	0.5	0	0	0	0	0.5	0.5	0.5	0	0	0
Cnnm1	-0.5	0	0	0	0	0	0	0	0	0	0
Cnnm2	0.5	0	0	0	0	0.5	0	0.5	0	0.5	0.5
Cnot4	0.5	0	0	0.5	0	0	0.5	0.5	0	0	0
Cnpy4	-0.5	0	0	0	0	-0.5	0	-0.5	0	0	0
Cntln	-0.5	0	0	0	0	-0.5	0	0	0	0	0
Cntnap2	-0.5	0	0	0	0	-0.5	-0.5	-0.5	0	0	0
Col12a1	0	0	0	0	0	0	0.5	0	0.5	0	0
Col14a1	0.5	0	0.5	0	0	0.5	0.5	0	0	0	0.5
Col15a1	0.5	0	0	0.5	0	0	0.5	0.5	0	0	0.5
Col16a1	0	0	0	0	0	0	0.5	0.5	0	0	0
Col17a1	-0.5	0	0	0	0	0	0	0	0	0	0
Col1a1	0	0	0	0	0	0.5	0.5	0	0	0	0
Col1a2	0	0	0	0	0	0	0	0	0	0.5	0
Col23a1	-0.5	0	0	0	0	-0.5	-0.5	0	0	0	-0.5
Col4a1	0.5	0	0	0	0	0	0	0	0	0	0
Col4a2	0	0	0.5	0.5	0	0	0.5	0	0.5	0	0.5
Col4a3bp	0.5	0	0.5	0	0	0.5	0.5	0.5	0	0.5	0.5
Col5a3	0	0	0	0	0	0	0	0	0	0	0.5
Col7a1	0.5	0	0	0	0	0.5	0	0.5	0	0	0
Colec12	0	0	0	0	0	0	0.5	0	0.5	0	0
Comt	0	0	0	0	0	-0.5	0	0	0	0	0
Coq2	-0.5	0	0	0	0	-0.5	-0.5	0	0	0	-0.5
Coro1b	-0.5	0	0	0	0	-0.5	-0.5	-0.5	0	0	-0.5
Cox19	0.5	0	0	0	0	0.5	0	0.5	0	0	0
Cox7a2l	-0.5	0	0	0	0	-0.5	0	-0.5	0	0	0
Cp	0	0	0	0	0	0.5	0.5	0	0	0	0.5
Cpd	0	0	0	0	0	0.5	0	0.5	0	0	0
Cpeb1	0.5	0	0	0	0	0.5	0	0.5	0	0	0
Cpeb3	0.5	0	0	0	0	0.5	0	0.5	0	0.5	0.5
Cpm	-0.5	0	0	0	0	-0.5	-0.5	0	0	0	-0.5
Cramp1l	0.5	0	0	0	0	0.5	0	0.5	0	0.5	0.5
Creb5	0.5	0	0	0.5	0	0.5	0.5	0.5	0.5	0	0.5
Creg1	-0.5	0	0	0	0	-0.5	0	-0.5	0	0	-0.5
Crip1	0.5	0	0	0.5	0	0.5	0.5	0.5	0	0.5	0.5
Crip2	0.5	0	0	0.5	0	0.5	0.5	0.5	0	0.5	0.5
Crk	0.5	0	0	0.5	0	0.5	0.5	0.5	0.5	0	0.5
Crkl	0	0	0	0.5	0	0	0	0	0	0	0.5
Crtap	0.5	0	0	0	0	0.5	0	0.5	0	0	0
Crtc2	0.5	0	0.5	0.5	0	0.5	0.5	0.5	0.5	0.5	0.5
Crtc3	0.5	0	0.5	0.5	0	0.5	0.5	0.5	0	0	0.5
Csad	-0.5	0	0	0	0	-0.5	-0.5	0	0	0	-0.5
Csf1	0.5	0	0.5	0.5	0	0.5	0.5	0	0	0	0
Csf2	0	0	0	0	0	-0.5	0	0	0	0	0
Csf2rb	0.5	0	0	0	0	0	0.5	0	0	0.5	0
Csf2rb2	0.5	0	0	0	0	0	0	0	0.5	0	0
Csf3	0	0	0	0	0	0.5	0.5	0.5	0	0	0.5
Csk	0	0	0	0	0	0	-0.5	-0.5	0	0	0
Cspg4	0.5	0	0	0	0	0.5	0.5	0	0	0.5	0.5
Ctage5	0	0	0	0	0	0	-0.5	0	0	0	0
Ctc1	-0.5	0	0	0	0	-0.5	0	-0.5	0	0	-0.5
Ctla4	-0.5	0	0	0	0	0	0	0	0	0	-0.5
Ctnna1	0.5	0	0	0.5	0	0.5	0.5	0.5	0.5	0.5	0
Ctnnal1	0.5	0	0.5	0	0	0.5	0.5	0.5	0	0.5	0
Ctnnbl1	-0.5	0	0	0	0	-0.5	0	-0.5	0	0	-0.5
Ctnnd2	-0.5	0	0	0	0	-0.5	-0.5	0	0	0	-0.5
Ctps2	-0.5	0	0	0	0	-0.5	-0.5	0	0	0	-0.5
Ctsa	0	0	0	0	0	-0.5	0	-0.5	0	0	-0.5
Ctse	0.5	0	0	0.5	0	0	0.5	0.5	0.5	0	0
Ctsh	-0.5	0	0	0	0	0	0	0	0	0	0
Cttnbp2nl	0.5	0	0	0	0	0.5	0.5	0	0.5	0.5	0.5
Cuedc2	-0.5	0	0	0	0	-0.5	-0.5	-0.5	0	0	-0.5
Cul2	0.5	0	0	0.5	0	0	0	0	0	0	0.5
Cwc25	-0.5	0	0	0	0	-0.5	-0.5	-0.5	0	0	-0.5
Cwf19l1	0.5	0	0.5	0	0	0	0.5	0	0	0	0.5
Cx3cl1	0	0	0.5	0	0	0.5	0.5	0	0.5	0	0.5
Cxcl1	0.5	0	0	0	0	0.5	0	0	0	0	0.5
Cxcl2	-0.5	0	0	0	0	-0.5	-0.5	-0.5	0	0	-0.5
Cxcl9	-0.5	0	0	0	0	0	0	0	0	0	0
Cxcr2	0	0	0	0	0	0	-0.5	-0.5	0	0	-0.5
Cxcr4	-0.5	0	0	0	0	-0.5	0	-0.5	0	0	-0.5
Cxxc5	0	0	0.5	0.5	0	0.5	0.5	0	0	0	0.5
Cybb	-0.5	0	0	0	0	0	-0.5	0	0	0	0
Cyp20a1	0.5	0	0	0	0	0.5	0	0.5	0	0.5	0.5
Cyp26b1	-0.5	0	0	0	0	-0.5	0	-0.5	0	0	-0.5
Cyp2ab1	0	0	0	0	0	0	0	0	0	0.5	0
Cyp2t4	0.5	0	0	0	0	0.5	0	0.5	0	0.5	0.5
Cyp4f16	-0.5	0	0	0	0	0	-0.5	-0.5	0	0	0
Cyp4f18	-0.5	0	0	0	0	-0.5	-0.5	-0.5	0	0	0
Cyp7b1	-0.5	0	0	0	0	0	0	0	0	0	0
Cysltr2	-0.5	0	0	0	0	0	0	0	0	0	0
Cyth1	0.5	0	0	0.5	0	0.5	0	0.5	0	0.5	0.5
Cyth3	0.5	0	0	0	0	0.5	0.5	0	0	0.5	0
Cytip	0.5	0	0	0.5	0	0.5	0.5	0.5	0.5	0	0.5
D030028a08rik	-0.5	0	0	0	0	-0.5	0	-0.5	0	0	-0.5
D330045a20rik	0	0	0	0	0	0	-0.5	0	0	0	0
D3bwg0562e	0	0	0	0	0	0.5	0.5	0	0	0	0.5
D730005e14rik	0.5	0	0	0.5	0	0.5	0.5	0.5	0	0.5	0
D8ertd738e	-0.5	0	0	0	0	-0.5	-0.5	-0.5	0	0	-0.5
D8ertd82e	0.5	0	0	0	0	0.5	0	0.5	0	0.5	0.5
D930020b18rik	0	0	0	0	0	0	0	-0.5	0	0	-0.5
Daam1	0.5	0	0.5	0	0	0.5	0	0.5	0	0.5	0
Dab2	-0.5	0	0	0	0	0	-0.5	0	0	0	0
Dab2ip	0	0	0	0	0	0	0	-0.5	0	0	-0.5
Dagla	0.5	0	0	0.5	0	0.5	0.5	0.5	0	0.5	0.5
Daglb	-0.5	0	0	0	0	0	-0.5	-0.5	0	0	-0.5
Dak	-0.5	0	0	0	0	-0.5	-0.5	-0.5	0	0	0
Dapk2	-0.5	0	0	0	0	-0.5	-0.5	-0.5	0	0	-0.5
Dbndd2	0	0	0	0	0	-0.5	0	0	0	0	0
Dcaf10	0.5	0	0	0	0	0.5	0	0	0	0.5	0.5
Dcaf8	-0.5	0	0	0	0	-0.5	0	-0.5	0	0	0
Dcdc2b	-0.5	0	0	0	0	-0.5	0	-0.5	0	0	-0.5
Dchs1	0.5	0	0	0.5	0	0	0	0	0	0.5	0.5
Dclk1	0.5	0	0	0	0	0	0	0	0	0	0.5
Dclre1b	0.5	0	0	0	0	0.5	0.5	0.5	0	0.5	0.5
Dcps	-0.5	0	0	0	0	-0.5	-0.5	-0.5	0	0	-0.5
Dctd	-0.5	0	0	0	0	-0.5	0	0	0	0	0
Dctn4	0	0	0	0	0	0.5	0.5	0.5	0	0.5	0.5
Dcun1d3	0.5	0	0.5	0	0	0.5	0.5	0.5	0	0.5	0.5
Ddhd1	-0.5	0	0	0	0	-0.5	-0.5	-0.5	0	0	-0.5
Ddit3	-0.5	0	0	0	0	-0.5	-0.5	-0.5	0	0	-0.5
Ddr1	-0.5	0	0	0	0	-0.5	-0.5	-0.5	0	0	-0.5
Ddr2	0.5	0	0	0	0	0.5	0.5	0.5	0	0	0
Ddt	-0.5	0	0	0	0	-0.5	-0.5	-0.5	0	0	-0.5
Ddx39	-0.5	0	0	0	0	-0.5	-0.5	0	0	0	-0.5
Ddx41	0	0	0.5	0	0	0.5	0.5	0	0	0.5	0.5
Ddx58	-0.5	0	0	0	0	0	0	0	0	0	-0.5
Ddx6	0.5	0	0.5	0	0	0.5	0.5	0.5	0	0	0.5
Ddx60	-0.5	0	0	0	0	0	0	0	0	0	0
Decr2	0	0	0	0	0	-0.5	0	-0.5	0	0	-0.5
Dedd2	0	0	0	0	0	-0.5	-0.5	-0.5	0	0	-0.5
Dennd2a	0.5	1.0	0	0	0	0.5	0.5	0	0.5	0	0
Dennd2d	0	0	0	0	0	0	-0.5	0	0	0	-0.5
Dennd3	-0.5	0	0	0	0	-0.5	-0.5	-0.5	0	0	-0.5
Dennd4a	0.5	0	0	0	0	0.5	0.5	0.5	0	0.5	0.5
Depdc7	0.5	0	0.5	0	0	0.5	0	0.5	0	0	0.5
Dexi	-0.5	0	0	0	0	-0.5	0	-0.5	0	0	-0.5
Dfna5	0.5	0	0.5	0	0	0	0.5	0	0	0.5	0.5
Dgka	0.5	0	0	0	0	0.5	0	0	0	0.5	0.5
Dgkb	0	0	0	0	0	0	0	0	0.5	0	0
Dgkg	0.5	0	0	0.5	0	0.5	0.5	0.5	0.5	0	0.5
Dgkh	0.5	0	0	0	0	0.5	0.5	0	0	0	0.5
Dguok	-0.5	0	0	0	0	0	-0.5	0	0	0	0
Dhcr7	-0.5	0	0	0	0	-0.5	-0.5	-0.5	0	0	-0.5
Dhdds	-0.5	0	0	0	0	-0.5	-0.5	-0.5	0	0	-0.5
Dhdh	-0.5	0	0	0	0	-0.5	-0.5	-0.5	0	0	0
Dhodh	0	0	0	0	0	0	0	0	0	0	-0.5
Dhrs3	-0.5	0	0	0	0	-0.5	-0.5	0	0	0	-0.5
Dhrs9	0	0	0	0.5	0	0	0.5	0.5	0	0	0.5
Dhx58	-0.5	0	0	0	0	0	0	-0.5	0	0	0
Diap1	0.5	0	0	0.5	0	0.5	0.5	0.5	0.5	0	0.5
Diap3	-0.5	0	0	0	0	-0.5	-0.5	-0.5	0	0	-0.5
Dimt1	0	0	0	0	0	0.5	0.5	0	0	0	0
Dirc2	-0.5	0	0	0	0	-0.5	-0.5	0	0	0	-0.5
Dis3l2	0	0	0	0	0	-0.5	0	0	0	0	-0.5
Disc1	0	0	0	0	0	-0.5	-0.5	0	0	0	-0.5
Dld	0.5	0	0	0	0	0.5	0	0.5	0	0	0
Dleu2	-0.5	0	0	0	0	-0.5	-0.5	-0.5	0	0	-0.5
Dlgap5	0	0	0	0	0	-0.5	-0.5	0	0	0	-0.5
Dmpk	0	0	0.5	0	0	0	0.5	0	0	0	0.5
Dnaja1	-0.5	0	0	0	0	-0.5	-0.5	0	0	0	-0.5
Dnajb1	-0.5	0	0	0	0	-0.5	-0.5	-0.5	0	0	0
Dnajb3	0	0	0	0	0	0	0	0	0.5	0	0
Dnajc10	0.5	0	0	0	0	0.5	0	0.5	0	0	0
Dnajc19	0	0	0	0	0	0.5	0	0	0	0	0
Dnajc4	-0.5	0	0	0	0	-0.5	0	-0.5	0	0	-0.5
Dnal1	0	0	0	0	0	-0.5	0	0	0	0	0
Dnase2a	-0.5	0	0	0	0	-0.5	0	-0.5	0	0	-0.5
Dnm1	0.5	0	0	0	0	0.5	0	0.5	0	0.5	0
Dnm3os	0	0	0	0	0	0	0.5	0	0	0	0
Dnmt3a	0	0	0	0	0	-0.5	-0.5	-0.5	0	0	-0.5
Dock9	0.5	0	0.5	0	0	0.5	0	0.5	0	0	0
Dpy19l1	-0.5	0	0	0	0	-0.5	-0.5	-0.5	0	0	-0.5
Dpysl5	0.5	0	0	0	0	0.5	0	0.5	0	0	0
Dram1	-0.5	0	0	0	0	-0.5	0	0	0	0	-0.5
Dscaml1	0.5	0	0	0	0	0	0.5	0	0	0	0
Dsel	0.5	0	0	0	0	0.5	0.5	0.5	0	0	0
Dst	0.5	0	0	0.5	0	0.5	0.5	0	0	0	0.5
Dtd1	-0.5	0	0	0	0	0	-0.5	-0.5	0	0	0
Dtna	0	0	0	0	0	0	0.5	0	0	0	0
Dtnbp1	0.5	0	0	0.5	0	0.5	0	0.5	0	0.5	0.5
Dtx3l	-0.5	0	0	0	0	0	-0.5	0	0	0	-0.5
Dtx4	-0.5	0	0	0	0	-0.5	-0.5	-0.5	0	0	0
Dusp1	-0.5	0	0	0	0	-0.5	-0.5	-0.5	0	0	-0.5
Dusp10	-0.5	0	0	0	0	-0.5	0	-0.5	0	0	-0.5
Dusp2	0.5	0	0	0	0	0.5	0.5	0	0	0.5	0.5
Dusp6	-0.5	0	0	0	0	-0.5	-0.5	-0.5	0	0	-0.5
Dusp8	-0.5	0	0	0	0	-0.5	0	-0.5	0	0	0
Dvl3	0.5	0	0	0.5	0	0.5	0.5	0.5	0	0	0.5
Dym	-0.5	0	0	0	0	0	-0.5	-0.5	0	0	-0.5
Dyrk2	-0.5	0	0	0	0	-0.5	-0.5	-0.5	0	0	-0.5
Dyrk4	-0.5	0	0	0	0	0	0	0	0	0	0
E030024n20rik	0	0	0	0	0	0	0.5	0	0	0	0
E130112n10rik	0.5	0	0.5	0.5	0	0.5	0.5	0	0	0	0
E230016k23rik	0.5	0	0	0.5	0	0	0.5	0	0	0.5	0
E2f1	-0.5	0	0	0	0	-0.5	-0.5	-0.5	0	0	-0.5
E2f5	0.5	0	0	0	0	0.5	0.5	0.5	0	0	0.5
E2f8	0	0	0	0	0	-0.5	-0.5	0	0	0	-0.5
E330020d12rik	-0.5	0	0	0	0	0	0	0	0	0	0
Eaf1	0	0	0	0	0	0	0	0	0	0	0.5
Eaf2	-0.5	0	0	0	0	-0.5	-0.5	-0.5	0	0	-0.5
Ears2	0.5	0	0	0	0	0.5	0	0	0	0	0
Ebf3	0.5	0	0.5	0	0	0.5	0	0	0	0.5	0.5
Ecm1	0	0	0	0	0	0	0	0	0	0	0.5
Ecsit	-0.5	0	0	0	0	-0.5	0	-0.5	0	0	-0.5
Ect2l	0.5	0	0	0.5	0	0	0	0	0	0	0
Edc3	0.5	0	0.5	0	0	0.5	0	0.5	0	0	0
Edc4	0.5	0	0	0	0	0	0	0	0	0	0.5
Edem2	-0.5	0	0	0	0	-0.5	-0.5	-0.5	0	0	0
Edil3	0	0	0	0	0	0.5	0	0	0	0	0.5
Eea1	0.5	0	0	0	0	0.5	0.5	0.5	0	0	0.5
Eed	0	0	0	0	0	0.5	0.5	0	0	0	0.5
Eef2k	-0.5	0	0	0	0	-0.5	-0.5	-0.5	0	0	-0.5
Eepd1	-0.5	0	0	0	0	-0.5	-0.5	-0.5	0	0	-0.5
Efhd1	0.5	0	0	0	0	0	0	0	0	0	0.5
Efnb2	0.5	0	0	0	0	0	0.5	0.5	0	0	0
Efr3b	0.5	0	0	0	0	0.5	0.5	0.5	0	0	0.5
Egr1	-0.5	0	0	0	0	-0.5	-0.5	-0.5	0	0	-0.5
Egr2	-0.5	0	0	0	0	-0.5	0	-0.5	0	0	-0.5
Egr3	0	0	0	0	0	-0.5	-0.5	-0.5	0	0	-0.5
Ehd1	0.5	0	0.5	0	0	0.5	0.5	0.5	0	0.5	0.5
Ehd2	0.5	0	0.5	0.5	0	0.5	0.5	0.5	0	0.5	0.5
Ehd4	0.5	0	0	0	0	0.5	0.5	0	0	0	0.5
Ehf	-0.5	0	0	0	0	0	0	-0.5	0	0	0
Ehmt1	-0.5	0	0	0	0	-0.5	-0.5	-0.5	0	0	-0.5
Ehmt2	-0.5	0	0	0	0	-0.5	-0.5	-0.5	0	0	-0.5
Eif1a	0.5	0	0	0	0	0.5	0.5	0.5	0	0.5	0.5
Elmo2	-0.5	0	0	0	0	-0.5	-0.5	-0.5	0	0	-0.5
Elmod2	0.5	0	0	0.5	0	0.5	0.5	0.5	0.5	0	0
Eln	0	0	0	0	0	0	0	0	0	0	0.5
Emid1	0.5	0	0	0	0	0.5	0.5	0	0	0.5	0.5
Emilin2	0.5	0	0	0.5	0	0	0.5	0	0.5	0	0
Emp1	0.5	0	0	0	0	0	0.5	0	0	0	0.5
Emp2	0	0	0	0	0	0	0.5	0	0	0	0
Emp3	0.5	0	0.5	0.5	0	0.5	0.5	0.5	0.5	0.5	0.5
Enah	0	0	0	0	0	0	0	0	0.5	0	0
Endod1	0.5	0	0	0.5	0	0.5	0	0.5	0	0.5	0.5
Eno3	-0.5	0	0	0	0	-0.5	-0.5	-0.5	0	0	-0.5
Enox2	-0.5	0	0	0	0	0	-0.5	0	0	0	-0.5
Enpp1	0.5	0	0	0.5	0	0.5	0	0	0.5	0	0.5
Enpp3	0.5	0	0	0.5	0	0.5	0	0.5	0	0	0
Enpp4	-0.5	0	0	0	0	-0.5	-0.5	0	0	0	0
Enpp5	0	0	0	0	0	-0.5	0	0	0	0	0
Entpd1	0.5	0	0	0	0	0.5	0.5	0	0	0	0.5
Entpd6	0	0	0	0	0	0	0	0	0	0	-0.5
Epas1	0.5	0	0	0	0	0.5	0	0.5	0	0.5	0.5
Epha7	0.5	0	0.5	0	0	0.5	0.5	0.5	0	0	0.5
Ephb3	0.5	0	0	0	0	0.5	0	0.5	0	0	0
Eps8	0	0	0	0.5	0	0.5	0.5	0	0	0.5	0.5
Epsti1	-0.5	0	0	0	0	0	0	0	0	0	0
Ept1	0.5	0	0	0	0	0.5	0.5	0	0	0.5	0.5
Ercc5	0	0	0	0	0	0	0	-0.5	0	0	-0.5
Erg	0.5	0	0	0.5	0	0.5	0.5	0	0.5	0	0
Ermap	-0.5	0	0	0	0	-0.5	-0.5	-0.5	0	0	0
Ern2	0.5	0	0.5	0	0	0	0	0	0	0	0
Erp29	-0.5	0	0	0	0	-0.5	0	-0.5	0	0	0
Erp44	0.5	0	0	0.5	0	0	0.5	0	0	0	0
Esco1	0.5	0	0	0	0	0.5	0	0.5	0	0.5	0.5
Esf1	0	0	0	0.5	0	0	0.5	0	0	0	0.5
Espl1	-0.5	0	0	0	0	-0.5	0	0	0	0	-0.5
Etaa1	0.5	0	0	0	0	0.5	0	0.5	0	0	0.5
Etnk2	0.5	0	0	0	0	0.5	0.5	0.5	0	0	0.5
Ets2	0	0	0	0	0	-0.5	-0.5	0	0	0	-0.5
Etv1	0.5	0	0.5	0	0	0	0.5	0	0.5	0	0.5
Etv3	0.5	0	0	0.5	0	0.5	0.5	0	0	0.5	0.5
Exoc5	0	0	0	0.5	0	0.5	0	0	0	0	0
Exoc6	-0.5	0	0	0	0	-0.5	-0.5	-0.5	0	0	0
Exoc8	0	0	0	0	0	0	0	0	0	0	0.5
Exosc5	-0.5	0	0	0	0	-0.5	0	0	0	0	-0.5
Ext1	0.5	0	0	0.5	0	0.5	0.5	0.5	0.5	0	0.5
F11r	-0.5	0	0	0	0	0	-0.5	-0.5	0	0	-0.5
F2r	0	0	0.5	0	0	0.5	0	0.5	0	0	0.5
F2rl2	0	0	0	0	0	0	0.5	0	0	0	0.5
F5	0	0	0	0	0	0	-0.5	0	0	0	0
F8	0	0	0.5	0	0	0.5	0.5	0	0	0	0.5
Fam102b	0.5	0	0	0.5	0	0.5	0.5	0	0.5	0.5	0.5
Fam103a1	0.5	0	0	0	0	0.5	0.5	0.5	0	0	0.5
Fam105a	-0.5	0	0	0	0	-0.5	-0.5	-0.5	0	0	-0.5
Fam109b	0.5	0	0.5	0.5	0	0.5	0	0.5	0	0.5	0.5
Fam114a1	0.5	0	0	0	0	0.5	0.5	0.5	0	0.5	0.5
Fam114a2	0	0	0	0	0	-0.5	0	0	0	0	0
Fam117a	-0.5	0	0	0	0	-0.5	0	-0.5	0	0	-0.5
Fam117b	0.5	0	0	0	0	0.5	0.5	0.5	0	0.5	0.5
Fam126a	0.5	0	0	0	0	0.5	0.5	0.5	0.5	0	0.5
Fam126b	0	0	0	0	0	0	0	0	0	0	0.5
Fam129b	0.5	0	0	0.5	0	0.5	0.5	0.5	0	0.5	0.5
Fam129c	-0.5	0	0	0	0	-0.5	0	-0.5	0	0	0
Fam134b	-0.5	0	0	0	0	-0.5	-0.5	-0.5	0	0	-0.5
Fam134c	0.5	0	0	0	0	0	0	0	0	0.5	0.5
Fam167a	0	0	0	0.5	0	0	0	0	0	0	0
Fam173a	-0.5	0	0	0	0	-0.5	0	-0.5	0	0	0
Fam179b	0.5	0	0	0	0	0.5	0.5	0.5	0	0	0.5
Fam198b	0.5	0	0	0	0	0	0.5	0	0	0	0
Fam20a	0.5	0	0	0	0	0	0	0	0	0	0
Fam20b	0.5	0	0	0.5	0	0.5	0	0.5	0.5	0.5	0.5
Fam20c	0	0	0	0.5	0	0.5	0	0	0	0	0.5
Fam26f	0	0	0	0	0	0	-0.5	0	0	0	0
Fam46c	-0.5	0	0	0	0	-0.5	0	-0.5	0	0	-0.5
Fam49a	-0.5	0	0	0	0	-0.5	-0.5	0	0	0	-0.5
Fam53b	-0.5	0	0	0	0	-0.5	-0.5	0	0	0	-0.5
Fam57a	0.5	0	0	0	0	0.5	0.5	0	0	0.5	0
Fam60a	0.5	0	0	0	0	0.5	0.5	0.5	0.5	0	0
Fam63a	0.5	0	0.5	0.5	0	0.5	0	0.5	0	0	0.5
Fam64a	-0.5	0	0	0	0	-0.5	-0.5	-0.5	0	0	0
Fam71f2	-0.5	0	0	0	0	-0.5	-0.5	-0.5	0	0	0
Fancd2	0	0	0	0	0	-0.5	0	0	0	0	-0.5
Farp1	0.5	0	0	0	0	0.5	0.5	0.5	0	0	0
Fas	0.5	0	0	0.5	0	0.5	0	0	0	0.5	0.5
Fasl	-0.5	0	0	0	0	0	0	0	0	0	-0.5
Fat4	0.5	0	0	0	0	0.5	0.5	0.5	0	0	0
Fbn1	0	0	0	0	0	0	0.5	0	0	0	0.5
Fbn2	0.5	0	0	0	0	0	0	0	0	0	0
Fbxl14	0	0	0	0	0	0.5	0.5	0	0	0	0.5
Fbxl19	-0.5	0	0	0	0	-0.5	-0.5	-0.5	0	0	-0.5
Fbxo11	0.5	0	0.5	0.5	0	0.5	0.5	0.5	0.5	0.5	0.5
Fbxo21	0.5	0	0	0	0	0.5	0	0.5	0	0	0
Fbxo3	0.5	0	0	0	0	0.5	0.5	0.5	0	0.5	0.5
Fbxo30	0.5	0	0.5	0	0	0.5	0.5	0.5	0	0.5	0.5
Fbxo32	-0.5	0	0	0	0	-0.5	-0.5	-0.5	0	0	-0.5
Fbxo34	-0.5	0	0	0	0	-0.5	0	-0.5	0	0	-0.5
Fbxo45	0	0	0	0	0	0.5	0.5	0.5	0.5	0	0
Fbxw4	-0.5	0	0	0	0	-0.5	-0.5	-0.5	0	0	0
Fcgr2b	0.5	0	0	0.5	0	0.5	0.5	0	0.5	0	0.5
Fcgr3	0.5	0	0	0.5	0	0	0.5	0	0	0	0.5
Fcho1	-0.5	0	0	0	0	-0.5	-0.5	-0.5	0	0	0
Fchsd2	-0.5	0	0	0	0	-0.5	0	-0.5	0	0	-0.5
Fdft1	0	0	0	0	0	-0.5	0	-0.5	0	0	0
Fdxacb1	-0.5	0	0	0	0	-0.5	-0.5	0	0	0	-0.5
Fem1a	0.5	0	0	0.5	0	0	0.5	0.5	0.5	0.5	0
Fem1b	0	0	0.5	0	0	0.5	0	0	0	0	0.5
Fert2	0.5	0	0	0.5	0	0.5	0	0.5	0	0	0.5
Ffar2	0	0	0	0	0	-0.5	-0.5	-0.5	0	0	-0.5
Fgd1	0	0	0	0	0	0	0	-0.5	0	0	0
Fgd2	-0.5	0	0	0	0	0	-0.5	0	0	0	0
Fgd3	-0.5	0	0	0	0	-0.5	-0.5	-0.5	0	0	-0.5
Fgd4	-0.5	0	0	0	0	0	-0.5	0	0	0	-0.5
Fgd6	0.5	0	0.5	0.5	0	0.5	0.5	0.5	0.5	0.5	0
Fgf11	-0.5	0	0	0	0	-0.5	-0.5	-0.5	0	0	0
Fgf7	0.5	0	0	0	0	0	0	0	0	0	0
Fgfr1	0	0	0	0	0	-0.5	-0.5	-0.5	0	0	-0.5
Fgr	-0.5	0	0	0	0	-0.5	-0.5	-0.5	0	0	-0.5
Fh1	-0.5	0	0	0	0	-0.5	-0.5	-0.5	0	0	-0.5
Fhl3	0.5	0	0.5	0	0	0.5	0.5	0.5	0.5	0.5	0.5
Filip1l	-0.5	0	0	0	0	-0.5	-0.5	0	0	0	-0.5
Fkbp15	-0.5	0	0	0	0	-0.5	-0.5	0	0	0	-0.5
Fkbp5	-0.5	0	0	0	0	-0.5	-0.5	-0.5	0	0	-0.5
Fli1	0.5	0	0	0.5	0	0.5	0.5	0.5	0.5	0.5	0.5
Flnc	0.5	0	0.5	0	0	0.5	0	0.5	0	0.5	0.5
Flot2	0.5	0	0	0	0	0.5	0.5	0.5	0	0.5	0
Flt1	0.5	0	0	0	0	0.5	0	0.5	0	0	0
Fmnl1	0.5	0	0.5	0	0	0.5	0	0	0	0	0.5
Fmo5	-0.5	0	0	0	0	-0.5	-0.5	-0.5	0	0	-0.5
Fn1	0.5	0	0	0	0	0	0	0	0	0	0.5
Fnbp1l	0.5	0	0.5	0.5	0	0.5	0.5	0.5	0	0.5	0.5
Fndc1	0	0	0	0	0	0	0	0	0	0.5	0
Fndc3a	0.5	0	0	0	0	0.5	0.5	0	0	0.5	0.5
Fndc5	0	0	0	0	0	-0.5	-0.5	-0.5	0	0	-0.5
Fndc7	-0.5	0	0	0	0	0	0	-0.5	0	0	0
Fnip2	0.5	0	0.5	0.5	0	0.5	0.5	0.5	0	0	0.5
Fnta	0.5	0	0	0	0	0.5	0	0.5	0	0.5	0
Fos	-0.5	0	0	0	0	-0.5	-0.5	-0.5	0	0	-0.5
Fosb	-0.5	0	0	0	0	-0.5	-0.5	-0.5	0	0	-0.5
Foxm1	-0.5	0	0	0	0	-0.5	-0.5	-0.5	0	0	-0.5
Foxn2	0.5	0	0.5	0	0	0.5	0	0.5	0	0.5	0.5
Foxn3	0.5	0	0.5	0.5	0	0.5	0.5	0.5	0.5	0.5	0.5
Foxo1	0.5	0	0.5	0	0	0.5	0	0.5	0	0.5	0.5
Foxo3	-0.5	0	0	0	0	-0.5	-0.5	-0.5	0	0	-0.5
Frat2	0	0	0	0	0	-0.5	0	0	0	0	-0.5
Frmd6	0.5	0	0	0	0	0.5	0.5	0.5	0	0.5	0.5
Fscn2	0.5	0	0	0	0	0.5	0.5	0.5	0	0.5	0.5
Fstl1	0	0	0.5	0	0	0	0	0	0	0	0
Fth1	-0.5	0	0	0	0	-0.5	-0.5	-0.5	0	0	-0.5
Ftsj2	0.5	0	0	0	0	0	0.5	0.5	0	0.5	0
Fubp1	-0.5	0	0	0	0	-0.5	-0.5	-0.5	0	0	-0.5
Furin	0	0	0	0	0	0.5	0.5	0	0	0.5	0.5
Fut4	0	0	0	0	0	-0.5	-0.5	0	0	0	-0.5
Fxyd2	-0.5	0	0	0	0	0	-0.5	0	0	0	-0.5
Fxyd4	0	0	0	0	0	0.5	0.5	0	0	0	0
Fyb	-0.5	0	0	0	0	0	0	-0.5	0	0	-0.5
Fyco1	-0.5	0	0	0	0	-0.5	-0.5	-0.5	0	0	-0.5
Fyn	0.5	0	0.5	0.5	0	0.5	0.5	0	0	0.5	0.5
Fzd6	0	0	0	0	0	0.5	0	0.5	0	0	0
G6pdx	-0.5	0	0	0	0	-0.5	-0.5	-0.5	0	0	-0.5
Gab3	0	0	0	0	0	0	0	-0.5	0	0	0
Gadd45a	0.5	0	0	0	0	0.5	0	0.5	0	0.5	0
Gadd45b	0.5	0	0.5	0	0	0.5	0.5	0.5	0	0	0.5
Gadd45g	0	0	0	0.5	0	0	0	0.5	0	0	0.5
Galk1	-0.5	0	0	0	0	-0.5	0	-0.5	0	0	-0.5
Galk2	-0.5	0	0	0	0	-0.5	-0.5	0	0	0	-0.5
Gan	0	0	0	0.5	0	0.5	0	0.5	0.5	0	0.5
Ganc	-0.5	0	0	0	0	0	-0.5	-0.5	0	0	0
Gart	-0.5	0	0	0	0	-0.5	-0.5	-0.5	0	0	-0.5
Gas1	0	0	0	0	0	0	0.5	0	0	0	0
Gas7	0.5	0	0.5	0	0	0.5	0.5	0.5	0.5	0	0.5
Gatsl2	0	0	0.5	0.5	0	0	0.5	0	0	0	0.5
Gbgt1	-0.5	0	0	0	0	-0.5	0	-0.5	0	0	0
Gbp3	-0.5	0	0	0	0	0	-0.5	0	0	0	0
Gbp8	-0.5	0	0	0	0	0	-0.5	0	0	0	-0.5
Gcc1	0.5	0	0	0	0	0.5	0	0.5	0	0.5	0.5
Gcc2	0	0	0	0	0	0	0	0	0.5	0	0.5
Gch1	0.5	0	0	0	0	0.5	0.5	0.5	0.5	0	0.5
Gclc	-0.5	0	0	0	0	-0.5	0	-0.5	0	0	-0.5
Gda	0.5	0	0	0.5	0	0	0.5	0	0	0	0.5
Gfod1	0.5	0	0.5	0.5	0	0.5	0.5	0	0	0.5	0.5
Gga2	0.5	0	0.5	0	0	0.5	0.5	0	0	0	0
Ggct	0	0	0	0	0	-0.5	0	0	0	0	0
Ghr	0.5	0	0	0.5	0	0.5	0	0	0	0	0.5
Gimap5	0	0	0	0	0	0	0	0.5	0	0	0
Gin1	0	0	0	0	0	-0.5	-0.5	0	0	0	-0.5
Gja1	0	0	0	0	0	0.5	0.5	0	0	0	0.5
Glcci1	0.5	0	0.5	0.5	0	0.5	0.5	0.5	0.5	0.5	0.5
Gli1	0	0	0.5	0.5	0	0.5	0.5	0	0	0	0.5
Glipr2	0.5	0	0.5	0.5	0	0.5	0.5	0	0	0.5	0.5
Glis3	0	0	0	0.5	0	0	0	0	0.5	0.5	0.5
Glp2r	0	0	0	0	0	0	0	0	0.5	0	0
Glrx2	-0.5	0	0	0	0	-0.5	0	-0.5	0	0	0
Gls	0.5	0	0	0	0	0.5	0.5	0.5	0	0.5	0.5
Glt25d1	-0.5	0	0	0	0	-0.5	0	-0.5	0	0	-0.5
Gltscr1	0	0	0	0	0	0	0	0	0	0	-0.5
Gm11696	0.5	0	0.5	0	0	0.5	0.5	0	0	0.5	0.5
Gm12359	0.5	0	0	0	0	0.5	0.5	0.5	0	0.5	0.5
Gm128	0.5	0	0.5	0.5	0	0.5	0.5	0.5	0	0	0.5
Gm13939	0	0	0	0	0	0	0	0.5	0	0	0.5
Gm14005	-0.5	0	0	0	0	-0.5	-0.5	-0.5	0	0	-0.5
Gm14378	-0.5	0	0	0	0	-0.5	-0.5	-0.5	0	0	-0.5
Gm14446	-0.5	0	0	0	0	0	-0.5	0	0	0	-0.5
Gm15800	0	0	0	0	0	0	-0.5	0	0	0	-0.5
Gm16515	-0.5	0	0	0	0	-0.5	0	-0.5	0	0	0
Gm1966	-0.5	0	0	0	0	0	-0.5	0	0	0	0
Gm4349	-0.5	0	0	0	0	0	0	0	0	0	-0.5
Gm5150	0	0	0	0	0	0	-0.5	0	0	0	0
Gm5431	-0.5	0	0	0	0	0	0	0	0	0	0
Gm5483	0	0	0.5	0	0	0	0	0	0	0	0
Gm614	-0.5	0	0	0	0	-0.5	0	-0.5	0	0	0
Gm9733	0	0	0	0	0	0	-0.5	0	0	0	0
Gmppb	-0.5	0	0	0	0	0	0	-0.5	0	0	0
Gmps	0.5	0	0	0	0	0.5	0	0.5	0	0	0.5
Gna11	0.5	0	0	0	0	0.5	0.5	0.5	0	0	0.5
Gna12	-0.5	0	0	0	0	-0.5	0	-0.5	0	0	-0.5
Gna13	0.5	0	0.5	0	0	0.5	0.5	0	0	0.5	0.5
Gnai3	0.5	0	0	0	0	0.5	0.5	0.5	0.5	0.5	0.5
Gng12	0.5	0	0	0.5	0	0.5	0.5	0.5	0	0	0.5
Gngt2	0	0	0	0	0	-0.5	-0.5	-0.5	0	0	-0.5
Golga7	0.5	0	0.5	0	0	0.5	0.5	0.5	0	0.5	0.5
Golim4	-0.5	0	0	0	0	-0.5	-0.5	-0.5	0	0	0
Golph3l	0	0	0	0	0	0.5	0	0.5	0	0	0.5
Gorab	0.5	0	0	0	0	0.5	0	0	0	0	0
Gp49a	0.5	0	0	0.5	0	0	0.5	0	0	0	0
Gpbp1	0.5	0	0.5	0	0	0.5	0.5	0.5	0	0.5	0.5
Gpc1	0.5	0	0.5	0	0	0.5	0.5	0.5	0	0.5	0.5
Gpc3	0.5	0	0.5	0.5	0	0.5	0	0.5	0	0	0
Gpc6	0.5	0	0	0.5	0	0	0.5	0	0.5	0	0
Gpd1l	-0.5	0	0	0	0	-0.5	-0.5	-0.5	0	0	-0.5
Gpd2	0.5	0	0.5	0.5	0	0.5	0.5	0	0	0.5	0.5
Gpnmb	0.5	0	0.5	0	0	0.5	0	0	0.5	0	0
Gpr114	-0.5	0	0	0	0	-0.5	-0.5	-0.5	0	0	-0.5
Gpr116	0	0	0	0.5	0	0	0	0	0	0.5	0
Gpr126	0.5	0	0	0.5	0	0.5	0.5	0.5	0	0.5	0.5
Gpr137b	0	0	0	0	0	0.5	0	0	0	0.5	0
Gpr146	0.5	0	0	0	0	0.5	0	0.5	0	0	0.5
Gpr152	-0.5	0	0	0	0	-0.5	-0.5	-0.5	0	0	-0.5
Gpr153	0	0	0	0	0	0	0	0	0	0	0.5
Gpr171	0	0	0	0	0	0	0.5	0.5	0	0	0
Gpr25	-0.5	0	0	0	0	-0.5	-0.5	0	0	0	-0.5
Gpr3	0	0	0	0	0	-0.5	0	0	0	0	-0.5
Gpr56	0	0	0	0	0	0.5	0	0.5	0	0.5	0.5
Gpr68	0.5	0	0.5	0.5	0	0.5	0.5	0	0	0.5	0.5
Gpr84	0.5	0	0.5	0	0	0.5	0.5	0.5	0	0.5	0.5
Gpr85	0.5	0	0	0	0	0	0.5	0.5	0	0	0.5
Gpr97	0	0	0	0	0	0.5	0.5	0	0	0.5	0.5
Gprasp1	0	0	0	0	0	0	0	0	0	0	-0.5
Gpsm2	0.5	0	0	0	0	0.5	0	0.5	0.5	0	0
Gpx1	-0.5	0	0	0	0	-0.5	-0.5	-0.5	0	0	0
Gramd1b	-0.5	0	0	0	0	-0.5	-0.5	0	0	0	-0.5
Gramd3	0.5	0	0	0.5	0	0	0.5	0.5	0.5	0	0.5
Gramd4	0.5	0	0	0	0	0.5	0.5	0.5	0.5	0.5	0.5
Grap2	0.5	0	0.5	0.5	0	0.5	0.5	0.5	0.5	0	0.5
Grasp	-0.5	0	0	0	0	-0.5	-0.5	-0.5	0	0	-0.5
Greb1l	0.5	0	0	0.5	0	0.5	0.5	0.5	0.5	0	0
Grhl1	0.5	0	0	0	0	0.5	0.5	0.5	0	0	0.5
Grk5	0.5	0	0	0.5	0	0.5	0.5	0	0.5	0.5	0.5
Grk6	-0.5	0	0	0	0	-0.5	-0.5	-0.5	0	0	-0.5
Grrp1	0.5	0	0	0	0	0.5	0	0.5	0	0.5	0
Gsdma	0	0	0	0	0	0	0.5	0.5	0	0	0
Gsdmd	-0.5	0	0	0	0	0	0	0	0	0	-0.5
Gse1	0.5	0	0.5	0.5	0	0.5	0.5	0.5	0.5	0	0.5
Gsg1	-0.5	0	0	0	0	0	0	-0.5	0	0	-0.5
Gsg2	-0.5	0	0	0	0	0	0	-0.5	0	0	0
Gspt1	0	0	0	0.5	0	0.5	0.5	0	0.5	0.5	0.5
Gsr	-0.5	0	0	0	0	-0.5	-0.5	-0.5	0	0	0
Gstk1	0	0	0	0	0	0	0	-0.5	0	0	0
Gstm1	0	0	0.5	0	0	0	0.5	0	0	0	0
Gstp1	0	0	0	0	0	0	0	-0.5	0	0	0
Gstt2	0	0	0	0	0	-0.5	0	0	0	0	-0.5
Gstt3	-0.5	0	0	0	0	-0.5	-0.5	-0.5	0	0	-0.5
Gtf2e2	0.5	0	0	0.5	0	0.5	0.5	0.5	0.5	0	0
Gtf2h2	0	0	0	0	0	-0.5	0	0	0	0	-0.5
Gtf2h4	-0.5	0	0	0	0	0	0	-0.5	0	0	0
Gtf2i	-0.5	0	0	0	0	-0.5	-0.5	-0.5	0	0	-0.5
Gtf2ird2	-0.5	0	0	0	0	-0.5	-0.5	-0.5	0	0	-0.5
Gtf3c3	0.5	0	0.5	0.5	0	0	0	0	0	0	0
Gtf3c4	0	0	0	0	0	0.5	0.5	0	0	0	0
Gusb	0.5	0	0	0.5	0	0.5	0	0	0	0.5	0.5
Gxylt1	0.5	0	0.5	0	0	0.5	0.5	0.5	0	0	0.5
Gys1	-0.5	0	0	0	0	-0.5	-0.5	-0.5	0	0	-0.5
H13	0	0	0	0	0	0	0.5	0	0	0	0
H1f0	0	0	0	0	0	-0.5	-0.5	-0.5	0	0	-0.5
H2-dmb2	-0.5	0	0	0	0	-0.5	-0.5	-0.5	0	0	0
H2-eb2	0.5	0	0	0	0	0	0.5	0.5	0	0	0.5
H2-k1	-0.5	0	0	0	0	-0.5	0	0	0	0	0
H2-k2	-0.5	0	0	0	0	0	-0.5	0	0	0	-0.5
H2-ke6	-0.5	0	0	0	0	-0.5	-0.5	-0.5	0	0	-0.5
H2-m3	-0.5	0	0	0	0	-0.5	-0.5	-0.5	0	0	0
H2-oa	-0.5	0	0	0	0	0	0	-0.5	0	0	0
H2-t10	-0.5	0	0	0	0	0	0	0	0	0	0
H2-t23	-0.5	0	0	0	0	-0.5	-0.5	-0.5	0	0	0
H2-t24	-0.5	0	0	0	0	-0.5	-0.5	-0.5	0	0	0
H2afz	0.5	0	0.5	0	0	0.5	0	0.5	0	0.5	0.5
H60b	-0.5	0	0	0	0	0	-0.5	0	0	0	-0.5
Hagh	-0.5	0	0	0	0	-0.5	0	-0.5	0	0	-0.5
Hap1	-0.5	0	0	0	0	-0.5	-0.5	-0.5	0	0	0
Has1	0	0	0	0	0	0.5	0.5	0	0	0.5	0
Has2	0	0	0	0	0	0	0	0	0.5	0	0
Haus8	-0.5	0	0	0	0	-0.5	-0.5	-0.5	0	0	-0.5
Hc	0.5	1.0	0	1.5	1.0	0.5	0.5	0	0.5	0	0.5
Hdac3	-0.5	0	0	0	0	-0.5	-0.5	-0.5	0	0	-0.5
Hdac9	-0.5	0	0	0	0	-0.5	-0.5	-0.5	0	0	-0.5
Heg1	0.5	0	0.5	0	0	0.5	0.5	0.5	0	0.5	0.5
Hemk1	0.5	0	0.5	0	0	0.5	0.5	0.5	0	0.5	0
Hepacam2	0.5	0	0.5	0.5	0	0	0.5	0	0	0	0.5
Herc6	-0.5	0	0	0	0	-0.5	-0.5	-0.5	0	0	-0.5
Herpud1	-0.5	0	0	0	0	-0.5	-0.5	-0.5	0	0	-0.5
Hexa	-0.5	0	0	0	0	0	0	0	0	0	0
Hfe	-0.5	0	0	0	0	-0.5	-0.5	-0.5	0	0	-0.5
Hgf	0	0	0	0	0	0	0.5	0	0	0	0.5
Hgfac	0	0	0	0	0	0	0	-0.5	0	0	0
Hgsnat	-0.5	0	0	0	0	-0.5	0	-0.5	0	0	0
Hhip	0.5	0	0	0	0	0.5	0	0.5	0	0	0.5
Hiatl1	0.5	0	0	0.5	0	0	0	0	0	0	0.5
Hic1	-0.5	0	0	0	0	-0.5	-0.5	-0.5	0	0	-0.5
Hic2	-0.5	0	0	0	0	-0.5	0	-0.5	0	0	0
Hip1r	0.5	0	0	0	0	0.5	0.5	0.5	0	0.5	0.5
Hk3	-0.5	0	0	0	0	0	-0.5	0	0	0	0
Hlx	0.5	0	0.5	0	0	0.5	0	0.5	0	0	0
Hmg20a	-0.5	0	0	0	0	-0.5	0	-0.5	0	0	-0.5
Hmmr	-0.5	0	0	0	0	0	0	-0.5	0	0	-0.5
Homer2	0.5	0	0	0.5	0	0	0.5	0	0	0	0
Hook2	-0.5	0	0	0	0	-0.5	-0.5	-0.5	0	0	-0.5
Hoxa1	0.5	0	0	0	0	0.5	0	0.5	0	0	0.5
Hpgd	-0.5	0	0	0	0	0	0	-0.5	0	0	-0.5
Hps1	-0.5	0	0	0	0	-0.5	-0.5	-0.5	0	0	-0.5
Hps4	0	0	0	0	0	0	0.5	0	0	0	0
Hrh1	0	0	0	0	0	-0.5	-0.5	0	0	0	-0.5
Hs1bp3	-0.5	0	0	0	0	-0.5	-0.5	-0.5	0	0	-0.5
Hs3st2	0	0	0	0	0	0	-0.5	0	0	0	-0.5
Hscb	0	0	0	0	0	0	0	-0.5	0	0	0
Hsf2	0.5	0	0.5	0	0	0.5	0	0.5	0	0	0.5
Hsp90ab1	-0.5	0	0	0	0	-0.5	-0.5	-0.5	0	0	-0.5
Hspa12a	0	0	0	0	0	0	0	0	0	0	0.5
Hspa12b	0	0	0	0	0	0	0.5	0	0	0	0
Hspa1a	-0.5	0	0	0	0	-0.5	-0.5	0	0	0	-0.5
Hspa1b	0	0	0	0	0	-0.5	-0.5	0	0	0	-0.5
Hspa1l	-0.5	0	0	0	0	-0.5	-0.5	0	0	0	-0.5
Hspa4l	-0.5	0	0	0	0	-0.5	-0.5	-0.5	0	0	-0.5
Hspa8	-0.5	0	0	0	0	-0.5	-0.5	-0.5	0	0	-0.5
Hspb7	0.5	0	0	0	0	0.5	0.5	0.5	0	0	0.5
Hspb9	0.5	0	0	0	0	0	0	0	0	0	0.5
Hspd1	-0.5	0	0	0	0	-0.5	-0.5	-0.5	0	0	-0.5
Hspe1	-0.5	0	0	0	0	-0.5	-0.5	-0.5	0	0	-0.5
Hspg2	0.5	0	0	0	0	0.5	0	0.5	0	0	0
Hsph1	0	0	0	0	0	-0.5	0	0	0	0	-0.5
Htr7	0.5	0	0.5	0.5	0	0.5	0.5	0.5	0.5	0.5	0.5
Hus1	-0.5	0	0	0	0	-0.5	0	0	0	0	-0.5
I830077j02rik	-0.5	0	0	0	0	0	0	0	0	0	-0.5
Iah1	-0.5	0	0	0	0	-0.5	0	0	0	0	-0.5
Icam5	0.5	0	0	0.5	0	0.5	0.5	0.5	0	0	0.5
Id1	0	0	0	0	0	0	0.5	0	0	0.5	0
Id2	0	0	0	0	0	0.5	0	0	0	0.5	0.5
Id3	0.5	0	0	0	0	0.5	0	0.5	0	0.5	0
Idh2	0	0	0	0	0	0	0	-0.5	0	0	0
Idh3b	-0.5	0	0	0	0	-0.5	0	-0.5	0	0	-0.5
Idi1	0.5	0	0	0	0	0.5	0	0.5	0	0	0
Idua	-0.5	0	0	0	0	-0.5	-0.5	-0.5	0	0	-0.5
Ier3	0	0	0	0.5	0	0.5	0.5	0.5	0	0	0.5
Ier3ip1	0.5	0	0.5	0	0	0.5	0	0.5	0	0.5	0
Ifi203	-0.5	0	0	0	0	0	0	0	0	0	0
Ifi205	0.5	0	0	0	0	0.5	0	0	0	0	0.5
Ifi27l2a	-0.5	0	0	0	0	-0.5	0	-0.5	0	0	0
Ifih1	-0.5	0	0	0	0	0	0	0	0	0	0
Ifitm2	0	0	0	0.5	0	0	0.5	0	0.5	0	0
Ifitm3	-0.5	0	0	0	0	-0.5	-0.5	-0.5	0	0	-0.5
Ifitm6	-0.5	0	0	0	0	-0.5	-0.5	-0.5	0	0	-0.5
Ifnar1	0.5	0	0	0.5	0	0.5	0	0.5	0	0.5	0.5
Ifnar2	0.5	0	0.5	0.5	0	0.5	0.5	0.5	0.5	0	0.5
Ifrd1	-0.5	0	0	0	0	-0.5	-0.5	-0.5	0	0	-0.5
Ift140	-0.5	0	0	0	0	-0.5	0	-0.5	0	0	0
Ift52	-0.5	0	0	0	0	-0.5	-0.5	-0.5	0	0	0
Ift57	-0.5	0	0	0	0	-0.5	0	0	0	0	-0.5
Igbp1	0	0	0	0	0	0	-0.5	0	0	0	0
Igf1r	0.5	0	0	0.5	0	0.5	0.5	0.5	0	0.5	0.5
Igf2r	0	0	0	0.5	0	0.5	0.5	0	0.5	0	0.5
Igfbp5	0	0	0	0	0	0	0	0	0	0	0.5
Igfbp6	0.5	0	0	0.5	0	0.5	0.5	0.5	0	0.5	0.5
Igfbp7	0	0	0	0.5	0	0.5	0	0	0	0.5	0
Iglon5	0.5	0	0	0	0	0.5	0.5	0.5	0	0	0.5
Igsf10	0	0	0	0	0	0	0.5	0	0	0	0
Igsf6	-0.5	0	0	0	0	0	-0.5	0	0	0	-0.5
Igtp	-0.5	0	0	0	0	-0.5	-0.5	-0.5	0	0	-0.5
Ikzf1	-0.5	0	0	0	0	-0.5	0	-0.5	0	0	-0.5
Il10rb	0.5	0	0.5	0.5	0	0	0.5	0	0.5	0	0.5
Il11	0	0	0	0	0	0	0	0	0	0.5	0
Il16	-0.5	0	0	0	0	0	-0.5	0	0	0	-0.5
Il17rd	0.5	0	0.5	0	0	0.5	0	0.5	0	0	0
Il18bp	0.5	0	0	0.5	0	0	0	0	0	0	0
Il18r1	0	0	0	0	0	0	0.5	0.5	0	0	0
Il18rap	0	0	0	0	0	0.5	0.5	0	0	0	0.5
Il1a	0	0	0	0	0	0	0	-0.5	0	0	0
Il1r1	0.5	0	0	0.5	0	0.5	0.5	0	0.5	0	0.5
Il1rap	0.5	0	0.5	0.5	0	0.5	0	0	0.5	0	0.5
Il1rl1	0	0	0	0	0	0	0.5	0	0	0	0.5
Il1rl2	-0.5	0	0	0	0	-0.5	-0.5	0	0	0	-0.5
Il1rn	-0.5	0	0	0	0	0	-0.5	-0.5	0	0	-0.5
Il2	0.5	0	0	0	0	0	0	0	0	0	0
Il23r	0	0	0	0.5	0	0	0.5	0	0.5	0	0
Il27	0.5	0	0	0.5	0	0.5	0.5	0.5	0.5	0	0.5
Il2ra	0.5	0	0	0	0	0	0	0	0	0.5	0
Il2rg	-0.5	0	0	0	0	-0.5	0	-0.5	0	0	0
Il6ra	0.5	0	0.5	0.5	0	0.5	0.5	0.5	0.5	0.5	0
Il7	0.5	0	0	0.5	0	0	0	0	0	0	0
Il7r	0	0	0	0.5	0	0	0.5	0	0.5	0	0.5
Impact	0	0	0	0	0	-0.5	-0.5	0	0	0	0
Inadl	-0.5	0	0	0	0	-0.5	0	-0.5	0	0	-0.5
Inf2	0.5	0	0	0	0	0.5	0.5	0.5	0	0.5	0.5
Ing1	-0.5	0	0	0	0	-0.5	-0.5	-0.5	0	0	-0.5
Ing3	-0.5	0	0	0	0	-0.5	-0.5	-0.5	0	0	-0.5
Ing5	-0.5	0	0	0	0	-0.5	-0.5	-0.5	0	0	-0.5
Ino80	0.5	0	0.5	0.5	0	0.5	0.5	0.5	0	0.5	0.5
Inpp5a	0.5	0	0	0.5	0	0.5	0.5	0.5	0	0	0.5
Inpp5b	-0.5	0	0	0	0	-0.5	-0.5	-0.5	0	0	0
Inpp5f	0.5	0	0	0.5	0	0.5	0.5	0.5	0.5	0.5	0.5
Inppl1	-0.5	0	0	0	0	0	0	-0.5	0	0	0
Ints10	0	0	0	0	0	0	0	0	0	0	-0.5
Ints3	-0.5	0	0	0	0	0	-0.5	0	0	0	-0.5
Ints6	0.5	0	0	0	0	0.5	0.5	0.5	0	0.5	0.5
Ipcef1	0.5	0	0	0.5	0	0.5	0.5	0	0.5	0	0.5
Ippk	0.5	0	0	0.5	0	0.5	0.5	0.5	0	0	0
Iqce	-0.5	0	0	0	0	-0.5	-0.5	-0.5	0	0	0
Iqgap2	-0.5	0	0	0	0	-0.5	-0.5	-0.5	0	0	-0.5
Iqsec2	0.5	0	0	0.5	0	0	0.5	0.5	0.5	0	0.5
Irak2	-0.5	0	0	0	0	-0.5	-0.5	-0.5	0	0	-0.5
Irak3	0.5	0	0	0.5	0	0.5	0	0.5	0	0.5	0.5
Ireb2	0.5	0	0	0	0	0.5	0.5	0.5	0	0	0.5
Irf1	0.5	0	0.5	0.5	0	0.5	0.5	0.5	0	0	0.5
Irf2	-0.5	0	0	0	0	-0.5	-0.5	-0.5	0	0	-0.5
Irf2bp2	-0.5	0	0	0	0	-0.5	-0.5	-0.5	0	0	-0.5
Irf4	-0.5	0	0	0	0	-0.5	-0.5	-0.5	0	0	-0.5
Irs1	0	0	0	0	0	0.5	0	0.5	0	0.5	0
Irs2	-0.5	0	0	0	0	-0.5	-0.5	-0.5	0	0	-0.5
Isg20	-0.5	0	0	0	0	0	-0.5	0	0	0	-0.5
Itch	-0.5	0	0	0	0	0	-0.5	0	0	0	-0.5
Itga1	0.5	0	0	0.5	0	0	0	0.5	0.5	0	0
Itga3	0.5	0	0	0.5	0	0.5	0.5	0.5	0	0	0.5
Itga5	0.5	0	0.5	0.5	0	0.5	0.5	0.5	0.5	0	0.5
Itga6	0.5	0	0	0	0	0.5	0	0.5	0	0.5	0.5
Itga9	0.5	0	0.5	0	0	0.5	0.5	0.5	0.5	0.5	0.5
Itgal	0	0	0	0	0	0	0	0.5	0	0	0.5
Itgam	0	0	0	0	0	0	-0.5	0	0	0	-0.5
Itgav	0	0	0	0.5	0	0.5	0.5	0.5	0.5	0.5	0.5
Itgax	0	0	0	0	0	0	-0.5	0	0	0	-0.5
Itgb5	0.5	0	0	0.5	0	0.5	0.5	0.5	0.5	0	0.5
Itih5	0.5	0	0	0	0	0	0.5	0.5	0	0	0.5
Itpkb	0.5	0	0.5	0.5	0	0.5	0.5	0.5	0.5	0.5	0.5
Itpkc	0.5	0	0.5	0.5	0	0.5	0.5	0.5	0.5	0	0.5
Itpripl1	0.5	0	0.5	0.5	0	0.5	0.5	0.5	0.5	0.5	0.5
Jag2	0.5	0	0	0	0	0.5	0.5	0.5	0	0.5	0
Jakmip1	-0.5	0	0	0	0	-0.5	-0.5	-0.5	0	0	-0.5
Jam2	0	0	0	0.5	0	0	0	0	0	0	0
Jmjd4	0.5	0	0	0	0	0.5	0	0.5	0	0	0
Jmy	-0.5	0	0	0	0	-0.5	-0.5	-0.5	0	0	0
Jtb	0.5	0	0	0.5	0	0.5	0	0.5	0	0	0.5
Jun	-0.5	0	0	0	0	-0.5	-0.5	-0.5	0	0	-0.5
Kalrn	0.5	0	0	0.5	0	0	0.5	0	0.5	0	0.5
Kank1	0	0	0.5	0	0	0	0	0	0	0	0
Kat2a	-0.5	0	0	0	0	0	0	-0.5	0	0	-0.5
Kcna3	0.5	0	0	0.5	0	0.5	0	0	0	0	0.5
Kcnd1	-0.5	0	0	0	0	-0.5	0	-0.5	0	0	-0.5
Kcnd3	0	0	0	0.5	0	0	0	0	0	0	0
Kcnip3	-0.5	0	0	0	0	-0.5	-0.5	-0.5	0	0	0
Kcnj10	-0.5	0	0	0	0	-0.5	0	-0.5	0	0	-0.5
Kcnn1	0.5	0	0	0	0	0.5	0.5	0.5	0.5	0	0.5
Kcnn3	0.5	0	0	0	0	0	0	0	0	0	0
Kcnn4	0	0	0.5	0	0	0	0	0.5	0	0	0.5
Kcp	0.5	0	0.5	0	0	0.5	0	0.5	0	0.5	0
Kctd11	0.5	0	0.5	0	0	0	0	0.5	0	0	0
Kctd12	0	0	0	0	0	0.5	0.5	0	0.5	0.5	0.5
Kctd21	0.5	0	0	0	0	0.5	0.5	0.5	0	0.5	0
Kctd6	-0.5	0	0	0	0	-0.5	-0.5	-0.5	0	0	-0.5
Khk	-0.5	0	0	0	0	-0.5	-0.5	0	0	0	-0.5
Khnyn	0.5	0	0	0.5	0	0.5	0.5	0.5	0.5	0	0.5
Kif13a	-0.5	0	0	0	0	-0.5	0	-0.5	0	0	-0.5
Kif16b	-0.5	0	0	0	0	-0.5	-0.5	-0.5	0	0	-0.5
Kif17	-0.5	0	0	0	0	-0.5	-0.5	-0.5	0	0	-0.5
Kif1c	0.5	0	0	0	0	0.5	0	0.5	0	0.5	0
Kif2a	0.5	0	0	0	0	0.5	1.5	0.5	0	0	0.5
Kif2c	-0.5	0	0	0	0	0	-0.5	0	0	0	0
Kif5c	0.5	0	0.5	0.5	0	0.5	0.5	0.5	0	0.5	0.5
Kif9	-0.5	0	0	0	0	-0.5	0	-0.5	0	0	-0.5
Klf11	-0.5	0	0	0	0	-0.5	-0.5	-0.5	0	0	-0.5
Klf2	-0.5	0	0	0	0	-0.5	-0.5	-0.5	0	0	-0.5
Klf4	-0.5	0	0	0	0	-0.5	-0.5	-0.5	0	0	-0.5
Klhl11	0.5	0	0	0	0	0.5	0	0.5	0	0	0
Klhl18	-0.5	0	0	0	0	0	-0.5	-0.5	0	0	-0.5
Klhl28	0.5	0	0	0	0	0.5	0.5	0.5	0	0	0.5
Klhl8	0.5	0	0	0.5	0	0.5	0.5	0.5	0.5	0	0
Klk8	-0.5	0	0	0	0	-0.5	-0.5	-0.5	0	0	-0.5
Klra17	0	0	0	0	0	0	0	0	0	0	-0.5
Klrb1b	0.5	0	0	0.5	0	0	0.5	0.5	0	0.5	0.5
Klrb1c	-0.5	0	0	0	0	0	-0.5	-0.5	0	0	-0.5
Klrg2	0	0	0	0	0	0.5	0	0	0	0	0.5
Klri2	-0.5	0	0	0	0	0	-0.5	0	0	0	0
Klrk1	0.5	0	0	0	0	0	0	0	0	0	0
Kmo	-0.5	0	0	0	0	-0.5	-0.5	-0.5	0	0	-0.5
Kpna4	-0.5	0	0	0	0	-0.5	-0.5	-0.5	0	0	-0.5
Kpna6	0	0	0	0	0	0	0.5	0.5	0	0.5	0.5
Kras	0.5	0	0	0	0	0.5	0	0.5	0	0	0.5
Krit1	0.5	0	0	0	0	0.5	0.5	0.5	0	0	0.5
Ktn1	0.5	0	0	0.5	0	0.5	0.5	0.5	0	0.5	0
Kynu	-0.5	0	0	0	0	0	0	0	0	0	-0.5
L1cam	0.5	0	0	0	0	0.5	0	0.5	0	0	0
L3mbtl3	-0.5	0	0	0	0	-0.5	0	0	0	0	-0.5
Lair1	0	0	0	0	0	0	0	0	0	0	-0.5
Lama2	0	0	0	1.5	0	0	1.5	0	1.5	0	0
Lama3	0	0	0	0.5	0	0	0.5	0.5	0	0	0
Lamc1	0.5	0	0.5	0	0	0.5	0	0.5	0	0	0.5
Lamp2	0.5	0	0	0.5	0	0.5	0	0.5	0	0	0
Lancl1	0	0	0	0	0	-0.5	-0.5	0	0	0	0
Large	-0.5	0	0	0	0	-0.5	-0.5	0	0	0	-0.5
Lat2	0	0	0	0	0	0.5	0.5	0	0	0	0.5
Lats1	0.5	0	0.5	0	0	0.5	0.5	0.5	0	0	0
Lats2	0.5	0	0	0	0	0.5	0	0.5	0	0.5	0.5
Lbh	-0.5	0	0	0	0	-0.5	-0.5	-0.5	0	0	-0.5
Lcat	0.5	0	0	0.5	0	0.5	0.5	0.5	0	0	0
Lcn2	0.5	0	0	0	0	0.5	0	0.5	0	0.5	0.5
Lcp2	-0.5	0	0	0	0	0	-0.5	0	0	0	-0.5
Ldlr	0.5	0	0.5	0.5	0	0.5	0	0.5	0.5	0	0.5
Leprel1	0.5	0	0	0	0	0	0.5	0	0.5	0	0
Leprot	-0.5	0	0	0	0	-0.5	0	-0.5	0	0	-0.5
Lfng	0.5	0	0	0	0	0.5	0.5	0	0	0.5	0.5
Lgals1	0.5	0	0	0.5	0	0.5	0.5	0.5	0	0	0.5
Lgals3	0.5	0	0	1.5	0	0.5	1.5	0.5	1.5	0	0.5
Lgals3bp	-0.5	0	0	0	0	-0.5	0	0	0	0	0
Lgals9	-0.5	0	0	0	0	0	-0.5	0	0	0	-0.5
Lhfp	0	0	0.5	0	0	0.5	0.5	0	0	0	0.5
Lif	0.5	0	0	0.5	0	0	0	0	0	0.5	0
Lifr	-0.5	0	0	0	0	-0.5	0	-0.5	0	0	0
Lig4	0	0	0	0	0	0.5	0	0.5	0	0	0.5
Lima1	-0.5	0	0	0	0	-0.5	-0.5	-0.5	0	0	-0.5
Limd2	0	0	0	0	0	-0.5	0	-0.5	0	0	0
Limk1	-0.5	0	0	0	0	-0.5	0	-0.5	0	0	-0.5
Lims1	-0.5	0	0	0	0	-0.5	-0.5	-0.5	0	0	-0.5
Lin37	0.5	0	0.5	0.5	0	0.5	0	0.5	0.5	0	0
Lin7c	0	0	0	0	0	0	0	0.5	0	0	0
Lipa	-0.5	0	0	0	0	-0.5	0	-0.5	0	0	0
Lman2l	0	0	0	0	0	0	-0.5	0	0	0	-0.5
Lmna	0.5	0	0.5	0.5	0	0.5	0.5	0.5	0.5	0.5	0.5
Lmo2	-0.5	0	0	0	0	0	0	-0.5	0	0	-0.5
Lmtk2	-0.5	0	0	0	0	0	-0.5	0	0	0	-0.5
Lnp	0	0	0	0	0	0.5	0	0	0	0	0
Lnx2	0.5	0	0	0.5	0	0.5	0.5	0.5	0.5	0	0.5
Lonrf1	-0.5	0	0	0	0	-0.5	-0.5	-0.5	0	0	-0.5
Loxl2	0	0	0	0.5	0	0	0	0	0.5	0	0
Lpar5	0	0	0	0	0	0	0.5	0.5	0	0	0.5
Lphn2	0.5	0	0	0	0	0.5	0.5	0	0	0	0.5
Lpp	-0.5	0	0	0	0	-0.5	-0.5	-0.5	0	0	-0.5
Lrmp	-0.5	0	0	0	0	0	-0.5	-0.5	0	0	-0.5
Lrp11	0.5	0	0	0	0	0.5	0.5	0.5	0	0	0.5
Lrp2bp	0.5	0	0.5	0	0	0.5	0.5	0.5	0	0.5	0.5
Lrp5	-0.5	0	0	0	0	-0.5	0	0	0	0	-0.5
Lrp8	0.5	0	0	0	0	0.5	0.5	0.5	0	0.5	0.5
Lrrc1	0.5	0	0.5	0.5	0	0.5	0	0	0	0.5	0.5
Lrrc25	-0.5	0	0	0	0	-0.5	-0.5	-0.5	0	0	-0.5
Lrrc27	-0.5	0	0	0	0	-0.5	-0.5	-0.5	0	0	-0.5
Lrrc29	0.5	0	0	0	0	0.5	0.5	0.5	0	0	0
Lrrc49	0	0	0	0	0	0	0	0	0	0	0.5
Lrrc58	0	0	0	0	0	0	0.5	0	0	0.5	0
Lrrc61	-0.5	0	0	0	0	-0.5	0	-0.5	0	0	-0.5
Lrrc8d	0.5	0	0.5	0.5	0	0.5	0.5	0.5	0.5	0.5	0.5
Lrrfip1	0.5	0	0.5	0.5	0	0.5	0.5	0.5	0.5	0.5	0.5
Lrrfip2	0.5	0	0	0.5	0	0.5	0.5	0.5	0.5	0.5	0.5
Lrrk1	-0.5	0	0	0	0	-0.5	-0.5	-0.5	0	0	-0.5
Lsr	0.5	0	0.5	0.5	0	0.5	0.5	0.5	0.5	0	0.5
Lst1	-0.5	0	0	0	0	-0.5	0	-0.5	0	0	0
Lta4h	-0.5	0	0	0	0	-0.5	-0.5	-0.5	0	0	0
Ltb4r1	0.5	0	0	0	0	0.5	0.5	0.5	0	0.5	0.5
Ltbp1	0.5	0	0	0	0	0	0	0	0	0	0.5
Ltbp3	0.5	0	0	0.5	0	0.5	0	0.5	0.5	0	0
Ltbp4	0.5	0	0	0	0	0.5	0.5	0.5	0	0.5	0.5
Ltc4s	-0.5	0	0	0	0	-0.5	-0.5	-0.5	0	0	-0.5
Ltf	-0.5	0	0	0	0	0	-0.5	-0.5	0	0	-0.5
Luzp1	0.5	0	0.5	0	0	0.5	0.5	0.5	0	0.5	0.5
Ly6d	-0.5	0	0	0	0	-0.5	-0.5	-0.5	0	0	0
Ly6i	0	0	0	0	0	0	0	0	0	0	0.5
Lyl1	0	0	0	0	0	-0.5	-0.5	0	0	0	0
Lysmd3	0.5	0	0	0	0	0.5	0.5	0.5	0	0	0
Lysmd4	0.5	0	0.5	0	0	0.5	0	0.5	0	0	0.5
Lyst	-0.5	0	0	0	0	-0.5	-0.5	0	0	0	-0.5
Lyz1	0.5	0	0	0	0	0	0	0	0.5	0	0.5
Madd	0.5	0	0	0.5	0	0.5	0.5	0.5	0.5	0.5	0.5
Maff	-0.5	0	0	0	0	-0.5	-0.5	-0.5	0	0	-0.5
Mafk	-0.5	0	0	0	0	-0.5	-0.5	-0.5	0	0	-0.5
Maml3	-0.5	0	0	0	0	-0.5	-0.5	-0.5	0	0	-0.5
Mamld1	0.5	0	0.5	0	0	0.5	0	0.5	0	0	0.5
Man1c1	-0.5	0	0	0	0	-0.5	-0.5	-0.5	0	0	-0.5
Man2a1	0.5	0	0.5	0.5	0	0.5	0.5	0.5	0.5	0.5	0.5
Manba	-0.5	0	0	0	0	0	-0.5	-0.5	0	0	-0.5
Mansc1	-0.5	0	0	0	0	-0.5	-0.5	-0.5	0	0	-0.5
Map2k3	0.5	0	0	0	0	0.5	0	0.5	0	0	0
Map2k4	0.5	0	0	0.5	0	0.5	0.5	0.5	0.5	0.5	0
Map2k6	-0.5	0	0	0	0	-0.5	-0.5	-0.5	0	0	-0.5
Map3k11	0.5	0	0.5	0.5	0	0.5	0	0	0	0.5	0.5
Map3k14	0.5	0	0	0.5	0	0.5	0.5	0.5	0.5	0.5	0.5
Map3k15	0	0	0	0	0	-0.5	-0.5	0	0	0	-0.5
Map3k6	0.5	0	0	0.5	0	0.5	0.5	0.5	0	0.5	0
Map4k1	-0.5	0	0	0	0	-0.5	-0.5	0	0	0	0
Map4k2	-0.5	0	0	0	0	-0.5	-0.5	-0.5	0	0	-0.5
Map4k4	0.5	0	0.5	0.5	0	0.5	0.5	0.5	0.5	0.5	0.5
Mapk14	0	0	0	0	0	-0.5	-0.5	-0.5	0	0	-0.5
Mapk6	0.5	0	0	0.5	0	0.5	0.5	0.5	0.5	0	0.5
Mapk8	0.5	0	0	0.5	0	0.5	0.5	0.5	0.5	0.5	0.5
Mapkap1	-0.5	0	0	0	0	-0.5	0	0	0	0	0
Mapkbp1	-0.5	0	0	0	0	-0.5	0	-0.5	0	0	0
March1	0.5	0	0	0.5	0	0	0.5	0.5	0.5	0	0.5
March3	0.5	0	0.5	0.5	0	0.5	0.5	0.5	0	0.5	0.5
March8	0	0	0	0	0	0.5	0.5	0	0	0	0
Marcks	0.5	0	0	0.5	0	0.5	0.5	0.5	0	0.5	0.5
Marveld1	0	0	0	0	0	-0.5	-0.5	0	0	0	-0.5
Mast4	0.5	0	0.5	0.5	0	0.5	0.5	0.5	0.5	0	0.5
Matk	-0.5	0	0	0	0	-0.5	-0.5	-0.5	0	0	0
Matn2	0.5	0	0.5	0	0	0.5	0	0.5	0	0	0.5
Mbd5	-0.5	0	0	0	0	-0.5	-0.5	-0.5	0	0	-0.5
Mbnl2	0.5	0	0	0.5	0	0.5	0.5	0.5	0.5	0.5	0.5
Mcam	0	0	0	0	0	0	0	0	0	0.5	0
Mcm7	-0.5	0	0	0	0	-0.5	0	-0.5	0	0	0
Mcph1	-0.5	0	0	0	0	-0.5	-0.5	0	0	0	-0.5
Mdc1	-0.5	0	0	0	0	-0.5	-0.5	-0.5	0	0	-0.5
Mdh2	-0.5	0	0	0	0	-0.5	-0.5	-0.5	0	0	-0.5
Med19	0.5	0	0	0	0	0.5	0	0	0	0.5	0
Med26	0.5	0	0.5	0	0	0.5	0	0.5	0	0.5	0
Med27	-0.5	0	0	0	0	0	0	0	0	0	0
Med29	-0.5	0	0	0	0	-0.5	-0.5	-0.5	0	0	-0.5
Med31	-0.5	0	0	0	0	-0.5	-0.5	-0.5	0	0	-0.5
Med4	0.5	0	0	0.5	0	0	0	0	0	0	0
Mef2c	0.5	0	0	0.5	0	0	0.5	0.5	0.5	0.5	0.5
Megf8	-0.5	0	0	0	0	-0.5	0	0	0	0	-0.5
Met	0.5	0	0	0.5	0	0.5	0.5	0.5	0	0.5	0.5
Metap1	0.5	0	0	0.5	0	0.5	0.5	0.5	0.5	0.5	0.5
Metrnl	0.5	0	0	0.5	0	0.5	0.5	0.5	0.5	0	0.5
Mettl13	0	0	0	0	0	-0.5	0	-0.5	0	0	0
Mettl7a1	-0.5	0	0	0	0	0	0	-0.5	0	0	0
Mettl8	-0.5	0	0	0	0	-0.5	-0.5	-0.5	0	0	-0.5
Mex3c	0.5	0	0	0	0	0.5	0.5	0.5	0	0.5	0.5
Mfap1b	0.5	0	0	0	0	0.5	0	0	0	0	0
Mfn1	0	0	0	0	0	0.5	0	0	0	0	0.5
Mfsd2a	0.5	0	0	0.5	0	0.5	0.5	0.5	0.5	0	0.5
Mfsd6	0.5	0	0	0.5	0	0.5	0.5	0	0.5	0	0
Mfsd6l	0	0	0	0.5	0	0	0.5	0	0	0	0
Mfsd7a	0	0	0	0	0	-0.5	0	-0.5	0	0	-0.5
Mgat4a	-0.5	0	0	0	0	-0.5	-0.5	-0.5	0	0	0
Mgl2	-0.5	0	0	0	0	0	0	0	0	0	0
Mgll	0.5	0	0	0.5	0	0.5	0	0	0	0	0
Mgst1	0.5	0	0	0	0	0	0	0	0	0.5	0
Mical2	0.5	0	0	0.5	0	0.5	0.5	0.5	0.5	0.5	0.5
Mical3	-0.5	0	0	0	0	-0.5	-0.5	-0.5	0	0	-0.5
Micall1	0.5	0	0	0	0	0.5	0.5	0.5	0	0.5	0.5
Micall2	-0.5	0	0	0	0	-0.5	-0.5	-0.5	0	0	0
Mier1	0.5	0	0	0	0	0.5	0.5	0.5	0	0.5	0.5
Mier3	0.5	0	0	0	0	0.5	0	0.5	0	0.5	0.5
Mif	0	0	0	0	0	-0.5	-0.5	0	0	0	-0.5
Mir132	-0.5	0	0	0	0	-0.5	-0.5	-0.5	0	0	-0.5
Mir23a	-0.5	0	0	0	0	-0.5	-0.5	-0.5	0	0	-0.5
Mitf	-0.5	0	0	0	0	-0.5	-0.5	-0.5	0	0	-0.5
Mknk1	-0.5	0	0	0	0	-0.5	-0.5	0	0	0	-0.5
Mlh3	-0.5	0	0	0	0	0	-0.5	-0.5	0	0	0
Mllt6	0.5	0	0	0.5	0	0.5	0.5	0.5	0.5	0	0
Mmaa	0	0	0.5	0	0	0.5	0	0	0	0.5	0.5
Mmgt1	0.5	0	0	0	0	0.5	0.5	0	0	0	0.5
Mmp13	0	0	0	0.5	0	0	0.5	0	0.5	0	0
Mmp14	0.5	0	0.5	0	0	0.5	0.5	0	0	0.5	0.5
Mmp19	0.5	0	0	0.5	0	0.5	0.5	0.5	0.5	0.5	0.5
Mmp2	0.5	0	0	0.5	0	0.5	0.5	0.5	0.5	0	0.5
Mmp25	0	0	0	0	0	0	0	0.5	0	0	0
Mmp9	0	0	0	0	0	-0.5	-0.5	0	0	0	-0.5
Mmrn2	0.5	0	0	0	0	0	0.5	0	0	0	0
Mns1	-0.5	0	0	0	0	0	-0.5	-0.5	0	0	-0.5
Mocos	0.5	0	0	0	0	0.5	0.5	0.5	0	0	0.5
Morn3	0.5	0	0	0	0	0.5	0	0.5	0	0	0
Mphosph8	0	0	0	0	0	0	0	0	0	0.5	0
Mpp5	0.5	0	0	0	0	0.5	0.5	0.5	0	0.5	0.5
Mppe1	0	0	0	0	0	-0.5	-0.5	0	0	0	0
Mr1	0.5	0	0	0.5	0	0	0.5	0.5	0.5	0	0
Mrc1	0.5	0	0	0.5	0	0	0.5	0	0	0.5	0
Mrm1	-0.5	0	0	0	0	-0.5	0	0	0	0	0
Mrpl16	-0.5	0	0	0	0	0	0	-0.5	0	0	0
Mrpl45	-0.5	0	0	0	0	-0.5	-0.5	0	0	0	0
Mrps22	0	0	0	0	0	0	0.5	0	0	0	0
Mrps27	0	0	0	0	0	0	0	0	0	0	-0.5
Ms4a4d	0.5	0	0	0.5	0	0	0	0	0	0	0
Ms4a6b	-0.5	0	0	0	0	0	0	0	0	0	-0.5
Ms4a6c	0	0	0	0	0	0	-0.5	0	0	0	0
Ms4a7	-0.5	0	0	0	0	0	0	0	0	0	-0.5
Ms4a8a	0	0	0	0	0	0	0	0	0	0	0.5
Msl3l2	-0.5	0	0	0	0	0	-0.5	0	0	0	-0.5
Msr1	0.5	0	0	0.5	0	0	0.5	0	0	0	0.5
Msrb3	0.5	0	0	0	0	0.5	0.5	0.5	0	0.5	0
Mt1	0.5	0	0	0	0	0	0	0	0	0	0
Mta3	-0.5	0	0	0	0	-0.5	-0.5	0	0	0	-0.5
Mtf2	0.5	0	0.5	0.5	0	0.5	0	0.5	0.5	0.5	0.5
Mtmr2	0.5	0	0	0	0	0	0	0	0	0	0.5
Mtmr6	0	0	0	0	0	0	0	0	0.5	0.5	0
Mtrf1	-0.5	0	0	0	0	-0.5	0	-0.5	0	0	-0.5
Mtss1	0.5	0	0	0.5	0	0.5	0.5	0.5	0.5	0	0.5
Mtus1	-0.5	0	0	0	0	-0.5	-0.5	-0.5	0	0	-0.5
Musk	0	0	0	0	0	0	0.5	0	0	0	0
Mustn1	0	0	0	0	0	0	0.5	0	0	0	0
Mvk	0	0	0	0	0	0	0	-0.5	0	0	0
Mxi1	0.5	0	0	0.5	0	0.5	0.5	0.5	0	0	0.5
Mxra8	0.5	0	0	0	0	0.5	0.5	0.5	0	0.5	0.5
Mycbp2	-0.5	0	0	0	0	-0.5	0	-0.5	0	0	-0.5
Myd88	0.5	0	0	0.5	0	0	0.5	0	0	0	0.5
Myh10	-0.5	0	0	0	0	-0.5	0	-0.5	0	0	0
Mylip	-0.5	0	0	0	0	-0.5	-0.5	-0.5	0	0	-0.5
Myo10	0.5	0	0.5	0	0	0.5	0.5	0.5	0	0	0.5
Myo1b	0	0	0	0.5	0	0.5	0.5	0.5	0.5	0	0.5
Myo1c	0.5	0	0.5	0.5	0	0.5	0.5	0.5	0.5	0.5	0.5
Myo1e	0.5	0	0	0.5	0	0.5	0.5	0.5	0.5	0	0
Myo1f	-0.5	0	0	0	0	-0.5	0	0	0	0	0
Myo9b	-0.5	0	0	0	0	-0.5	-0.5	-0.5	0	0	-0.5
Mysm1	0.5	0	0	0.5	0	0.5	0.5	0.5	0	0	0.5
Mzt1	0.5	0	0	0	0	0.5	0.5	0.5	0	0	0.5
N28178	-0.5	0	0	0	0	-0.5	-0.5	-0.5	0	0	-0.5
N4bp1	0.5	0	0	0.5	0	0.5	0	0.5	0.5	0	0
Naa10	-0.5	0	0	0	0	-0.5	0	-0.5	0	0	-0.5
Naa30	0.5	0	0	0	0	0.5	0	0.5	0	0	0.5
Nab2	0.5	0	0.5	0	0	0.5	0.5	0.5	0	0.5	0.5
Nadsyn1	-0.5	0	0	0	0	-0.5	-0.5	-0.5	0	0	-0.5
Naga	0.5	0	0.5	0.5	0	0.5	0	0.5	0	0.5	0.5
Naip2	-0.5	0	0	0	0	-0.5	0	0	0	0	-0.5
Naip5	-0.5	0	0	0	0	-0.5	0	0	0	0	0
Nampt	-0.5	0	0	0	0	-0.5	-0.5	-0.5	0	0	-0.5
Napb	0.5	0	0	0.5	0	0	0	0	0	0	0
Narf	-0.5	0	0	0	0	-0.5	0	-0.5	0	0	-0.5
Nat9	-0.5	0	0	0	0	-0.5	-0.5	-0.5	0	0	0
Nav1	-0.5	0	0	0	0	-0.5	-0.5	-0.5	0	0	-0.5
Nbeal2	-0.5	0	0	0	0	-0.5	-0.5	-0.5	0	0	-0.5
Ncam1	0.5	0	0	0	0	0	0	0.5	0	0	0
Nccrp1	0.5	0	0	0	0	0.5	0.5	0.5	0	0	0
Nceh1	-0.5	0	0	0	0	0	-0.5	0	0	0	-0.5
Ncf1	-0.5	0	0	0	0	-0.5	-0.5	-0.5	0	0	-0.5
Ncf2	-0.5	0	0	0	0	-0.5	-0.5	0	0	0	-0.5
Nck1	0.5	0	0	0	0	0.5	0.5	0.5	0	0.5	0.5
Nckap1	0.5	0	0.5	0.5	0	0.5	0.5	0.5	0	0	0.5
Nckipsd	0.5	0	0	0	0	0.5	0.5	0.5	0	0.5	0
Ncln	-0.5	0	0	0	0	-0.5	-0.5	0	0	0	0
Ncoa1	-0.5	0	0	0	0	-0.5	-0.5	-0.5	0	0	0
Ndfip2	0	0	0	1.5	0	0.5	1.5	0	1.5	0.5	0.5
Ndrg1	0.5	0	0	0	0	0.5	0	0.5	0	0	0.5
Ndrg2	0.5	0	0	0	0	0.5	0	0	0	0.5	0.5
Ndst1	-0.5	0	0	0	0	-0.5	-0.5	-0.5	0	0	-0.5
Ndst2	0.5	0	0	0.5	0	0.5	0.5	0.5	0	0	0.5
Ndufv2	-0.5	0	0	0	0	-0.5	-0.5	-0.5	0	0	-0.5
Nedd4	-0.5	0	0	0	0	-0.5	0	0	0	0	0
Nedd9	-0.5	0	0	0	0	-0.5	-0.5	0	0	0	-0.5
Neu1	-0.5	0	0	0	0	-0.5	0	-0.5	0	0	0
Neurl3	-0.5	0	0	0	0	-0.5	-0.5	-0.5	0	0	-0.5
Nfam1	-0.5	0	0	0	0	-0.5	-0.5	-0.5	0	0	-0.5
Nfatc2ip	-0.5	0	0	0	0	0	-0.5	-0.5	0	0	0
Nfe2l3	0.5	0	0	0	0	0.5	0	0.5	0	0	0
Nfia	0.5	0	0	0.5	0	0.5	0.5	0.5	0	0	0.5
Nfib	0.5	0	0	0	0	0.5	0.5	0.5	0	0	0.5
Nfkbid	-0.5	0	0	0	0	-0.5	-0.5	-0.5	0	0	-0.5
Nfkbiz	-0.5	0	0	0	0	-0.5	-0.5	-0.5	0	0	-0.5
Nfyb	0.5	0	0	0.5	0	0.5	0	0.5	0	0.5	0.5
Nhsl2	0.5	0	0	0.5	0	0.5	0.5	0.5	0	0.5	0.5
Nid1	0	0	0	0.5	0	0	0.5	0	0.5	0	0
Nif3l1	0	0	0	0	0	0	-0.5	0	0	0	0
Nkiras2	0.5	0	0	0	0	0.5	0	0	0	0.5	0.5
Nlrc4	-0.5	0	0	0	0	0	0	0	0	0	0
Nlrc5	0	0	0	0	0	0	0	0	0	0	-0.5
Nlrp10	0	0	0	0	0	-0.5	0	0	0	0	0
Nlrp1a	-0.5	0	0	0	0	0	0	0	0	0	-0.5
Nlrp1b	-0.5	0	0	0	0	0	0	0	0	0	-0.5
Nlrp3	0	0	0	0	0	0	0	0	0	0	-0.5
Nmi	-0.5	0	0	0	0	0	0	0	0	0	0
Nmral1	-0.5	0	0	0	0	-0.5	-0.5	-0.5	0	0	-0.5
Nmt1	-0.5	0	0	0	0	-0.5	-0.5	0	0	0	-0.5
Nnt	-0.5	0	0	0	0	-0.5	-0.5	-0.5	0	0	-0.5
Nod1	-0.5	0	0	0	0	0	-0.5	0	0	0	-0.5
Nod2	0.5	0	0	0.5	0	0.5	0.5	0.5	0	0.5	0.5
Nol10	0.5	0	0.5	0.5	0	0	0	0.5	0	0	0
Notch1	0.5	0	0.5	0	0	0.5	0.5	0.5	0	0	0
Notch3	0	0	0.5	0	0	0	0	0	0	0	0
Nova1	0.5	0	0	0	0	0.5	0	0	0	0	0
Npff	0.5	0	0	0	0	0.5	0	0.5	0	0	0.5
Npr1	0	0	0	0	0	0	0	0	0	0	0.5
Nqo2	-0.5	0	0	0	0	-0.5	0	-0.5	0	0	0
Nr1d1	0.5	0	0.5	0.5	0	0.5	0.5	0.5	0.5	0	0.5
Nr2f2	0	0	0	0	0	0.5	0	0	0	0	0
Nr4a1	-0.5	0	0	0	0	-0.5	0	-0.5	0	0	-0.5
Nr6a1	0.5	0	0	0	0	0.5	0.5	0	0	0.5	0.5
Nrarp	0.5	0	0	0	0	0.5	0.5	0.5	0	0.5	0
Nrbp2	0.5	0	0	0	0	0.5	0	0.5	0	0	0.5
Nrg1	0.5	0	0	0	0	0	0.5	0	0	0	0
Nrip1	-0.5	0	0	0	0	-0.5	-0.5	-0.5	0	0	-0.5
Nrp2	0.5	0	0.5	0.5	0	0.5	0.5	0	0	0	0.5
Nsmce1	0	0	0	0	0	-0.5	-0.5	0	0	0	-0.5
Nt5dc2	-0.5	0	0	0	0	-0.5	0	-0.5	0	0	0
Nt5dc3	0.5	0	0	0.5	0	0.5	0.5	0.5	0.5	0	0.5
Ntan1	0.5	0	0	0	0	0.5	0	0	0	0.5	0.5
Ntpcr	-0.5	0	0	0	0	-0.5	-0.5	-0.5	0	0	0
Nudt1	-0.5	0	0	0	0	0	-0.5	-0.5	0	0	0
Nudt16	0	0	0	0	0	-0.5	-0.5	-0.5	0	0	-0.5
Nudt22	-0.5	0	0	0	0	-0.5	0	-0.5	0	0	0
Nudt5	0	0	0	0	0	0	-0.5	0	0	0	0
Nudt8	-0.5	0	0	0	0	-0.5	0	-0.5	0	0	0
Nufip2	0.5	0	0	0	0	0.5	0.5	0.5	0	0	0.5
Numa1	0	0	0	0	0	-0.5	-0.5	0	0	0	0
Numbl	0.5	0	0.5	0	0	0.5	0.5	0.5	0	0	0.5
Nup210l	0.5	0	0	0.5	0	0	0.5	0	0	0	0
Oaf	0.5	0	0	0	0	0.5	0	0.5	0	0	0
Oas1b	-0.5	0	0	0	0	-0.5	-0.5	-0.5	0	0	0
Oas1c	-0.5	0	0	0	0	0	-0.5	-0.5	0	0	0
Oas2	-0.5	0	0	0	0	0	-0.5	-0.5	0	0	0
Oasl1	-0.5	0	0	0	0	-0.5	-0.5	0	0	0	-0.5
Oasl2	-0.5	0	0	0	0	-0.5	-0.5	0	0	0	-0.5
Oaz2	-0.5	0	0	0	0	-0.5	0	-0.5	0	0	0
Ocln	0	0	0.5	0	0	0.5	0.5	0	0	0	0.5
Ocrl	0.5	0	0	0	0	0.5	0	0	0	0	0.5
Ogfrl1	-0.5	0	0	0	0	-0.5	-0.5	-0.5	0	0	-0.5
Olfm1	0.5	0	0.5	0	0	0.5	0	0.5	0	0.5	0
Olfml2b	0.5	0	0	0	0	0	0	0	0	0	0.5
Olr1	-0.5	0	0	0	0	0	-0.5	0	0	0	0
Oma1	-0.5	0	0	0	0	-0.5	0	-0.5	0	0	-0.5
Opa3	-0.5	0	0	0	0	-0.5	-0.5	-0.5	0	0	0
Optn	-0.5	0	0	0	0	-0.5	0	-0.5	0	0	0
Orai1	0.5	0	0.5	0	0	0.5	0.5	0.5	0	0.5	0.5
Orai2	0	0	0	0	0	0	-0.5	0	0	0	-0.5
Osbpl8	0.5	0	0	0.5	1.0	0.5	0.5	0.5	0.5	0.5	0.5
Osgep	-0.5	0	0	0	0	-0.5	0	-0.5	0	0	0
Osgin1	-0.5	0	0	0	0	-0.5	-0.5	0	0	0	-0.5
Otud4	0.5	0	0	0.5	0	0.5	0	0.5	0	0	0.5
Otud7b	0	0	0	0	0	0	0	0	0	0	0.5
Ovca2	-0.5	0	0	0	0	-0.5	-0.5	-0.5	0	0	-0.5
Oxct1	0.5	0	0	0.5	0	0	0.5	0	0	0.5	0.5
P2rx4	0.5	0	0	0	0	0.5	0.5	0.5	0	0.5	0.5
P2rx7	-0.5	0	0	0	0	-0.5	-0.5	-0.5	0	0	-0.5
P2ry1	0.5	0	0	0	0	0.5	0	0	0	0	0
P2ry14	0.5	0	0.5	0.5	0	0	0.5	0	0.5	0.5	0
P2ry2	0.5	0	0	0	0	0.5	0	0.5	0.5	0	0.5
P2ry6	0.5	0	0	0.5	0	0.5	0.5	0.5	0	0.5	0.5
Pacs1	-0.5	0	0	0	0	-0.5	0	-0.5	0	0	-0.5
Padi2	0.5	0	0.5	0	0	0.5	0.5	0.5	0.5	0.5	0.5
Pafah1b2	0.5	0	0.5	0	0	0.5	0.5	0	0	0	0.5
Pag1	0.5	0	0	0.5	0	0.5	0.5	0.5	0.5	0.5	0
Pak1	-0.5	0	0	0	0	-0.5	-0.5	-0.5	0	0	-0.5
Pak4	0.5	0	0	0	0	0.5	0	0.5	0	0	0.5
Palb2	0.5	0	0	0	0	0.5	0.5	0	0	0	0
Palld	-0.5	0	0	0	0	-0.5	-0.5	-0.5	0	0	-0.5
Palm	0	0	0	0	0	0	0	0	0	0	-0.5
Pam	0.5	0	0	0	0	0.5	0.5	0	0	0	0
Pamr1	0.5	0	0.5	0	0	0	0	0	0	0	0
Pank3	0.5	0	0.5	0	0	0.5	0	0.5	0	0	0
Paox	-0.5	0	0	0	0	-0.5	-0.5	-0.5	0	0	0
Papln	0	0	0	0	0	0	0	0	0	0	0.5
Papolg	0	0	0	0	0	0.5	0.5	0	0	0	0.5
Paqr3	-0.5	0	0	0	0	-0.5	0	-0.5	0	0	0
Paqr7	-0.5	0	0	0	0	-0.5	-0.5	-0.5	0	0	-0.5
Paqr8	0.5	0	0	0	0	0.5	0	0	0	0	0.5
Pard6a	-0.5	0	0	0	0	-0.5	0	-0.5	0	0	0
Parm1	0.5	0	0	0	0	0	0	0	0	0	0
Parn	-0.5	0	0	0	0	-0.5	0	-0.5	0	0	0
Parp10	-0.5	0	0	0	0	-0.5	-0.5	-0.5	0	0	-0.5
Parp12	-0.5	0	0	0	0	-0.5	-0.5	0	0	0	0
Parp2	-0.5	0	0	0	0	-0.5	-0.5	-0.5	0	0	-0.5
Parp3	-0.5	0	0	0	0	-0.5	0	-0.5	0	0	-0.5
Parvb	0.5	0	0	0	0	0.5	0.5	0	0	0	0
Pbx2	-0.5	0	0	0	0	-0.5	-0.5	-0.5	0	0	-0.5
Pbxip1	-0.5	0	0	0	0	-0.5	-0.5	-0.5	0	0	-0.5
Pcdh1	-0.5	0	0	0	0	-0.5	0	0	0	0	0
Pcdh12	0.5	0	0	0	0	0	0.5	0	0	0	0
Pcdh17	0.5	0	0	0	0	0.5	0	0.5	0	0.5	0.5
Pcdh7	0.5	0	0.5	0.5	0	0	0.5	0	0.5	0	0.5
Pcdh9	0	0	0	0	0	0	0	0	0	0	0.5
Pcdhgc3	0	0	0	0	0	0	0.5	0	0	0	0
Pcgf3	0.5	0	0	0.5	0	0.5	0	0.5	0	0	0.5
Pcgf5	0.5	0	0	0.5	0	0.5	0.5	0.5	0.5	0.5	0.5
Pcsk6	0.5	0	0	0	0	0	0	0	0	0	0
Pctp	-0.5	0	0	0	0	-0.5	-0.5	0	0	0	-0.5
Pdcd10	0.5	0	0.5	0.5	0	0.5	0.5	0.5	0	0	0.5
Pdcd4	-0.5	0	0	0	0	-0.5	-0.5	-0.5	0	0	-0.5
Pde10a	0.5	0	0.5	0	0	0.5	0.5	0.5	0	0	0
Pde1a	0.5	0	0	0.5	0	0	0.5	0	0	0	0.5
Pde2a	-0.5	0	0	0	0	-0.5	0	-0.5	0	0	-0.5
Pde3b	0.5	0	0	0.5	0	0.5	0	0.5	0	0	0.5
Pde4d	0.5	0	0.5	0.5	0	0.5	0.5	0.5	0.5	0.5	0.5
Pde8a	0.5	0	0	0	0	0	0	0	0	0.5	0
Pde9a	0.5	0	0	0	0	0.5	0.5	0.5	0	0	0
Pdgfb	0	0	0	0.5	0	0	0	0.5	0	0	0.5
Pdgfra	0.5	0	0	0.5	0	0	0	0	0	0.5	0
Pdgfrb	0	0	0.5	0.5	0	0	0.5	0	0	0.5	0.5
Pdik1l	0.5	0	0	0	0	0.5	0	0.5	0	0.5	0
Pdlim1	0.5	0	0	0.5	0	0.5	0	0	0	0.5	0.5
Pdlim2	-0.5	0	0	0	0	-0.5	-0.5	0	0	0	-0.5
Pdlim3	0.5	0	0	0	0	0	0	0	0	0	0
Pdlim5	0.5	0	0	0	0	0.5	0.5	0.5	0	0.5	0.5
Pdp1	0.5	0	0.5	0	0	0.5	0.5	0.5	0	0	0.5
Pdpn	0.5	0	0.5	0	0	0.5	0.5	0.5	0.5	0	0.5
Pdxk	-0.5	0	0	0	0	-0.5	-0.5	-0.5	0	0	-0.5
Pea15a	-0.5	0	0	0	0	-0.5	-0.5	-0.5	0	0	-0.5
Pebp1	-0.5	0	0	0	0	-0.5	0	-0.5	0	0	0
Peg10	0.5	0	0	0	0	0.5	0	0.5	0	0	0.5
Per1	-0.5	0	0	0	0	-0.5	-0.5	-0.5	0	0	-0.5
Pex10	-0.5	0	0	0	0	-0.5	-0.5	-0.5	0	0	-0.5
Pex16	-0.5	0	0	0	0	0	0	-0.5	0	0	-0.5
Pex3	-0.5	0	0	0	0	-0.5	0	0	0	0	-0.5
Pex6	-0.5	0	0	0	0	-0.5	-0.5	-0.5	0	0	-0.5
Pfn2	0.5	0	0	0	0	0.5	0.5	0.5	0	0.5	0.5
Pgap2	-0.5	0	0	0	0	-0.5	-0.5	-0.5	0	0	-0.5
Pgm5	0.5	0	0.5	0.5	0	0	0.5	0	0.5	0	0
Pgrmc1	0.5	0	0	0	0	0.5	0.5	0.5	0	0	0
Pgs1	0.5	0	0	0	0	0.5	0.5	0	0	0	0.5
Phactr1	0	0	0	0	0	0.5	0	0	0	0	0
Phactr4	0	0	0.5	0	0	0.5	0	0	0	0.5	0.5
Phf13	0.5	0	0	0	0	0.5	0	0.5	0	0.5	0.5
Phf14	-0.5	0	0	0	0	0	0	0	0	0	0
Phf21a	-0.5	0	0	0	0	-0.5	-0.5	0	0	0	-0.5
Phlda1	0.5	0	0	0.5	0	0.5	0.5	0.5	0	0.5	0
Phldb1	0.5	0	0.5	0	0	0.5	0	0.5	0	0.5	0.5
Phlpp1	0.5	0	0	0.5	0	0.5	0.5	0.5	0.5	0	0.5
Pias4	0.5	0	0	0.5	0	0.5	0	0.5	0	0	0.5
Picalm	0.5	0	0	0.5	0	0.5	0.5	0.5	0.5	0.5	0.5
Pick1	0	0	0	0	0	-0.5	-0.5	0	0	0	0
Pid1	0.5	0	0	0.5	0	0.5	0.5	0	0	0.5	0.5
Pif1	-0.5	0	0	0	0	-0.5	-0.5	-0.5	0	0	-0.5
Pik3ap1	-0.5	0	0	0	0	-0.5	-0.5	0	0	0	-0.5
Pik3c2a	0.5	0	0.5	0	0	0.5	0.5	0.5	0	0	0.5
Pik3cd	-0.5	0	0	0	0	-0.5	0	-0.5	0	0	-0.5
Pik3cg	0.5	0	0	0.5	0	0.5	0.5	0	0.5	0	0.5
Pik3ip1	-0.5	0	0	0	0	-0.5	0	0	0	0	0
Pik3r3	0	0	0.5	0	0	0.5	0.5	0	0	0	0.5
Pik3r5	0.5	0	0.5	0.5	0	0.5	0.5	0.5	0.5	0	0.5
Pik3r6	0.5	0	0.5	0.5	0	0.5	0.5	0	0	0	0.5
Pilra	-0.5	0	0	0	0	0	-0.5	0	0	0	0
Pim3	-0.5	0	0	0	0	-0.5	-0.5	-0.5	0	0	-0.5
Pip4k2a	-0.5	0	0	0	0	-0.5	-0.5	-0.5	0	0	-0.5
Pip5k1a	0.5	0	0.5	0	0	0.5	0.5	0.5	0	0.5	0.5
Pir	0.5	0	0	0.5	0	0.5	0.5	0.5	0	0.5	0
Pkd1l2	-0.5	0	0	0	0	-0.5	-0.5	-0.5	0	0	-0.5
Pkd1l3	0.5	0	0	0	0	0	0	0	0	0	0.5
Pkd2	0	0	0	0	0	0.5	0	0	0	0	0
Pkn2	0.5	0	0	0.5	0	0.5	0.5	0.5	0	0.5	0.5
Pkp4	0.5	0	0.5	0	0	0.5	0.5	0	0.5	0	0.5
Pla2g4a	-0.5	0	0	0	0	0	-0.5	0	0	0	-0.5
Pla2g7	0	0	0	0	0	-0.5	-0.5	-0.5	0	0	-0.5
Pla2r1	0	0	0	0	0	0	0	0	0	0.5	0
Plac8	0	0	0	0	0	0	-0.5	0	0	0	-0.5
Plag1	0.5	0	0	0	0	0.5	0	0.5	0	0.5	0.5
Plau	-0.5	0	0	0	0	0	-0.5	-0.5	0	0	-0.5
Plcb2	0	0	0	0	0	-0.5	-0.5	0	0	0	-0.5
Plcb3	-0.5	0	0	0	0	-0.5	0	-0.5	0	0	-0.5
Plcg2	-0.5	0	0	0	0	-0.5	-0.5	-0.5	0	0	-0.5
Plcl1	-0.5	0	0	0	0	0	-0.5	-0.5	0	0	-0.5
Plcxd2	-0.5	0	0	0	0	-0.5	0	-0.5	0	0	-0.5
Plec	0.5	0	0.5	0.5	0	0.5	0.5	0.5	0.5	0.5	0.5
Plekha1	-0.5	0	0	0	0	-0.5	-0.5	0	0	0	-0.5
Plekhg1	-0.5	0	0	0	0	-0.5	0	-0.5	0	0	-0.5
Plekhg2	0.5	0	0.5	0.5	0	0.5	0.5	0.5	0	0.5	0.5
Plekhg3	0.5	0	0	0	0	0.5	0	0	0	0.5	0.5
Plekhh2	0	0	0	0	0	0.5	0	0	0	0	0
Plin2	-0.5	0	0	0	0	-0.5	-0.5	-0.5	0	0	-0.5
Plk2	-0.5	0	0	0	0	-0.5	0	-0.5	0	0	0
Plk3	-0.5	0	0	0	0	-0.5	-0.5	-0.5	0	0	-0.5
Plp2	0.5	0	0.5	0.5	0	0.5	0.5	0.5	0	0.5	0.5
Plxdc1	-0.5	0	0	0	0	-0.5	-0.5	0	0	0	-0.5
Plxna1	0	0	0	0	0	0	0	0	0	0.5	0
Plxna2	0	0	0	0.5	0	0	0.5	0	0.5	0	0
Plxnb2	-0.5	0	0	0	0	-0.5	-0.5	-0.5	0	0	-0.5
Pmaip1	-0.5	0	0	0	0	-0.5	-0.5	-0.5	0	0	-0.5
Pmepa1	0.5	0	0.5	0.5	0	0.5	0.5	0	0.5	0.5	0.5
Pml	-0.5	0	0	0	0	-0.5	0	-0.5	0	0	-0.5
Pmp22	0	0	0	0	0	0.5	0	0	0	0	0
Pmvk	-0.5	0	0	0	0	0	0	0	0	0	-0.5
Pnpla7	0	0	0	0	0	-0.5	0	0	0	0	-0.5
Pnpo	0	0	0	0	0	0	0	0	0	0	-0.5
Poc5	0.5	0	0	0	0	0	0.5	0	0	0	0
Pofut1	-0.5	0	0	0	0	-0.5	-0.5	-0.5	0	0	-0.5
Pold4	0	0	0	0	0	-0.5	-0.5	-0.5	0	0	0
Pole2	-0.5	0	0	0	0	-0.5	-0.5	-0.5	0	0	-0.5
Polg2	-0.5	0	0	0	0	-0.5	-0.5	-0.5	0	0	-0.5
Poli	0	0	0	0	0	0	-0.5	0	0	0	-0.5
Poll	0	0	0	0	0	0	-0.5	0	0	0	-0.5
Polr2g	-0.5	0	0	0	0	-0.5	0	-0.5	0	0	0
Polr3f	0.5	0	0	0	0	0.5	0.5	0.5	0	0.5	0
Pomt2	0.5	0	0	0	0	0.5	0	0.5	0	0.5	0
Pon3	-0.5	0	0	0	0	0	0	0	0	0	0
Pot1b	-0.5	0	0	0	0	0	0	0	0	0	0
Ppap2b	0.5	0	0	0	0	0	0	0	0	0	0
Pparg	0.5	0	0	0.5	0	0.5	0.5	0	0.5	0	0
Ppargc1a	0	0	0	0	0	0	0.5	0	0	0	0.5
Ppargc1b	-0.5	0	0	0	0	-0.5	-0.5	0	0	0	-0.5
Ppfibp2	0.5	0	0	0.5	0	0.5	0.5	0.5	0.5	0.5	0.5
Ppie	-0.5	0	0	0	0	-0.5	0	-0.5	0	0	-0.5
Ppif	-0.5	0	0	0	0	-0.5	0	-0.5	0	0	0
Ppifos	0.5	0	0.5	0	0	0.5	0	0.5	0	0.5	0
Ppm1f	-0.5	0	0	0	0	-0.5	-0.5	0	0	0	0
Ppm1h	-0.5	0	0	0	0	-0.5	-0.5	-0.5	0	0	-0.5
Ppm1k	-0.5	0	0	0	0	-0.5	-0.5	-0.5	0	0	-0.5
Ppme1	0.5	0	0	0	0	0.5	0	0.5	0	0.5	0
Ppp1r13b	0.5	0	0	0	0	0.5	0.5	0.5	0	0.5	0.5
Ppp1r15a	0	0	0	0	0	-0.5	0	-0.5	0	0	-0.5
Ppp1r1b	-0.5	0	0	0	0	-0.5	0	-0.5	0	0	0
Ppp1r2	0.5	0	0	0	0	0.5	0.5	0.5	0	0	0.5
Ppp4r1	0	0	0	0	0	0.5	0.5	0	0	0.5	0.5
Ppp4r2	0.5	0	0.5	0.5	0	0.5	0	0.5	0	0.5	0
Pqlc3	0	0	0	0	0	0.5	0	0.5	0	0	0.5
Pram1	-0.5	0	0	0	0	-0.5	-0.5	0	0	0	-0.5
Prdm1	0.5	0	0	0.5	0	0.5	0.5	0.5	0	0.5	0.5
Prdm10	-0.5	0	0	0	0	-0.5	0	-0.5	0	0	-0.5
Prdm4	0.5	0	0	0	0	0.5	0	0	0	0.5	0
Prdx5	-0.5	0	0	0	0	-0.5	-0.5	-0.5	0	0	0
Prdx6	-0.5	0	0	0	0	-0.5	-0.5	-0.5	0	0	0
Preb	-0.5	0	0	0	0	-0.5	-0.5	-0.5	0	0	0
Prex1	-0.5	0	0	0	0	-0.5	-0.5	-0.5	0	0	-0.5
Prex2	0	0	0	0	0	0.5	0	0	0	0	0
Prickle1	0.5	0	0	0	0	0.5	0	0	0	0.5	0
Prkaa1	0.5	0	0	0	0	0.5	0.5	0	0	0.5	0.5
Prkab2	0.5	0	0	0.5	0	0.5	0.5	0.5	0	0.5	0.5
Prkcb	-0.5	0	0	0	0	-0.5	-0.5	-0.5	0	0	-0.5
Prkcdbp	0.5	0	0	0	0	0	0	0	0	0	0
Prkd2	-0.5	0	0	0	0	-0.5	-0.5	-0.5	0	0	0
Prkd3	-0.5	0	0	0	0	-0.5	-0.5	0	0	0	-0.5
Prkdc	-0.5	0	0	0	0	0	0	0	0	0	0
Prkx	0	0	0	0	0	0.5	0.5	0	0.5	0	0.5
Prmt2	0.5	0	0	0	0	0.5	0	0.5	0	0.5	0
Prnp	0.5	0	0	0.5	0	0.5	0.5	0.5	0.5	0.5	0.5
Prom2	0	0	0	0	0	0	0	-0.5	0	0	0
Prorsd1	0	0	0	0	0	0.5	0.5	0	0	0	0
Pros1	0.5	0	0	0.5	0	0.5	0.5	0.5	0.5	0.5	0.5
Prox2	0.5	0	0	0	0	0.5	0	0.5	0	0.5	0
Prpf3	0.5	0	0	0	0	0	0	0	0	0	0
Prpf39	0.5	0	0	0.5	0	0.5	0.5	0.5	0.5	0	0
Prr11	-0.5	0	0	0	0	-0.5	0	-0.5	0	0	0
Prr5l	0.5	0	0	0.5	0	0.5	0.5	0	0.5	0.5	0.5
Prrt3	0	0	0	0	0	0	0	0	0	0	-0.5
Prss30	0	0	0	0	0	0	-0.5	-0.5	0	0	0
Prss53	0.5	0	0	0	0	0.5	0.5	0.5	0	0.5	0.5
Prune2	-0.5	0	0	0	0	0	0	0	0	0	-0.5
Psd	0.5	0	0.5	0.5	0	0.5	0.5	0.5	0	0.5	0.5
Psmb9	-0.5	0	0	0	0	-0.5	-0.5	-0.5	0	0	0
Psmg4	-0.5	0	0	0	0	-0.5	0	-0.5	0	0	0
Psph	-0.5	0	0	0	0	-0.5	0	-0.5	0	0	0
Pstpip1	-0.5	0	0	0	0	0	-0.5	0	0	0	-0.5
Pter	0	0	0	0	0	-0.5	0	0	0	0	-0.5
Ptger2	0.5	0	0	0.5	0	0	0.5	0.5	0	0	0.5
Ptger4	-0.5	0	0	0	0	-0.5	-0.5	-0.5	0	0	-0.5
Ptp4a3	-0.5	0	0	0	0	0	-0.5	-0.5	0	0	-0.5
Ptplad1	0.5	0	0	0	0	0.5	0.5	0.5	0	0.5	0
Ptpn13	0	0	0	0	0	0	0.5	0	0	0	0
Ptpn18	-0.5	0	0	0	0	-0.5	-0.5	0	0	0	-0.5
Ptpn2	0.5	0	0.5	0.5	0	0.5	0.5	0.5	0.5	0.5	0.5
Ptpn6	-0.5	0	0	0	0	-0.5	-0.5	-0.5	0	0	-0.5
Ptpra	0	0	0	0	0	-0.5	0	-0.5	0	0	0
Ptprm	0.5	0	0	0	0	0	0	0	0	0	0
Ptpro	0.5	0	0	0.5	0	0.5	0.5	0.5	0.5	0.5	0
Ptprv	0	0	0	0	0	-0.5	-0.5	-0.5	0	0	0
Pum2	0	0	0	0	0	0.5	0.5	0.5	0	0.5	0.5
Purb	0.5	0	0.5	0	0	0.5	0.5	0.5	0.5	0	0.5
Pus1	-0.5	0	0	0	0	-0.5	-0.5	-0.5	0	0	0
Pus10	-0.5	0	0	0	0	-0.5	-0.5	-0.5	0	0	-0.5
Pvt1	-0.5	0	0	0	0	-0.5	-0.5	-0.5	0	0	-0.5
Pwwp2b	0.5	0	0	0.5	0	0.5	0.5	0	0	0	0.5
Pxk	-0.5	0	0	0	0	-0.5	-0.5	-0.5	0	0	-0.5
Pygl	-0.5	0	0	0	0	-0.5	0	0	0	0	-0.5
Qdpr	-0.5	0	0	0	0	-0.5	0	-0.5	0	0	-0.5
Qser1	0.5	0	0.5	0	0	0.5	0	0.5	0	0.5	0.5
R74862	0.5	0	0.5	0.5	0	0.5	0.5	0	0	0	0.5
Rab12	0.5	0	0	0.5	0	0	0.5	0	0	0	0
Rab14	0.5	0	0.5	0.5	0	0.5	0.5	0.5	0.5	0	0.5
Rab18	0	0	0	0	0	0.5	0	0.5	0	0	0.5
Rab19	-0.5	0	0	0	0	-0.5	0	0	0	0	-0.5
Rab20	-0.5	0	0	0	0	-0.5	-0.5	-0.5	0	0	-0.5
Rab22a	0.5	0	0	0	0	0.5	0.5	0.5	0	0	0.5
Rab24	-0.5	0	0	0	0	-0.5	-0.5	-0.5	0	0	0
Rab27a	0.5	0	0	0.5	0	0.5	0.5	0.5	0	0	0.5
Rab30	-0.5	0	0	0	0	0	-0.5	0	0	0	-0.5
Rab35	0.5	0	0.5	0	0	0.5	0.5	0.5	0	0.5	0.5
Rab3gap2	0.5	0	0	0.5	0	0.5	0.5	0.5	0.5	0	0
Rab6b	0	0	0	0	0	-0.5	-0.5	0	0	0	-0.5
Rab8b	0.5	0	0.5	0.5	0	0.5	0.5	0.5	0.5	0	0.5
Rabgap1l	0.5	0	0	0.5	0	0.5	0.5	0.5	0.5	0.5	0.5
Rabgef1	-0.5	0	0	0	0	-0.5	-0.5	-0.5	0	0	-0.5
Rabif	0.5	0	0	0	0	0.5	0	0.5	0	0	0
Rac2	-0.5	0	0	0	0	0	-0.5	0	0	0	-0.5
Rad50	0	0	0	0	0	0	-0.5	0	0	0	0
Rad52	0	0	0	0	0	0	0.5	0	0	0	0
Rad54l	-0.5	0	0	0	0	-0.5	0	0	0	0	0
Rad9b	-0.5	0	0	0	0	-0.5	0	-0.5	0	0	0
Rai14	0	0	0	0	0	0.5	0	0	0	0	0.5
Rala	0.5	0	0	0.5	0	0.5	0.5	0.5	0.5	0	0.5
Ramp3	0.5	0	0.5	0	0	0.5	0.5	0.5	0	0.5	0.5
Ranbp10	0.5	0	0	0	0	0.5	0.5	0.5	0.5	0	0.5
Rap1gap2	-0.5	0	0	0	0	-0.5	0	-0.5	0	0	-0.5
Rap2b	0	0	0	0.5	0	0.5	0.5	0.5	0	0	0.5
Rapgef1	-0.5	0	0	0	0	-0.5	-0.5	0	0	0	-0.5
Rapgef2	0.5	0	0	0.5	0	0	0.5	0.5	0.5	0	0.5
Rara	0.5	0	0.5	0	0	0.5	0.5	0.5	0	0.5	0.5
Rars2	-0.5	0	0	0	0	-0.5	-0.5	-0.5	0	0	0
Rasa1	0.5	0	0	0	0	0.5	0	0.5	0	0	0.5
Rasa2	0.5	0	0	0	0	0.5	0.5	0.5	0	0.5	0.5
Rasa4	-0.5	0	0	0	0	-0.5	-0.5	-0.5	0	0	-0.5
Rasal3	-0.5	0	0	0	0	-0.5	-0.5	-0.5	0	0	-0.5
Rasd2	-0.5	0	0	0	0	-0.5	-0.5	-0.5	0	0	0
Rasgef1b	-0.5	0	0	0	0	-0.5	0	-0.5	0	0	-0.5
Rasgrp1	-0.5	0	0	0	0	-0.5	-0.5	0	0	0	0
Rasgrp3	-0.5	0	0	0	0	0	-0.5	0	0	0	0
Rassf5	-0.5	0	0	0	0	-0.5	-0.5	-0.5	0	0	-0.5
Rb1cc1	0	0	0	0.5	0	0.5	0	0	0	0	0.5
Rbfox2	0	0	0	0	0	0	0	0	0	0	0.5
Rbm12	0.5	0	0	0	0	0.5	0.5	0.5	0	0	0
Rbm18	0.5	0	0	0	0	0.5	0.5	0.5	0	0	0
Rbm27	0.5	0	0	0	0	0.5	0	0	0	0	0
Rbm38	-0.5	0	0	0	0	-0.5	0	-0.5	0	0	-0.5
Rbm43	-0.5	0	0	0	0	0	0	0	0	0	0
Rbm4b	0.5	0	0	0	0	0.5	0	0.5	0	0.5	0
Rbm5	0.5	0	0	0.5	0	0	0.5	0	0	0	0.5
Rbms3	0.5	0	0	0	0	0	0	0	0	0	0
Rbpms2	0	0	0	0	0	-0.5	0	0	0	0	0
Rc3h1	0.5	0	0.5	0	0	0.5	0.5	0.5	0	0	0.5
Rc3h2	0.5	0	0.5	0	0	0.5	0	0.5	0	0.5	0.5
Rcan1	0.5	0	0	0.5	0	0.5	0.5	0.5	0	0	0
Rcor3	0.5	0	0	0.5	0	0.5	0.5	0.5	0	0.5	0
Rcsd1	-0.5	0	0	0	0	-0.5	-0.5	0	0	0	-0.5
Reck	0.5	0	0.5	0	0	0.5	0.5	0.5	0	0.5	0
Reep3	0.5	0	0.5	0.5	0	0.5	0.5	0.5	0	0.5	0.5
Reep6	-0.5	0	0	0	0	-0.5	-0.5	-0.5	0	0	-0.5
Rell1	0.5	0	0	0.5	0	0.5	0.5	0.5	0.5	0	0.5
Reps1	-0.5	0	0	0	0	-0.5	-0.5	-0.5	0	0	-0.5
Rfc2	-0.5	0	0	0	0	-0.5	-0.5	-0.5	0	0	-0.5
Rfc5	0	0	0	0	0	-0.5	0	0	0	0	-0.5
Rftn1	0.5	0	0	0.5	0	0.5	0.5	0.5	0.5	0.5	0.5
Rfx5	-0.5	0	0	0	0	-0.5	0	-0.5	0	0	-0.5
Rgag4	0	0	0	0	0	0.5	0	0	0	0	0.5
Rgl1	-0.5	0	0	0	0	-0.5	-0.5	0	0	0	-0.5
Rgp1	-0.5	0	0	0	0	-0.5	0	-0.5	0	0	0
Rgs10	-0.5	0	0	0	0	-0.5	-0.5	-0.5	0	0	-0.5
Rgs12	-0.5	0	0	0	0	-0.5	-0.5	-0.5	0	0	-0.5
Rgs16	0	0	0	0.5	0	0.5	0.5	0	0.5	0	0.5
Rgs17	0.5	0	0	0	0	0.5	0.5	0.5	0.5	0.5	0
Rgs19	-0.5	0	0	0	0	-0.5	-0.5	-0.5	0	0	-0.5
Rgs2	-0.5	0	0	0	0	-0.5	-0.5	-0.5	0	0	0
Rgs3	0	0	0	0	0	-0.5	-0.5	-0.5	0	0	-0.5
Rgs9	0.5	0	0	0	0	0	0	0.5	0	0.5	0.5
Rgs9bp	-0.5	0	0	0	0	-0.5	-0.5	-0.5	0	0	-0.5
Rhbdd2	-0.5	0	0	0	0	-0.5	-0.5	-0.5	0	0	-0.5
Rhbdf2	0.5	0	0	0	0	0.5	0.5	0.5	0	0.5	0.5
Rhob	0	0	0	0	0	-0.5	0	-0.5	0	0	-0.5
Rhoc	0.5	0	0.5	0.5	0	0.5	0	0.5	0	0	0.5
Rhof	0.5	0	0.5	0.5	0	0.5	0.5	0.5	0	0	0.5
Rhoh	-0.5	0	0	0	0	0	-0.5	0	0	0	-0.5
Rhoq	0.5	0	0.5	0.5	0	0.5	0.5	0.5	0	0	0.5
Rhov	0.5	0	0	0	0	0.5	0.5	0	0	0.5	0.5
Ric8	0.5	0	0	0	0	0.5	0	0.5	0	0.5	0
Ric8b	0.5	0	0	0.5	0	0	0	0	0	0	0
Rilpl2	-0.5	0	0	0	0	-0.5	-0.5	0	0	0	-0.5
Rin1	0	0	0	0	0	-0.5	-0.5	0	0	0	0
Rin2	-0.5	0	0	0	0	-0.5	-0.5	0	0	0	-0.5
Rinl	-0.5	0	0	0	0	-0.5	-0.5	-0.5	0	0	-0.5
Riok3	0.5	0	0	0	1.0	0.5	1.5	0.5	0	0	0
Ripk1	0.5	0	0	0	0	0.5	0.5	0.5	0	0	0
Rit1	0.5	0	0	0	0	0.5	0	0.5	0	0	0.5
Rnase4	0.5	0	0	0	0	0.5	0.5	0	0	0	0
Rnase6	-0.5	0	0	0	0	0	0	0	0	0	-0.5
Rnasel	0	0	0	0.5	0	0.5	0.5	0	0.5	0	0.5
Rnf113a2	-0.5	0	0	0	0	-0.5	-0.5	-0.5	0	0	0
Rnf150	-0.5	0	0	0	0	-0.5	-0.5	0	0	0	-0.5
Rnf157	0.5	0	0	0.5	0	0.5	0.5	0.5	0.5	0.5	0.5
Rnf169	0.5	0	0	0.5	0	0.5	0.5	0.5	0.5	0.5	0.5
Rnf19b	-0.5	0	0	0	0	-0.5	-0.5	-0.5	0	0	-0.5
Rnf214	0	0	0	0	0	-0.5	0	0	0	0	-0.5
Rnf217	0	0	0	0	0	0.5	0.5	0	0.5	0	0.5
Rnf219	0	0	0	0	0	0.5	0.5	0	0.5	0	0
Rnf24	0.5	0	0	0	0	0.5	0.5	0	0	0.5	0.5
Rnf34	-0.5	0	0	0	0	-0.5	-0.5	-0.5	0	0	-0.5
Rnh1	0.5	0	0	0	0	0.5	0.5	0.5	0.5	0	0.5
Rnpep	-0.5	0	0	0	0	-0.5	0	-0.5	0	0	-0.5
Robo4	0.5	0	0	0	0	0.5	0.5	0.5	0	0	0
Rogdi	-0.5	0	0	0	0	-0.5	-0.5	0	0	0	-0.5
Ropn1l	0.5	0	0	0	0	0.5	0	0.5	0	0	0
Rpa1	-0.5	0	0	0	0	-0.5	0	-0.5	0	0	0
Rpia	-0.5	0	0	0	0	-0.5	-0.5	-0.5	0	0	-0.5
Rpl3	-0.5	0	0	0	0	0	0	-0.5	0	0	0
Rprd2	0.5	0	0.5	0	0	0.5	0.5	0.5	0	0	0.5
Rps19-ps3	0.5	0	0	0	0	0	0	0	0	0	0
Rps27l	0	0	0	0	0	0.5	0	0	0	0	0.5
Rps6ka1	-0.5	0	0	0	0	-0.5	-0.5	-0.5	0	0	0
Rps6ka5	-0.5	0	0	0	0	-0.5	-0.5	-0.5	0	0	-0.5
Rps6kc1	0	0	0	0	0	0	0	0	0	0	-0.5
Rras2	-0.5	0	0	0	0	-0.5	-0.5	-0.5	0	0	-0.5
Rrbp1	-0.5	0	0	0	0	-0.5	-0.5	-0.5	0	0	-0.5
Rreb1	-0.5	0	0	0	0	-0.5	-0.5	-0.5	0	0	-0.5
Rsad2	-0.5	0	0	0	0	-0.5	0	-0.5	0	0	-0.5
Rsbn1l	0	0	0.5	0.5	0	0.5	0	0	0	0.5	0.5
Rsl1	0	0	0	0	0	0	0.5	0	0	0	0
Rtel1	0	0	0	0	0	0	-0.5	0	0	0	-0.5
Rtn1	-0.5	0	0	0	0	-0.5	-0.5	-0.5	0	0	-0.5
Rtn4	0.5	0	0	0.5	0	0.5	0.5	0.5	0.5	0.5	0.5
Rusc2	0	0	0	0	0	0.5	0	0	0	0.5	0.5
Rwdd1	0.5	0	0	0.5	0	0.5	0.5	0.5	0.5	0	0.5
Rxrb	-0.5	0	0	0	0	-0.5	-0.5	-0.5	0	0	-0.5
Rybp	0.5	0	0	0	0	0.5	0	0.5	0	0.5	0
Ryr1	-0.5	0	0	0	0	-0.5	-0.5	-0.5	0	0	-0.5
S100a1	0.5	0	0	0.5	0	0.5	0	0.5	0	0.5	0.5
S100a10	0.5	0	0.5	0.5	0	0.5	0.5	0	0.5	0	0.5
S100a4	0	0	0.5	0	0	0	0.5	0.5	0	0	0.5
S1pr3	0	0	0	0	0	0	0.5	0	0	0	0
Sacm1l	0.5	0	0.5	0	0	0.5	0.5	0.5	0	0	0
Samd1	-0.5	0	0	0	0	-0.5	-0.5	-0.5	0	0	-0.5
Samd4	0	0	0	0	0	0	0.5	0	0.5	0	0
Sarnp	0	0	0.5	0	0	0.5	0.5	0	0	0	0
Sash1	-0.5	0	0	0	0	0	0	-0.5	0	0	-0.5
Sash3	0	0	0	0	0	0	-0.5	0	0	0	0
Sass6	-0.5	0	0	0	0	0	-0.5	-0.5	0	0	-0.5
Sat1	-0.5	0	0	0	0	-0.5	-0.5	0	0	0	-0.5
Sbk1	0.5	0	0	0	0	0.5	0.5	0	0	0	0
Sbno2	0.5	0	0.5	0	0	0.5	0.5	0.5	0	0.5	0.5
Scap	0	0	0	0	0	0	0	-0.5	0	0	-0.5
Scd1	0.5	0	0	0.5	0	0	0	0.5	0	0.5	0
Scel	0	0	0	0	0	0	-0.5	0	0	0	-0.5
Scin	0.5	0	0	0	0	0	0.5	0	0.5	0	0.5
Scly	-0.5	0	0	0	0	-0.5	0	0	0	0	0
Scoc	0.5	0	0	0	0	0.5	0.5	0.5	0	0	0
Scube2	0	0	0	0.5	0	0	0	0	0.5	0	0
Sdc2	0.5	0	0	0	0	0	0	0	0	0	0
Sdc4	0.5	0	0	0	0	0.5	0.5	0.5	0	0	0.5
Sdcbp2	0.5	0	0	0	0	0.5	0.5	0	0.5	0	0.5
Sdccag8	-0.5	0	0	0	0	-0.5	-0.5	-0.5	0	0	-0.5
Sdhaf1	-0.5	0	0	0	0	0	-0.5	0	0	0	-0.5
Sec16b	-0.5	0	0	0	0	0	0	0	0	0	0
Sec23a	0.5	0	0.5	0	0	0.5	0.5	0.5	0	0	0.5
Sec24a	0.5	0	0.5	0	0	0.5	0.5	0.5	0	0	0
Selenbp1	-0.5	0	0	0	0	-0.5	0	-0.5	0	0	-0.5
Selp	0	0	0	0	0	0	0.5	0	0	0	0
Sema3d	0	0	0	0	0	0	0	0	0	0.5	0
Sema4a	0.5	0	0	0.5	0	0.5	0.5	0.5	0.5	0	0.5
Sema4d	-0.5	0	0	0	0	-0.5	-0.5	0	0	0	0
Sema4f	0	0	0	0	0	0	0.5	0.5	0	0	0.5
Sema6b	0.5	0	0	0	0	0.5	0.5	0.5	0	0.5	0.5
Sema6d	0.5	0	0	0.5	0	0.5	0.5	0.5	0.5	0.5	0.5
Senp7	-0.5	0	0	0	0	-0.5	-0.5	0	0	0	-0.5
Senp8	0.5	0	0.5	0	0	0.5	0.5	0.5	0	0.5	0
Sepp1	0.5	0	0	0	0	0	0	0.5	0	0	0.5
Sepsecs	-0.5	0	0	0	0	-0.5	0	-0.5	0	0	0
Sept9	-0.5	0	0	0	0	-0.5	-0.5	-0.5	0	0	-0.5
Serpina3f	-0.5	0	0	0	0	0	0	0	0	0	0
Serpina3g	-0.5	0	0	0	0	0	-0.5	0	0	0	0
Serpina3n	0	0	0	0.5	0	0.5	0.5	0	0.5	0	0.5
Serpinb1b	-0.5	0	0	0	0	0	-0.5	0	0	0	-0.5
Serpinb2	-0.5	0	0	0	0	0	-0.5	0	0	0	-0.5
Serpinb9	0.5	0	0	0.5	0	0	0.5	0.5	0.5	0.5	0.5
Serpine3	0	0	0	0.5	0	0	0	0	0	0	0
Serpinf1	0.5	0	0.5	0	0	0	0	0	0	0	0.5
Sertad2	0.5	0	0	0.5	0	0.5	0.5	0.5	0.5	0.5	0.5
Sestd1	0.5	0	0	0.5	0	0.5	0.5	0.5	0	0.5	0
Setbp1	-0.5	0	0	0	0	0	0	0	0	0	-0.5
Setd4	-0.5	0	0	0	0	-0.5	0	-0.5	0	0	-0.5
Sez6l	0	0	0	0	0	0	0	0	0	0.5	0
Sfmbt1	0.5	0	0	0	0	0.5	0.5	0.5	0	0.5	0.5
Sgcd	0.5	0	0	0	0	0	0	0	0	0	0
Sgk3	-0.5	0	0	0	0	-0.5	-0.5	-0.5	0	0	-0.5
Sgms2	0.5	0	0	0	0	0	0.5	0	0	0	0
Sgol1	0.5	0	0	0	0	0.5	0	0	0	0	0.5
Sgpp1	-0.5	0	0	0	0	-0.5	-0.5	-0.5	0	0	-0.5
Sgtb	0.5	0	0	0	0	0.5	0.5	0.5	0	0.5	0.5
Sh2b2	-0.5	0	0	0	0	-0.5	-0.5	-0.5	0	0	-0.5
Sh2d3c	-0.5	0	0	0	0	-0.5	-0.5	-0.5	0	0	-0.5
Sh3bgrl	0.5	0	0	0	0	0.5	0.5	0.5	0	0	0.5
Sh3bp1	-0.5	0	0	0	0	-0.5	0	-0.5	0	0	-0.5
Sh3bp2	0.5	0	0.5	0	0	0.5	0.5	0.5	0.5	0.5	0.5
Sh3bp5	0	0	0	0	0	0	0.5	0.5	0	0	0
Sh3bp5l	0.5	0	0.5	0	0	0.5	0	0.5	0	0	0
Sh3d19	0.5	0	0	0.5	0	0	0	0	0	0	0
Sh3pxd2a	-0.5	0	0	0	0	-0.5	-0.5	0	0	0	-0.5
Sh3pxd2b	0.5	0	0	0.5	0	0.5	0.5	0.5	0	0	0.5
Sh3tc1	0	0	0	0.5	0	0.5	0.5	0	0.5	0	0.5
Shank1	-0.5	0	0	0	0	-0.5	-0.5	-0.5	0	0	-0.5
She	0.5	0	0.5	0.5	0	0	0.5	0	0.5	0	0.5
Shisa3	0	0	0.5	0	0	0	0	0	0	0	0
Shmt1	-0.5	0	0	0	0	-0.5	0	-0.5	0	0	0
Shq1	-0.5	0	0	0	0	0	0	0	0	0	0
Siae	-0.5	0	0	0	0	-0.5	0	-0.5	0	0	-0.5
Siglece	-0.5	0	0	0	0	0	-0.5	0	0	0	-0.5
Sik1	-0.5	0	0	0	0	-0.5	-0.5	-0.5	0	0	0
Sik3	0.5	0	0.5	0.5	0	0.5	0.5	0.5	0	0.5	0.5
Sipa1	-0.5	0	0	0	0	-0.5	0	-0.5	0	0	-0.5
Sipa1l1	0.5	0	0.5	0.5	0	0.5	0.5	0.5	0.5	0	0.5
Sipa1l2	0.5	0	0	0.5	0	0.5	0	0.5	0.5	0.5	0.5
Sirpa	-0.5	0	0	0	0	-0.5	-0.5	-0.5	0	0	-0.5
Sirpb1a	0	0	0	0	0	-0.5	-0.5	0	0	0	0
Sirpb1b	-0.5	0	0	0	0	-0.5	-0.5	0	0	0	0
Sirt1	0	0	0	0	0	0.5	0.5	0	0	0.5	0.5
Sirt5	-0.5	0	0	0	0	-0.5	0	-0.5	0	0	-0.5
Skint3	-0.5	0	0	0	0	-0.5	-0.5	0	0	0	-0.5
Skp2	0.5	0	0	0.5	0	0.5	0.5	0.5	0.5	0	0.5
Sla	-0.5	0	0	0	0	0	-0.5	-0.5	0	0	-0.5
Slamf1	0.5	0	0	0	0	0	0.5	0	0.5	0	0.5
Slamf8	-0.5	0	0	0	0	-0.5	-0.5	0	0	0	-0.5
Slamf9	-0.5	0	0	0	0	0	-0.5	0	0	0	-0.5
Slc10a1	0	0	0	0	0	0.5	0.5	0.5	0	0.5	0.5
Slc10a7	-0.5	0	0	0	0	-0.5	-0.5	-0.5	0	0	-0.5
Slc11a2	0.5	0	0	0	0	0.5	0.5	0.5	0.5	0	0
Slc12a2	0.5	0	0	0	0	0.5	0.5	0.5	0	0	0
Slc12a3	-0.5	0	0	0	0	-0.5	-0.5	-0.5	0	0	-0.5
Slc12a5	0	0	0	0	0	0	0	0	0	0.5	0
Slc12a6	-0.5	0	0	0	0	-0.5	0	0	0	0	-0.5
Slc12a7	0.5	0	0.5	0.5	0	0.5	0.5	0	0	0	0
Slc16a1	0	0	0	0	0	0.5	0	0	0	0.5	0.5
Slc16a3	0.5	0	0	0	0	0.5	0.5	0	0	0.5	0.5
Slc16a6	0	0	0	0	0	-0.5	0	0	0	0	-0.5
Slc17a9	0	0	0	0	0	-0.5	0	-0.5	0	0	0
Slc22a15	0.5	0	0	0.5	0	0.5	0.5	0	0	0	0.5
Slc22a18	0	0	0.5	0	0	0	0	0.5	0	0.5	0
Slc22a21	0.5	0	0	0	0	0.5	0	0.5	0	0.5	0
Slc24a1	-0.5	0	0	0	0	-0.5	-0.5	-0.5	0	0	0
Slc24a3	0.5	0	0	0.5	0	0.5	0	0	0.5	0.5	0
Slc25a11	-0.5	0	0	0	0	-0.5	-0.5	-0.5	0	0	-0.5
Slc25a22	-0.5	0	0	0	0	-0.5	-0.5	-0.5	0	0	-0.5
Slc25a24	0.5	0	0.5	0.5	0	0	0	0	0	0	0.5
Slc25a33	-0.5	0	0	0	0	-0.5	0	-0.5	0	0	0
Slc25a37	0.5	0	0	0	0	0.5	0.5	0	0	0.5	0.5
Slc25a45	-0.5	0	0	0	0	-0.5	0	-0.5	0	0	0
Slc26a2	0.5	0	0	0	0	0.5	0	0.5	0	0.5	0.5
Slc27a1	-0.5	0	0	0	0	-0.5	-0.5	-0.5	0	0	-0.5
Slc29a1	-0.5	0	0	0	0	-0.5	0	-0.5	0	0	-0.5
Slc2a3	0	0	0	0	0	0	-0.5	0	0	0	-0.5
Slc2a6	-0.5	0	0	0	0	0	-0.5	-0.5	0	0	-0.5
Slc30a1	0.5	0	0	0	0	0.5	0	0.5	0	0.5	0
Slc30a7	0.5	0	0.5	0.5	0	0.5	0.5	0.5	0	0	0.5
Slc31a2	0	0	0	0.5	0	0.5	0.5	0	0	0	0.5
Slc32a1	0.5	0	0	0	0	0.5	0	0.5	0	0.5	0
Slc33a1	0.5	0	0	0	0	0.5	0.5	0	0	0.5	0.5
Slc35d1	0.5	0	0	0	0	0	0.5	0	0	0.5	0.5
Slc35f5	0.5	0	0	0	0	0.5	0.5	0.5	0	0.5	0.5
Slc36a1	-0.5	0	0	0	0	0	0	0	0	0	-0.5
Slc36a3	-0.5	0	0	0	0	-0.5	-0.5	-0.5	0	0	-0.5
Slc37a3	0.5	0	0	0.5	0	0.5	0	0	0.5	0.5	0.5
Slc39a1	0.5	0	0	0.5	0	0.5	0.5	0.5	0.5	0	0
Slc39a14	0.5	0	0.5	0.5	0	0.5	0.5	0.5	0.5	0.5	0.5
Slc3a2	-0.5	0	0	0	0	-0.5	-0.5	0	0	0	-0.5
Slc41a2	0	0	0	0	0	0.5	0.5	0	0	0	0.5
Slc43a2	0	0	0	0	0	0	0	-0.5	0	0	-0.5
Slc43a3	-0.5	0	0	0	0	0	0	0	0	0	0
Slc44a2	-0.5	0	0	0	0	-0.5	-0.5	-0.5	0	0	-0.5
Slc45a4	-0.5	0	0	0	0	0	-0.5	0	0	0	0
Slc46a3	0	0	0	0	0	0	-0.5	-0.5	0	0	-0.5
Slc4a11	0.5	0	0	0	0	0.5	0.5	0.5	0	0	0
Slc6a6	0.5	0	0.5	0.5	0	0.5	0.5	0.5	0	0.5	0.5
Slc7a15	-0.5	0	0	0	0	0	0	-0.5	0	0	0
Slc9a3r2	-0.5	0	0	0	0	-0.5	-0.5	0	0	0	0
Slc9a6	0.5	0	0	0	0	0.5	0	0.5	0	0.5	0
Slco4c1	-0.5	0	0	0	0	-0.5	-0.5	-0.5	0	0	-0.5
Slfn10-ps	0.5	0	0	0	0	0	0.5	0	0	0	0.5
Slfn2	0.5	0	0	0.5	0	0.5	0.5	0	0.5	0	0.5
Slfnl1	0	0	0	0.5	0	0.5	0.5	0	0.5	0	0.5
Smad3	0.5	0	0.5	0.5	0	0.5	0.5	0	0	0.5	0.5
Smad7	-0.5	0	0	0	0	-0.5	-0.5	0	0	0	0
Smchd1	0.5	0	0	0	0	0.5	0.5	0.5	0	0	0.5
Smek1	0.5	0	0	0	0	0.5	0.5	0	0	0	0.5
Smek2	0.5	0	0	0	0	0	0.5	0	0	0	0
Smg6	-0.5	0	0	0	0	-0.5	-0.5	-0.5	0	0	-0.5
Smndc1	0	0	0	0	0	0.5	0.5	0	0	0	0.5
Smox	0.5	0	0.5	0.5	0	0.5	0	0.5	0	0.5	0.5
Smpd2	-0.5	0	0	0	0	-0.5	-0.5	-0.5	0	0	-0.5
Smpdl3b	-0.5	0	0	0	0	-0.5	-0.5	-0.5	0	0	-0.5
Smyd1	-0.5	0	0	0	0	-0.5	-0.5	-0.5	0	0	-0.5
Snai1	-0.5	0	0	0	0	0	-0.5	0	0	0	0
Snora52	-0.5	0	0	0	0	-0.5	0	-0.5	0	0	-0.5
Snord2	0.5	0	0	0	0	0	0	0.5	0	0	0
Snord58b	0	0	0	0	0	0.5	0.5	0	0	0	0.5
Snord72	0.5	0	0	0.5	0	0.5	0.5	0	0	0.5	0
Snph	0.5	0	0	0	0	0.5	0.5	0	0.5	0	0.5
Snrnp27	-0.5	0	0	0	0	-0.5	0	-0.5	0	0	-0.5
Sntb2	0.5	0	0	0	0	0.5	0.5	0	0	0.5	0
Snx14	0.5	0	0	0.5	0	0.5	0.5	0.5	0	0	0.5
Snx22	-0.5	0	0	0	0	-0.5	0	-0.5	0	0	0
Snx24	0.5	0	0.5	0.5	0	0.5	0.5	0.5	0.5	0	0.5
Snx8	0.5	0	0	0	0	0.5	0	0.5	0	0.5	0
Soat1	-0.5	0	0	0	0	-0.5	-0.5	-0.5	0	0	0
Socs1	0.5	0	0.5	0	0	0.5	0	0.5	0.5	0.5	0.5
Socs2	0.5	0	0	0	0	0.5	0	0.5	0	0.5	0.5
Socs3	0.5	0	0.5	0.5	0	0.5	0.5	0.5	0	0.5	0.5
Socs6	0.5	0	0	0	0	0.5	0	0.5	0	0.5	0.5
Socs7	0.5	0	0	0	0	0.5	0.5	0	0	0.5	0.5
Sorbs3	0.5	0	0	0.5	0	0.5	0.5	0	0	0	0
Sorl1	0	0	0	0	0	0	-0.5	-0.5	0	0	-0.5
Sox15	0	0	0	0	0	0	0	0	0	0	-0.5
Sox8	-0.5	0	0	0	0	-0.5	-0.5	-0.5	0	0	0
Sp140	0.5	0	0.5	0.5	0	0.5	0.5	0.5	0	0	0.5
Sp3	0	0	0.5	0	0	0.5	0.5	0.5	0	0.5	0.5
Spag9	0.5	0	0	0.5	0	0.5	0.5	0.5	0.5	0.5	0.5
Sparc	0.5	0	0	0	0	0	0.5	0	0	0.5	0
Spata13	0.5	0	0	0.5	0	0.5	0.5	0.5	0	0.5	0.5
Spata21	-0.5	0	0	0	0	-0.5	0	-0.5	0	0	0
Spata6	0.5	0	0.5	0	0	0.5	0.5	0.5	0	0	0
Specc1	0.5	0	0	0.5	0	0.5	0.5	0.5	0.5	0.5	0.5
Sphk1	0.5	0	0	0	0	0.5	0	0.5	0	0	0
Spint2	-0.5	0	0	0	0	-0.5	0	-0.5	0	0	0
Spire1	-0.5	0	0	0	0	-0.5	-0.5	-0.5	0	0	-0.5
Spn	0	0	0	0	0	0.5	0.5	0	0	0.5	0.5
Spns3	-0.5	0	0	0	0	-0.5	-0.5	-0.5	0	0	0
Spon2	0	0	0	0	0	0	0	0	0	0	0.5
Spred1	0.5	0	0	0.5	0	0.5	0.5	0	0	0.5	0.5
Spry2	0.5	0	0	0	0	0	0	0	0	0	0
Spryd3	0.5	0	0	0	0	0.5	0	0.5	0	0.5	0
Srbd1	-0.5	0	0	0	0	-0.5	-0.5	-0.5	0	0	0
Srpx2	0.5	0	0	0.5	0	0	0	0	0	0	0
Srsf2	0.5	0	0	0	0	0.5	0.5	0.5	0	0.5	0.5
Srxn1	0.5	0	0	0	0	0.5	0	0	0	0.5	0
Ss18l1	-0.5	0	0	0	0	-0.5	-0.5	-0.5	0	0	0
Ssbp2	0.5	0	0	0.5	0	0.5	0.5	0.5	0.5	0.5	0.5
Ssh1	0.5	0	0	0.5	0	0.5	0.5	0.5	0	0	0.5
Sstr4	0.5	0	0	0	0	0	0.5	0	0	0	0
St3gal2	-0.5	0	0	0	0	-0.5	-0.5	0	0	0	-0.5
St3gal3	0	0	0	0	0	-0.5	-0.5	-0.5	0	0	-0.5
St3gal6	0	0	0	0.5	0	0	0.5	0.5	0.5	0	0.5
St6gal1	0.5	0	0.5	0.5	0	0.5	0.5	0.5	0	0	0.5
St8sia1	-0.5	0	0	0	0	-0.5	-0.5	0	0	0	-0.5
St8sia6	0	0	0	0	0	0	-0.5	0	0	0	-0.5
Stam	0	0	0	0	0	0	0.5	0.5	0	0	0
Stam2	0	0	0.5	0	0	0	0	0	0	0	0
Stambpl1	-0.5	0	0	0	0	-0.5	-0.5	-0.5	0	0	-0.5
Stap2	-0.5	0	0	0	0	-0.5	0	-0.5	0	0	-0.5
Stard13	0.5	0	0	0.5	0	0.5	0.5	0.5	0.5	0.5	0.5
Stat3	0.5	0	0	0.5	0	0.5	0.5	0.5	0	0	0.5
Stat4	0.5	0	0	0.5	0	0.5	0.5	0.5	0.5	0.5	0.5
Stat5a	0.5	0	0.5	0.5	0	0.5	0.5	0.5	0	0	0.5
Steap3	0.5	0	0	0	0	0	0	0	0	0	0.5
Stim1	-0.5	0	0	0	0	-0.5	-0.5	0	0	0	-0.5
Stim2	0.5	0	0	0.5	0	0.5	0.5	0.5	0.5	0.5	0.5
Stip1	0	0	0	0	0	-0.5	0	-0.5	0	0	-0.5
Stk38l	-0.5	0	0	0	0	-0.5	0	-0.5	0	0	-0.5
Stk39	-0.5	0	0	0	0	-0.5	-0.5	0	0	0	-0.5
Stk40	0.5	0	0.5	0.5	0	0.5	0.5	0.5	0.5	0.5	0.5
Stoml2	-0.5	0	0	0	0	-0.5	0	-0.5	0	0	-0.5
Ston2	0.5	0	0.5	0.5	0	0.5	0.5	0.5	0.5	0.5	0.5
Stox2	0.5	0	0	0	0	0.5	0	0	0	0	0
Strbp	-0.5	0	0	0	0	-0.5	0	-0.5	0	0	-0.5
Stx11	0.5	0	0	0.5	0	0.5	0.5	0.5	0	0	0.5
Stx12	0	0	0	0.5	0	0.5	0.5	0.5	0	0	0.5
Stx16	-0.5	0	0	0	0	-0.5	0	-0.5	0	0	-0.5
Stx2	-0.5	0	0	0	0	-0.5	-0.5	-0.5	0	0	-0.5
Stxbp1	0.5	0	0	0	0	0.5	0.5	0.5	0	0.5	0
Stxbp6	0.5	0	0.5	0.5	0	0.5	0	0	0	0.5	0.5
Sub1	0.5	0	0.5	0.5	0	0.5	0	0.5	0	0.5	0
Suclg1	-0.5	0	0	0	0	0	0	0	0	0	0
Suclg2	-0.5	0	0	0	0	-0.5	-0.5	-0.5	0	0	-0.5
Sulf1	0.5	0	0	0	0	0	0	0	0	0	0
Sulf2	0	0	0	0	0	0	0	-0.5	0	0	0
Sumf1	-0.5	0	0	0	0	0	-0.5	-0.5	0	0	-0.5
Sun1	0.5	0	0	0	0	0.5	0.5	0.5	0	0.5	0.5
Sv2b	0.5	0	0	0	0	0	0.5	0	0	0	0
Svep1	0.5	0	0	0	0	0	0.5	0	0.5	0	0
Syncrip	0.5	0	0.5	0	0	0.5	0.5	0.5	0	0.5	0.5
Synj2	0.5	0	0	0.5	0	0.5	0.5	0.5	0	0.5	0.5
Synpo2	0.5	0	0	0.5	0	0	0.5	0	0	0	0
Sypl	0.5	0	0.5	0	0	0.5	0.5	0	0	0.5	0.5
Tab3	0	0	0	0	0	0.5	0.5	0.5	0	0	0.5
Tada1	0.5	0	0	0	0	0.5	0.5	0.5	0	0.5	0
Taf4b	0.5	0	0.5	0.5	0	0.5	0.5	0.5	0	0	0
Taf6	-0.5	0	0	0	0	-0.5	0	-0.5	0	0	0
Taf6l	-0.5	0	0	0	0	-0.5	0	-0.5	0	0	0
Tagap	-0.5	0	0	0	0	-0.5	-0.5	0	0	0	0
Tal1	0	0	0	0	0	0.5	0	0	0	0	0.5
Taldo1	-0.5	0	0	0	0	-0.5	-0.5	-0.5	0	0	0
Taok1	0	0	0	0	0	0.5	0.5	0	0	0.5	0.5
Taok3	-0.5	0	0	0	0	-0.5	-0.5	-0.5	0	0	-0.5
Tatdn3	-0.5	0	0	0	0	-0.5	0	0	0	0	0
Tax1bp3	0	0	0	0	0	-0.5	-0.5	-0.5	0	0	-0.5
Tbc1d12	0	0	0	0	0	0.5	0	0	0	0	0.5
Tbc1d13	-0.5	0	0	0	0	-0.5	-0.5	-0.5	0	0	-0.5
Tbc1d14	0.5	0	0.5	0.5	0	0.5	0.5	0.5	0.5	0.5	0.5
Tbc1d22a	-0.5	0	0	0	0	0	-0.5	0	0	0	-0.5
Tbc1d25	0	0	0	0	0	0.5	0.5	0	0	0	0.5
Tbc1d2b	0.5	0	0.5	0.5	0	0.5	0.5	0	0.5	0.5	0.5
Tbc1d30	-0.5	0	0	0	0	-0.5	-0.5	-0.5	0	0	-0.5
Tbc1d4	0.5	0	0.5	0.5	0	0.5	0.5	0.5	0.5	0.5	0.5
Tbp	0.5	0	0	0	0	0.5	0.5	0.5	0	0	0
Tbrg1	-0.5	0	0	0	0	0	0	0	0	0	-0.5
Tcf7l2	0.5	0	0	0.5	0	0.5	0.5	0.5	0.5	0	0.5
Tcirg1	-0.5	0	0	0	0	-0.5	-0.5	0	0	0	-0.5
Tctex1d4	-0.5	0	0	0	0	-0.5	-0.5	-0.5	0	0	-0.5
Tctn3	-0.5	0	0	0	0	-0.5	-0.5	-0.5	0	0	-0.5
Tdp2	0.5	0	0.5	0	0	0.5	0.5	0.5	0	0	0.5
Tead1	0.5	0	0	0.5	0	0	0	0.5	0	0	0.5
Tecpr1	0	0	0	0	0	-0.5	-0.5	0	0	0	0
Tek	0	0	0	0	0	0	0	0	0	0	0.5
Tenc1	0	0	0.5	0.5	0	0	0	0	0.5	0.5	0
Tes	0.5	0	0	0	0	0.5	0.5	0.5	0	0	0.5
Tet2	0.5	0	0.5	0.5	0	0.5	0.5	0	0.5	0.5	0.5
Tex9	-0.5	0	0	0	0	0	-0.5	0	0	0	0
Tfip11	0	0	0	0.5	0	0.5	0.5	0	0.5	0	0.5
Tgfb1i1	0.5	0	0.5	0	0	0.5	0	0.5	0	0.5	0.5
Tgfbi	0	0	0	0	0	0.5	0.5	0.5	0	0.5	0.5
Tgfbr3	0	0	0	0.5	0	0	0	0	0	0	0
Tgif1	-0.5	0	0	0	0	-0.5	-0.5	-0.5	0	0	-0.5
Tgif2	-0.5	0	0	0	0	-0.5	-0.5	-0.5	0	0	-0.5
Tgm2	-0.5	0	0	0	0	-0.5	-0.5	-0.5	0	0	-0.5
Tgm3	0.5	0	0	0	0	0.5	0	0	0	0	0
Tgm4	0	0	0	0	0	0	0	0	0	0	0.5
Tgtp2	0	0	0	0	0	0	0	-0.5	0	0	-0.5
Thap3	-0.5	0	0	0	0	-0.5	0	-0.5	0	0	-0.5
Thap7	-0.5	0	0	0	0	-0.5	0	0	0	0	0
Thbs1	0	0	0	0	0	0	0.5	0.5	0	0	0.5
Thbs3	0.5	0	0.5	0	0	0.5	0	0	0	0.5	0.5
Thsd7a	0	0	0	0.5	0	0	0	0	0	0	0
Thy1	0	0	0	0	0	0	0	0	0	0	-0.5
Tiam1	0.5	0	0.5	0.5	0	0.5	0.5	0.5	1.5	0.5	0.5
Tiam2	0	0	0.5	0.5	0	0	0.5	0	0.5	0	0.5
Tifab	-0.5	0	0	0	0	-0.5	-0.5	0	0	0	-0.5
Tigit	0	0	0	0.5	0	0	0.5	0	0.5	0	0.5
Timd2	0.5	0	0	0.5	0	0	0	0	0	0	0
Timd4	0.5	0	0	0.5	0	0	0	0	0	0	0.5
Timm10	-0.5	0	0	0	0	0	0	0	0	0	-0.5
Timm22	0.5	0	0	0.5	0	0.5	0.5	0.5	0	0.5	0
Timp2	0	0	0	0	0	0	0	0	0	0	0.5
Timp3	0	0	0	0	0	0	0	0	0	0.5	0
Tirap	0.5	0	0	0	0	0.5	0.5	0	0	0.5	0.5
Tjp1	0.5	0	0	0	0	0	0	0	0.5	0	0
Tjp2	0	0	0	0	0	0.5	0.5	0.5	0	0.5	0.5
Tk2	-0.5	0	0	0	0	-0.5	-0.5	-0.5	0	0	-0.5
Tle1	0.5	0	0	0.5	0	0.5	0	0.5	0	0	0.5
Tle3	0.5	0	0.5	0.5	0	0.5	0.5	0.5	0	0	0.5
Tlk2	0.5	0	0.5	0	0	0.5	0	0	0	0	0.5
Tlr1	0	0	0	0	0	0	-0.5	0	0	0	-0.5
Tlr11	-0.5	0	0	0	0	-0.5	-0.5	0	0	0	0
Tlr3	-0.5	0	0	0	0	0	-0.5	0	0	0	-0.5
Tlr4	0.5	0	0	0.5	0	0	0.5	0	0.5	0	0.5
Tm4sf19	0.5	0	0	0.5	0	0	0	0	0	0	0.5
Tmc6	0	0	0	0	0	0.5	0	0	0	0.5	0.5
Tmc8	0.5	0	0	0	0	0.5	0.5	0.5	0	0.5	0.5
Tmcc3	-0.5	0	0	0	0	0	-0.5	-0.5	0	0	-0.5
Tmed5	0.5	0	0	0	0	0.5	0.5	0.5	0	0.5	0.5
Tmed8	-0.5	0	0	0	0	0	-0.5	0	0	0	-0.5
Tmem106a	-0.5	0	0	0	0	-0.5	0	-0.5	0	0	-0.5
Tmem119	0.5	0	0.5	0.5	0	0.5	0.5	0.5	0	0	0.5
Tmem127	0	0	0	0	0	0.5	0.5	0.5	0	0	0
Tmem131	0.5	0	0	0.5	0	0.5	0.5	0.5	0.5	0.5	0.5
Tmem134	-0.5	0	0	0	0	-0.5	0	-0.5	0	0	-0.5
Tmem150a	0.5	0	0	0	0	0.5	0.5	0.5	0.5	0.5	0
Tmem154	-0.5	0	0	0	0	-0.5	0	0	0	0	-0.5
Tmem164	-0.5	0	0	0	0	-0.5	-0.5	-0.5	0	0	-0.5
Tmem167	0	0	0	0	0	0.5	0	0	0	0	0
Tmem168	0.5	0	0	0	0	0.5	0.5	0.5	0	0	0.5
Tmem176a	0	0	0	0	0	0	0	0	0	0	-0.5
Tmem176b	0	0	0	0	0	0	-0.5	0	0	0	-0.5
Tmem194	0.5	0	0.5	0	0	0.5	0.5	0.5	0	0.5	0.5
Tmem2	0.5	0	0	0.5	0	0.5	0.5	0.5	0.5	0.5	0.5
Tmem221	-0.5	0	0	0	0	-0.5	0	-0.5	0	0	0
Tmem229b	-0.5	0	0	0	0	-0.5	0	0	0	0	-0.5
Tmem231	-0.5	0	0	0	0	-0.5	-0.5	-0.5	0	0	0
Tmem26	0.5	0	0	0	0	0	0	0.5	0	0	0
Tmem38b	-0.5	0	0	0	0	-0.5	-0.5	-0.5	0	0	-0.5
Tmem42	0	0	0	0	0	-0.5	0	0	0	0	-0.5
Tmem50b	0.5	0	0	0	0	0.5	0.5	0.5	0.5	0	0
Tmem62	0.5	0	0.5	0	0	0.5	0.5	0	0	0	0
Tmem63a	-0.5	0	0	0	0	-0.5	-0.5	0	0	0	-0.5
Tmem65	0.5	0	0	0.5	0	0.5	0.5	0.5	0.5	0	0.5
Tmem80	-0.5	0	0	0	0	-0.5	-0.5	-0.5	0	0	-0.5
Tmem86a	0	0	0	0	0	-0.5	-0.5	0	0	0	0
Tmem88	0	0	0	0	0	-0.5	-0.5	0	0	0	-0.5
Tmem88b	0.5	0	0	0	0	0.5	0	0	0	0	0.5
Tmem95	0.5	0	0.5	0	0	0	0	0.5	0	0	0
Tmtc1	0.5	0	0	0.5	0	0	0	0	0.5	0	0.5
Tmtc3	0.5	0	0	0	0	0.5	0.5	0.5	0	0.5	0.5
Tmx2	-0.5	0	0	0	0	-0.5	0	0	0	0	0
Tnfaip1	0.5	0	0	0	0	0.5	0.5	0.5	0	0	0
Tnfaip2	-0.5	0	0	0	0	-0.5	-0.5	-0.5	0	0	-0.5
Tnfaip3	-0.5	0	0	0	0	-0.5	0	-0.5	0	0	-0.5
Tnfaip8	0.5	0	0	0.5	0	0.5	0.5	0.5	0.5	0.5	0.5
Tnfaip8l2	0.5	0	0.5	0.5	0	0.5	0.5	0.5	0	0	0.5
Tnfrsf26	0.5	0	0.5	0.5	0	0.5	0.5	0.5	0	0	0
Tnfrsf9	0.5	0	0	0	0	0	0	0	0	0	0
Tnfsf14	0	0	0	0	0	0	0.5	0	0	0	0.5
Tnip2	0.5	0	0.5	0.5	0	0.5	0.5	0.5	0.5	0	0
Tnip3	0.5	0	0	0.5	0	0.5	0.5	0.5	0.5	0	0.5
Tnpo2	-0.5	0	0	0	0	-0.5	-0.5	-0.5	0	0	-0.5
Tnrc6a	0.5	0	0	0	0	0.5	0.5	0.5	0	0.5	0.5
Tns1	0.5	0	0	0.5	0	0.5	0	0	0.5	0.5	0
Tnxb	0	0	0	0.5	0	0	0	0	0	0	0.5
Tom1	-0.5	0	0	0	0	-0.5	0	-0.5	0	0	-0.5
Tom1l2	0.5	0	0	0.5	0	0.5	0	0.5	0	0	0
Top1	0.5	0	0.5	0.5	0	0.5	0.5	0.5	0.5	0.5	0.5
Tox	0.5	0	0	0.5	0	0	0	0	0	0	0.5
Tox2	0	0	0.5	0.5	0	0	0.5	0	0.5	0	0
Tpbg	0	0	0.5	0.5	0	0	0.5	0	0.5	0	0.5
Tpcn1	-0.5	0	0	0	0	-0.5	-0.5	-0.5	0	0	-0.5
Tpmt	-0.5	0	0	0	0	-0.5	0	-0.5	0	0	0
Tpp1	-0.5	0	0	0	0	-0.5	0	-0.5	0	0	-0.5
Tppp	0.5	0	0	0	0	0.5	0	0.5	0	0	0.5
Tppp3	0	0	0	0	0	0	0	0	0	0	0.5
Tpst1	0.5	0	0	0.5	0	0.5	0.5	0.5	0	0.5	0.5
Tpx2	-0.5	0	0	0	0	0	0	-0.5	0	0	-0.5
Traf1	0.5	0	0.5	0.5	0	0.5	0.5	0.5	0	0.5	0.5
Traf3ip3	-0.5	0	0	0	0	-0.5	0	0	0	0	-0.5
Trak2	0.5	0	0	0	0	0.5	0.5	0.5	0	0	0.5
Tram1	0	0	0	0	0	0.5	0	0	0	0.5	0.5
Trappc5	0	0	0	0	0	-0.5	0	0	0	0	-0.5
Treh	0.5	0	0	0	0	0.5	0	0.5	0	0	0.5
Trem1	0	0	0	0	0	0	-0.5	0	0	0	-0.5
Trem3	0	0	0	0	0	0	-0.5	0	0	0	-0.5
Trerf1	-0.5	0	0	0	0	-0.5	-0.5	-0.5	0	0	-0.5
Trex1	0	0	0.5	0	0	0	0.5	0	0	0	0.5
Trib3	-0.5	0	0	0	0	-0.5	-0.5	-0.5	0	0	0
Trim12a	-0.5	0	0	0	0	0	0	-0.5	0	0	-0.5
Trim14	-0.5	0	0	0	0	-0.5	-0.5	-0.5	0	0	-0.5
Trim21	-0.5	0	0	0	0	-0.5	0	0	0	0	-0.5
Trim23	0	0	0	0	0	0.5	0.5	0	0	0	0
Trim34a	-0.5	0	0	0	0	-0.5	-0.5	-0.5	0	0	-0.5
Trim35	0	0	0	0.5	0	0	0	0	0	0.5	0
Trim37	-0.5	0	0	0	0	0	0	0	0	0	-0.5
Trim46	0.5	0	0.5	0	0	0	0	0	0	0.5	0.5
Trim47	0.5	0	0	0.5	0	0.5	0	0.5	0	0	0
Trim56	-0.5	0	0	0	0	-0.5	-0.5	0	0	0	-0.5
Trim8	0.5	0	0.5	0	0	0.5	0.5	0.5	0.5	0.5	0.5
Trio	0.5	0	0.5	0.5	0	0.5	0.5	0.5	0	0.5	0.5
Trip13	-0.5	0	0	0	0	-0.5	-0.5	-0.5	0	0	0
Trit1	-0.5	0	0	0	0	0	-0.5	0	0	0	-0.5
Trmt11	0.5	0	0.5	0	0	0.5	0.5	0.5	0.5	0.5	0.5
Trmt2b	0	0	0	0	0	0	0	0	0	0	-0.5
Trp53i11	0	0	0	0	0	-0.5	0	0	0	0	0
Trpm2	-0.5	0	0	0	0	-0.5	-0.5	-0.5	0	0	-0.5
Trps1	0.5	0	0	0.5	0	0.5	0.5	0.5	0.5	0.5	0.5
Trpv2	0.5	0	0	0	0	0.5	0	0	0	0.5	0
Tsc1	0.5	0	0	0	0	0.5	0.5	0	0	0	0.5
Tsc22d3	0	0	0	0	0	0	-0.5	0	0	0	-0.5
Tsfm	0	0	0	0	0	0	0	0	0	0	-0.5
Tsga10	0.5	0	0	0	0	0.5	0.5	0.5	0	0	0.5
Tshz2	0.5	0	0.5	0	0	0	0	0	0	0	0
Tslp	0.5	0	0	0	0	0	0	0	0	0	0
Tspan33	-0.5	0	0	0	0	-0.5	-0.5	-0.5	0	0	-0.5
Tssc4	0	0	0	0	0	0	0	0	0	0	0.5
Ttbk2	0.5	0	0.5	0.5	0	0.5	0.5	0.5	0	0	0
Ttc21b	-0.5	0	0	0	0	-0.5	0	-0.5	0	0	-0.5
Ttc38	-0.5	0	0	0	0	-0.5	0	-0.5	0	0	-0.5
Ttc39b	0.5	0	0	0.5	0	0.5	0	0.5	0	0.5	0.5
Ttc39c	0.5	0	0.5	0.5	0	0.5	0.5	0.5	0.5	0.5	0.5
Ttc5	0	0	0	0	0	0	0	0	0	0	-0.5
Ttc8	0	0	0	0	0	-0.5	-0.5	-0.5	0	0	-0.5
Ttf2	-0.5	0	0	0	0	-0.5	-0.5	0	0	0	0
Ttl	0.5	0	0	0	0	0.5	0.5	0.5	0	0	0
Ttn	0	0	0	0	0	0	0.5	0	0	0	0
Tubb2a	-0.5	0	0	0	0	-0.5	-0.5	-0.5	0	0	-0.5
Tubb5	-0.5	0	0	0	0	-0.5	0	-0.5	0	0	-0.5
Tulp3	0.5	0	0	0	0	0.5	0.5	0.5	0	0	0.5
Tulp4	0	0	0	0.5	0	0.5	0.5	0	0.5	0.5	0.5
Twf1	0.5	0	0	0.5	0	0.5	0.5	0.5	0	0	0
Twsg1	0.5	0	0	0	0	0.5	0.5	0.5	0	0	0.5
Txlnb	-0.5	0	0	0	0	-0.5	-0.5	-0.5	0	0	-0.5
Txnrd1	0.5	0	0	0.5	0	0.5	0.5	0	0.5	0	0
Tymp	0	0	0	0	0	0	0.5	0	0	0.5	0
Uap1	0.5	0	0	0	0	0.5	0.5	0.5	0	0.5	0.5
Uba3	0.5	0	0.5	0.5	0	0.5	0.5	0.5	0	0.5	0.5
Uba6	0.5	0	0	0.5	0	0.5	0.5	0.5	0.5	0.5	0.5
Uba7	-0.5	0	0	0	0	-0.5	-0.5	-0.5	0	0	-0.5
Ube2g1	0.5	0	0.5	0.5	0	0.5	0.5	0.5	0	0.5	0.5
Ube2q2	0.5	0	0	0	0	0.5	0.5	0	0	0	0.5
Ube2w	0.5	0	0	0	0	0.5	0.5	0.5	0	0.5	0.5
Ube2z	0.5	0	0	0.5	0	0.5	0	0	0	0.5	0.5
Ublcp1	-0.5	0	0	0	0	-0.5	0	0	0	0	0
Ubr1	0.5	0	0.5	0	0	0.5	0.5	0.5	0	0	0
Ubtd2	0.5	0	0	0	0	0.5	0.5	0.5	0.5	0.5	0.5
Ubxn7	0.5	0	0	0.5	0	0.5	0	0	0.5	0	0.5
Uck2	0	0	0	0.5	0	0.5	0.5	0.5	0	0	0
Uevld	-0.5	0	0	0	0	-0.5	-0.5	-0.5	0	0	0
Ugcg	0.5	0	0	0	0	0.5	0.5	0.5	0	0	0.5
Ugdh	0.5	0	0	0	0	0.5	0	0.5	0	0	0.5
Uhrf1bp1	-0.5	0	0	0	0	-0.5	-0.5	-0.5	0	0	-0.5
Uimc1	-0.5	0	0	0	0	-0.5	-0.5	-0.5	0	0	-0.5
Ulk1	0.5	0	0	0	0	0.5	0.5	0.5	0	0	0.5
Unc119	-0.5	0	0	0	0	-0.5	-0.5	-0.5	0	0	-0.5
Unc13d	-0.5	0	0	0	0	-0.5	-0.5	-0.5	0	0	-0.5
Unc5b	0.5	0	0	0	0	0.5	0.5	0.5	0	0	0.5
Unc80	0.5	0	0	0.5	0	0.5	0.5	0.5	0	0	0.5
Ung	-0.5	0	0	0	0	-0.5	-0.5	-0.5	0	0	-0.5
Upk1b	0	0	0	0	0	0	0	-0.5	0	0	-0.5
Uqcrb	0	0	0	0.5	0	0.5	0.5	0	0	0	0
Uros	-0.5	0	0	0	0	-0.5	0	0	0	0	-0.5
Usf2	-0.5	0	0	0	0	-0.5	-0.5	-0.5	0	0	-0.5
Ushbp1	0.5	0	0	0	0	0.5	0.5	0.5	0	0.5	0.5
Usp10	0	0	0	0.5	0	0.5	0	0	0	0.5	0
Usp18	-0.5	0	0	0	0	-0.5	0	-0.5	0	0	-0.5
Usp20	0.5	0	0	0.5	0	0.5	0.5	0.5	0.5	0	0
Usp3	-0.5	0	0	0	0	-0.5	0	-0.5	0	0	0
Usp31	0.5	0	0	0.5	0	0.5	0.5	0.5	0.5	0.5	0
Usp35	0.5	0	0	0	0	0.5	0.5	0.5	0	0.5	0
Usp53	0.5	0	0	0	0	0.5	0.5	0.5	0	0.5	0
Utp14a	-0.5	0	0	0	0	-0.5	0	-0.5	0	0	0
Utp23	0.5	0	0	0.5	0	0	0.5	0.5	0	0	0
Uxs1	0.5	0	0	0.5	0	0.5	0.5	0.5	0.5	0.5	0.5
Vapa	0.5	0	0.5	0	0	0.5	0.5	0.5	0	0	0.5
Vars2	-0.5	0	0	0	0	0	0	-0.5	0	0	0
Vasn	0.5	0	0	0	0	0	0	0.5	0	0	0.5
Vat1	0.5	0	0	0.5	0	0.5	0.5	0.5	0	0.5	0.5
Vav1	-0.5	0	0	0	0	-0.5	-0.5	-0.5	0	0	-0.5
Vav2	-0.5	0	0	0	0	-0.5	-0.5	-0.5	0	0	-0.5
Vav3	0.5	0	0	0.5	0	0.5	0.5	0.5	0.5	0.5	0.5
Vcan	0.5	0	0	0.5	0	0.5	0.5	0.5	0	0.5	0.5
Vcl	0.5	0	0	0.5	0	0.5	0.5	0.5	0	0.5	0.5
Vcpip1	0	0	0	0.5	0	0.5	0.5	0	0.5	0	0.5
Vdr	0.5	0	0.5	0.5	0	0.5	0	0.5	0.5	0.5	0.5
Vezt	0.5	0	0	0	0	0.5	0	0.5	0	0.5	0
Vim	0.5	0	0	0.5	0	0.5	0.5	0.5	0	0.5	0.5
Vipr1	-0.5	0	0	0	0	-0.5	-0.5	-0.5	0	0	-0.5
Vkorc1l1	0.5	0	0.5	0.5	0	0.5	0.5	0.5	0	0	0.5
Vmac	0.5	0	0	0	0	0.5	0	0.5	0	0	0
Vps13c	-0.5	0	0	0	0	-0.5	-0.5	-0.5	0	0	-0.5
Vps18	0	0	0	0	0	-0.5	0	0	0	0	-0.5
Vps37b	-0.5	0	0	0	0	-0.5	-0.5	-0.5	0	0	-0.5
Vps37c	0.5	0	0.5	0.5	0	0.5	0.5	0.5	0	0.5	0
Vps4a	0.5	0	0.5	0	0	0.5	0	0.5	0	0	0.5
Vps53	0	0	0	0	0	0	-0.5	0	0	0	-0.5
Vps54	0.5	0	0	0	0	0.5	0.5	0	0	0.5	0
Was	-0.5	0	0	0	0	-0.5	0	-0.5	0	0	-0.5
Wdhd1	0.5	0	0	0.5	0	0.5	0	0	0	0	0.5
Wdr11	-0.5	0	0	0	0	0	-0.5	0	0	0	0
Wdr12	-0.5	0	0	0	0	-0.5	0	0	0	0	-0.5
Wdr26	0.5	0	0	0	0	0.5	0.5	0	0	0.5	0.5
Wdr37	0.5	0	0	0.5	0	0.5	0	0.5	0	0.5	0.5
Wdr41	-0.5	0	0	0	0	-0.5	0	-0.5	0	0	0
Wdr45	0.5	0	0	0	0	0.5	0.5	0.5	0.5	0	0.5
Whamm	0	0	0	0	0	0	0.5	0	0	0	0
Wipf1	-0.5	0	0	0	0	-0.5	-0.5	0	0	0	-0.5
Wipf2	0.5	0	0	0	0	0	0	0.5	0	0.5	0.5
Wipi1	0.5	0	0	0	0	0.5	0	0.5	0	0.5	0.5
Wipi2	0.5	0	0	0	0	0.5	0.5	0.5	0	0	0
Wls	-0.5	0	0	0	0	-0.5	-0.5	0	0	0	-0.5
Wnt2b	0.5	0	0	0.5	0	0.5	0.5	0.5	0	0	0
Wrnip1	0.5	0	0	0	0	0	0	0	0	0	0.5
Wsb1	0.5	0	0	0.5	0	0.5	0.5	0.5	0.5	0	0
Wsb2	-0.5	0	0	0	0	-0.5	0	-0.5	0	0	-0.5
Xbp1	0.5	0	0	0.5	0	0.5	0	0	0	0	0.5
Xpc	-0.5	0	0	0	0	-0.5	-0.5	-0.5	0	0	0
Xrcc6	-0.5	0	0	0	0	-0.5	-0.5	-0.5	0	0	0
Xrcc6bp1	-0.5	0	0	0	0	-0.5	-0.5	-0.5	0	0	0
Xylb	-0.5	0	0	0	0	-0.5	-0.5	-0.5	0	0	-0.5
Xylt1	0.5	0	0.5	0.5	0	0.5	0.5	0.5	0.5	0.5	0.5
Yes1	0	0	0	0.5	0	0	0	0	0	0	0.5
Yipf6	0	0	0	0	0	0.5	0	0	0	0.5	0.5
Yod1	0.5	0	0	0	0	0.5	0.5	0.5	0	0.5	0.5
Ypel3	0	0	0	0	0	-0.5	-0.5	0	0	0	-0.5
Ythdf2	0.5	0	0	0	0	0.5	0	0.5	0	0.5	0.5
Zbp1	-0.5	0	0	0	0	-0.5	-0.5	0	0	0	-0.5
Zbtb1	0.5	0	0.5	0.5	0	0.5	0.5	0.5	0	0.5	0.5
Zbtb10	0	0	0	0	0	0	0	0	0	0	-0.5
Zbtb12	-0.5	0	0	0	0	-0.5	-0.5	-0.5	0	0	-0.5
Zbtb16	0	0	0	0.5	0	0.5	0.5	0	0.5	0.5	0
Zbtb32	0.5	0	0.5	0.5	0	0.5	0.5	0.5	0	0.5	0.5
Zbtb33	0.5	0	0	0	0	0.5	0	0	0	0	0.5
Zbtb34	0.5	0	0.5	0.5	0	0.5	0	0.5	0	0.5	0
Zbtb39	0	0	0	0	0	0.5	0.5	0	0	0.5	0.5
Zbtb41	0	0	0.5	0	0	0.5	0.5	0	0	0.5	0
Zbtb42	0.5	0	0	0	0	0.5	0.5	0.5	0	0	0.5
Zbtb43	0	0	0	0.5	0	0	0.5	0	0.5	0	0
Zbtb49	0.5	0	0	0	0	0.5	0	0.5	0	0	0.5
Zbtb6	0.5	0	0.5	0	0	0.5	0	0.5	0	0.5	0.5
Zbtb7a	0.5	0	0.5	0	0	0.5	0.5	0.5	0	0	0.5
Zc3h10	-0.5	0	0	0	0	-0.5	0	-0.5	0	0	-0.5
Zc3h11a	0	0	0.5	0.5	0	0.5	0.5	0	0.5	0.5	0.5
Zc3h12c	-0.5	0	0	0	0	-0.5	-0.5	0	0	0	-0.5
Zc3h7a	0.5	0	0	0	0	0.5	0.5	0.5	0.5	0.5	0
Zc3h7b	-0.5	0	0	0	0	0	-0.5	0	0	0	0
Zcchc10	0.5	0	0	0	0	0.5	0	0.5	0	0	0
Zcchc11	0.5	0	0.5	0.5	0	0.5	0.5	0	0	0	0.5
Zcchc14	0.5	0	0	0	0	0.5	0.5	0	0	0	0
Zcchc24	0.5	0	0	0.5	0	0.5	0.5	0.5	0	0	0.5
Zcchc3	0.5	0	0	0	0	0.5	0	0.5	0	0	0.5
Zcchc4	-0.5	0	0	0	0	-0.5	-0.5	-0.5	0	0	-0.5
Zdhhc20	0.5	0	0	0.5	0	0.5	0.5	0.5	0.5	0	0.5
Zdhhc9	0	0	0	0	0	0	0.5	0	0	0	0.5
Zfhx3	-0.5	0	0	0	0	-0.5	-0.5	-0.5	0	0	-0.5
Zfp112	0	0	0	0	0	0	0.5	0	0	0	0
Zfp142	0.5	0	0.5	0	0	0.5	0.5	0	0.5	0.5	0.5
Zfp160	0.5	0	0	0	0	0.5	0	0	0	0	0
Zfp180	0	0	0	0	0	0.5	0.5	0.5	0	0.5	0
Zfp184	0	0	0	0	0	-0.5	-0.5	0	0	0	-0.5
Zfp191	0	0	0.5	0	0	0.5	0	0	0	0	0.5
Zfp217	0.5	0	0.5	0	0	0.5	0.5	0.5	0	0.5	0.5
Zfp26	0	0	0	0	0	0.5	0.5	0	0	0	0.5
Zfp260	0.5	0	0	0	0	0	0.5	0.5	0	0	0
Zfp263	0.5	0	0	0	0	0.5	0	0.5	0	0	0
Zfp27	0	0	0	0	0	0.5	0.5	0	0	0	0.5
Zfp273	0	0	0.5	0	0	0	0.5	0	0	0	0
Zfp28	0	0	0	0.5	0	0.5	0	0	0	0	0
Zfp280c	0	0	0.5	0	0	0	0	0	0	0	0.5
Zfp282	0.5	0	0	0	0	0.5	0.5	0.5	0	0.5	0
Zfp292	0	0	0	0	0	0.5	0	0	0	0	0.5
Zfp318	0.5	0	0.5	0	0	0.5	0	0.5	0	0	0.5
Zfp319	0.5	0	0	0	0	0.5	0.5	0.5	0	0	0.5
Zfp322a	0.5	0	0	0	0	0	0	0.5	0	0	0
Zfp35	0	0	0	0	0	0	0	0	0	0	0.5
Zfp36l1	0	0	0	0	0	-0.5	0	0	0	0	-0.5
Zfp36l2	-0.5	0	0	0	0	-0.5	-0.5	-0.5	0	0	-0.5
Zfp382	0.5	0	0	0	0	0.5	0.5	0.5	0	0	0
Zfp385a	-0.5	0	0	0	0	-0.5	-0.5	-0.5	0	0	-0.5
Zfp398	0.5	0	0	0.5	0	0.5	0.5	0.5	0	0.5	0.5
Zfp40	0.5	0	0	0	0	0.5	0	0	0	0	0
Zfp420	0.5	0	0	0	0	0	0	0	0	0	0
Zfp423	0	0	0	0	0	0	0.5	0	0	0	0
Zfp429	0	0	0	0	0	0	0.5	0	0	0	0
Zfp451	0.5	0	0	0.5	0	0.5	0	0	0	0	0.5
Zfp455	0.5	0	0	0	0	0	0	0	0	0	0
Zfp456	0.5	0	0	0	0	0	0.5	0	0	0	0
Zfp46	0	0	0	0.5	0	0.5	0	0.5	0	0	0
Zfp467	-0.5	0	0	0	0	-0.5	0	-0.5	0	0	-0.5
Zfp503	-0.5	0	0	0	0	-0.5	-0.5	-0.5	0	0	-0.5
Zfp516	0.5	0	0	0.5	0	0.5	0.5	0.5	0	0.5	0.5
Zfp52	0.5	1.0	0	0	1.0	0.5	0.5	0.5	0.5	0.5	0.5
Zfp521	-0.5	0	0	0	0	-0.5	-0.5	-0.5	0	0	-0.5
Zfp553	0.5	0	0.5	0.5	0	0.5	0.5	0.5	0	0.5	0.5
Zfp558	0.5	0	0.5	0	0	0.5	0	0.5	0	0	0.5
Zfp568	0	0	0	0	0	0.5	0.5	0	0	0.5	0
Zfp574	0	0	0	0	0	0.5	0.5	0.5	0	0	0.5
Zfp58	0	0	0	0.5	0	0	0.5	0	0	0.5	0.5
Zfp595	0	0	0	0	0	0	0.5	0	0	0	0.5
Zfp608	-0.5	0	0	0	0	-0.5	-0.5	-0.5	0	0	-0.5
Zfp61	0.5	0	0.5	0	0	0.5	0	0.5	0	0.5	0
Zfp64	0.5	0	0	0	0	0.5	0.5	0.5	0	0.5	0
Zfp651	0.5	0	0	0	0	0.5	0.5	0.5	0	0.5	0
Zfp658	-0.5	0	0	0	0	-0.5	0	-0.5	0	0	-0.5
Zfp672	0.5	0	0.5	0	0	0.5	0.5	0.5	0	0	0
Zfp7	0.5	0	0.5	0.5	0	0.5	0.5	0.5	0.5	0.5	0
Zfp704	0.5	0	0	0.5	0	0.5	0.5	0.5	0.5	0	0.5
Zfp708	0.5	0	0	0.5	0	0.5	0.5	0.5	0	0.5	0.5
Zfp710	0.5	0	0	0.5	0	0.5	0.5	0.5	0	0.5	0.5
Zfp715	0.5	0	0	0	0	0	0	0	0	0	0
Zfp719	0	0	0	0	0	0	0	-0.5	0	0	0
Zfp738	0	0	0	0	0	0	0.5	0	0	0	0
Zfp748	0	0	0	0	0	0	0.5	0	0	0	0
Zfp764	0.5	0	0	0	0	0.5	0.5	0.5	0	0	0
Zfp768	0.5	0	0	0	0	0.5	0	0.5	0	0.5	0.5
Zfp777	0	0	0	0	0	0.5	0	0	0	0	0.5
Zfp780b	0.5	0	0	0	0	0	0	0.5	0	0.5	0
Zfp790	0	0	0	0	0	0	0.5	0	0	0	0
Zfp800	0.5	0	0	0.5	0	0.5	0.5	0.5	0.5	0.5	0.5
Zfp821	0.5	0	0.5	0	0	0.5	0	0.5	0	0.5	0.5
Zfp825	0	0	0	0	0	0	0.5	0	0	0	0.5
Zfp830	0	0	0	0	0	0.5	0.5	0	0	0	0
Zfp831	0	0	0	0	0	0	-0.5	0	0	0	0
Zfp84	0	0	0	0	0	0	0.5	0	0	0	0
Zfp867	0.5	0	0	0	0	0.5	0	0.5	0	0	0
Zfp91	0.5	0	0.5	0.5	0	0.5	0.5	0.5	0	0	0.5
Zfp933	0.5	0	0	0	0	0	0.5	0	0	0	0.5
Zfp948	0.5	0	0	0	0	0	0.5	0.5	0.5	0	0
Zfp949	0	0	0	0	0	0	0.5	0	0	0	0
Zfp951	0	0	0	0	0	0	0	0.5	0	0	0.5
Zfp953	0	0	0	0	0	0	0.5	0	0	0	0.5
Zfyve20	0.5	0	0	0	0	0.5	0	0	0	0	0
Zfyve26	0	0	0	0	0	0	0	-0.5	0	0	0
Zfyve27	0	0	0	0	0	-0.5	-0.5	0	0	0	0
Zfyve28	0	0	0	0	0	-0.5	0	0	0	0	-0.5
Zhx2	0	0	0.5	0	0	0.5	0.5	0.5	0	0	0.5
Zkscan14	0	0	0	0	0	-0.5	-0.5	0	0	0	-0.5
Zkscan5	0	0	0	0	0	-0.5	-0.5	0	0	0	-0.5
Zkscan6	-0.5	0	0	0	0	-0.5	-0.5	-0.5	0	0	-0.5
Zmym1	0.5	0	0.5	0.5	0	0.5	0.5	0.5	0.5	0	0
Zmym2	0.5	0	0	0.5	0	0.5	0.5	0.5	0	0	0.5
Zmym3	-0.5	0	0	0	0	-0.5	0	0	0	0	-0.5
Zmym5	0.5	0	0	0.5	0	0.5	0.5	0.5	0.5	0.5	0.5
Zmynd15	0.5	0	0	0.5	0	0.5	0.5	0.5	0.5	0	0.5
Zmynd8	-0.5	0	0	0	0	-0.5	-0.5	0	0	0	-0.5
Znhit1	-0.5	0	0	0	0	-0.5	-0.5	0	0	0	-0.5
Znrf1	-0.5	0	0	0	0	-0.5	-0.5	0	0	0	-0.5
Znrf3	0.5	0	0	0	0	0.5	0.5	0.5	0	0.5	0.5
Zranb2	-0.5	0	0	0	0	-0.5	0	-0.5	0	0	-0.5
Zscan29	0.5	0	0	0	0	0.5	0.5	0	0	0.5	0
Zswim6	0.5	0	0.5	0.5	0	0.5	0.5	0.5	0	0.5	0.5
Zyg11b	0.5	0	0	0	0	0.5	0	0.5	0.5	0	0.5
